seed,x_cells,y_cells,area_cells,solute_mass
0,8.2993,1021.8146,105,8.521103
0,46.2645,1.0870,85,6.345583
0,62.0825,2.8065,52,3.124902
0,77.4670,1023.1486,52,3.114085
0,98.7013,1016.3947,171,13.756653
0,118.0151,1023.1390,102,8.160866
0,192.6162,8.8219,315,25.167299
0,249.9673,1019.4523,161,11.998570
0,269.4281,3.9094,98,7.324931
0,324.2946,1020.1587,143,12.694722
0,344.3165,0.3882,12,0.215884
0,379.5853,1020.6593,143,8.723316
0,394.9384,5.2624,103,6.521974
0,413.6274,1.0917,103,8.008176
0,428.8686,1020.7032,51,2.875234
0,446.8962,1019.5189,100,7.602203
0,471.6510,0.2199,134,11.910397
0,510.0339,1020.3052,176,13.832614
0,529.4337,4.4191,102,7.930529
0,551.8627,1019.6608,181,15.017840
0,573.1650,1023.4935,73,5.063204
0,591.8261,1022.7956,110,9.102677
0,761.8351,2.3926,135,11.956322
0,796.7692,1020.1107,168,13.708393
0,820.4622,1019.5799,87,6.736451
0,856.4930,1022.1939,89,6.777106
0,883.0613,0.9537,70,4.852546
0,932.3634,1018.2510,112,9.159090
0,975.2150,1021.1819,156,14.801786
0,1011.0612,4.7979,116,9.796410
0,24.5084,7.0782,81,6.038869
0,835.8745,8.4455,131,11.282473
0,149.7271,11.1081,165,14.651509
0,653.4332,8.4580,97,7.817247
0,915.6184,8.2372,108,8.550982
0,489.3147,9.1327,87,6.222336
0,606.2143,8.8893,106,8.698779
0,674.5960,8.2928,66,4.283283
0,989.9095,8.0806,65,4.178683
0,214.9607,8.6539,55,3.265069
0,623.1109,8.2118,50,2.939431
0,287.7788,10.7217,83,6.086962
0,306.2684,11.4577,104,8.371525
0,451.3660,9.9968,60,3.807920
0,712.3315,11.7350,122,10.173121
0,233.3861,12.1456,116,9.495625
0,348.5903,10.4571,39,1.812560
0,638.4610,10.2073,37,1.831569
0,170.7459,11.7278,54,3.198160
0,335.0817,10.0194,21,0.793123
0,433.3848,13.0164,101,7.881923
0,807.2659,17.7706,119,6.835214
0,896.8203,14.9742,154,14.170327
0,129.9867,13.3811,65,4.369283
0,365.8317,15.1603,172,12.040728
0,689.7519,14.2405,94,7.170632
0,953.7511,13.9865,184,12.949730
0,87.4724,15.5834,121,10.595604
0,571.6111,14.9520,104,8.037127
0,8.8840,13.9822,46,2.746720
0,730.6782,15.2643,64,3.869506
0,932.6174,14.3772,36,1.816359
0,46.7225,17.1253,80,5.947098
0,853.9960,15.8439,46,2.656609
0,66.0286,24.6565,201,15.734951
0,103.1109,14.8588,22,0.868538
0,744.3200,18.0460,93,6.818223
0,785.4752,20.2948,172,15.931329
0,555.8410,17.9271,65,4.164774
0,407.5390,23.3458,179,16.188567
0,1001.4943,19.9341,99,7.593975
0,324.1714,20.7320,103,8.214686
0,267.3843,21.5213,133,10.954000
0,461.9470,21.8820,106,8.299426
0,480.7987,19.2346,30,1.282850
0,538.2311,22.6315,136,12.137852
0,664.9965,22.3501,98,7.566645
0,342.8723,20.4269,18,0.526905
0,762.8928,23.0639,111,9.294418
0,869.7095,26.8652,193,17.851143
0,115.5551,23.5141,88,6.694492
0,626.9880,25.0799,137,11.713861
0,979.1608,23.9090,77,5.553649
0,33.5513,23.6117,52,3.172404
0,179.2330,21.7129,11,0.203343
0,824.4503,24.1236,65,4.325586
0,501.0159,26.7803,150,13.371754
0,919.7490,25.5272,69,4.714670
0,164.8615,26.3380,87,6.320065
0,247.6496,29.3290,142,12.522610
0,601.4599,30.4841,194,13.637993
0,841.4132,26.2783,54,3.157818
0,1019.9551,31.7487,166,14.058408
0,217.7635,31.7509,156,12.251177
0,309.1246,26.9449,26,1.165806
0,520.2579,27.9251,66,4.343208
0,581.4065,26.9751,43,2.074909
0,937.6092,29.1146,82,5.740708
0,137.0858,31.0920,131,11.158535
0,388.1156,28.0578,47,2.724582
0,650.1975,30.4450,99,5.047733
0,681.5122,28.4482,36,1.897056
0,710.5001,30.9394,129,10.912269
0,289.1046,31.9995,134,11.352407
0,17.7110,33.5741,152,13.856139
0,438.7803,32.8936,148,13.371473
0,961.2707,34.2365,151,13.621526
0,102.9406,34.1051,92,6.900051
0,188.3098,33.5371,87,6.600714
0,338.8008,35.6185,141,12.157494
0,475.6087,35.0230,100,7.714116
0,555.1265,33.6543,61,3.832634
0,889.0663,35.1422,80,5.907858
0,1001.4466,33.9549,39,1.841190
0,694.8586,34.0670,52,2.984257
0,732.8084,37.8876,152,13.592078
0,86.4278,36.3329,75,5.324429
0,375.0670,36.6806,67,4.529383
0,855.1064,45.1218,137,8.450501
0,44.0117,41.9177,186,13.405132
0,829.9492,37.9371,69,4.781359
0,910.3116,39.8325,123,10.248711
0,790.2033,44.1407,253,21.026293
0,986.8510,38.1263,53,3.255772
0,307.6511,41.6229,116,6.480172
0,360.1067,40.8330,81,5.748526
0,569.9072,41.2336,109,8.935301
0,123.6602,39.6703,28,1.061029
0,153.8194,45.2431,181,14.494528
0,231.9612,40.9960,61,3.654740
0,770.0580,38.8112,14,0.330979
0,527.4344,43.2910,95,7.581443
0,642.5048,48.0639,174,13.751063
0,753.2650,44.6661,164,14.859654
0,270.0662,43.6857,90,6.965960
0,422.5047,46.8720,130,9.404207
0,588.0074,41.2208,30,1.252412
0,930.1156,42.8002,63,3.858304
0,454.7697,45.3288,96,7.566891
0,391.9235,46.5103,104,8.325331
0,686.7033,47.4383,131,11.274961
0,490.3888,47.5222,111,8.925389
0,548.5276,46.3272,58,3.719142
0,508.2378,47.2842,82,6.011614
0,667.4148,49.0380,121,9.645127
0,814.3288,45.7075,35,1.641013
0,619.3944,52.5319,151,12.705006
0,71.4919,50.8479,130,11.191563
0,325.5461,49.9687,84,6.340515
0,182.2962,51.6897,195,16.576230
0,206.6070,50.7961,80,5.637419
0,717.4358,51.0631,100,7.827935
0,977.2160,50.0078,70,5.005211
0,111.6828,52.8507,110,9.004581
0,249.4617,54.8881,177,15.388295
0,283.6031,50.2552,59,3.814328
0,833.2536,53.4216,126,8.148599
0,875.8767,53.4930,137,12.080103
0,93.0643,51.4501,58,3.729621
0,471.3574,52.7027,71,4.860047
0,997.5817,54.4945,159,14.272120
0,15.5926,52.7588,70,4.602358
0,407.2269,54.3187,96,7.238402
0,942.7097,54.2037,101,8.240991
0,130.3242,54.2628,81,5.925717
0,349.3265,55.9768,115,9.228548
0,924.5745,53.8445,41,1.888274
0,1021.0138,55.2705,108,8.887453
0,372.8690,56.3156,126,10.763696
0,597.4787,56.0827,105,8.534030
0,896.5868,56.0619,105,8.589019
0,962.9293,55.2362,78,5.488847
0,222.7604,58.0683,123,10.466522
0,440.8785,55.4399,57,3.329824
0,579.9563,56.4709,78,5.575046
0,34.7802,55.1739,11,0.219618
0,534.3181,59.1086,97,7.490513
0,311.9282,59.2039,64,3.888314
0,801.6797,57.4296,33,1.612803
0,560.6054,61.4774,129,11.416447
0,910.6362,57.6966,21,0.713911
0,703.8359,61.5308,88,6.729561
0,271.2270,62.4536,76,5.318057
0,294.0175,66.0755,155,12.432859
0,814.5887,62.1310,74,4.930957
0,743.7162,64.7092,111,8.973229
0,773.3360,64.0599,93,7.057787
0,82.9492,63.2170,34,1.510320
0,511.2398,65.0761,112,9.349820
0,659.3576,63.2557,35,1.702201
0,23.1086,65.2364,64,4.007317
0,158.7502,66.5239,108,8.644432
0,44.4289,67.6414,119,9.649021
0,337.2212,65.5981,60,3.943407
0,393.1868,67.5757,105,8.326531
0,455.1650,68.6236,131,10.937421
0,97.4546,66.8214,58,3.683103
0,478.7061,67.9167,107,8.939266
0,494.9485,65.7364,26,1.076316
0,849.8421,69.5716,122,10.307047
0,118.8368,67.1642,49,2.771585
0,424.1844,69.5364,101,8.078358
0,724.1003,70.7339,130,10.564379
0,923.0429,70.0354,123,10.190039
0,237.0131,67.7186,41,2.027069
0,545.5495,68.5123,41,2.054382
0,685.1237,69.9927,99,7.762773
0,791.8818,68.7024,71,4.902779
0,138.0931,73.0646,135,11.118316
0,642.7041,71.9716,133,11.612834
0,7.9158,71.7848,78,5.720905
0,320.8649,71.4391,85,5.873009
0,869.6852,70.7671,54,3.340541
0,885.0715,70.3203,57,3.412256
0,969.5128,72.7081,188,13.241145
0,1010.9659,70.8903,69,4.712011
0,183.8078,73.4483,153,13.358939
0,609.0067,72.6470,78,5.356415
0,831.0460,71.4558,58,3.656375
0,590.0236,76.1278,138,11.331984
0,623.1663,72.8683,68,4.627166
0,944.3486,80.4009,171,12.586789
0,363.6818,75.6289,129,10.869850
0,991.2606,72.6115,36,1.797859
0,65.0216,75.1712,146,10.403661
0,259.6807,76.4425,104,8.171778
0,530.8616,78.9013,134,8.175827
0,204.5239,77.1333,86,6.302994
0,700.6960,76.6578,68,4.546002
0,664.7238,82.9107,189,13.667985
0,760.0386,79.8033,145,13.031515
0,406.9633,78.8150,73,5.379387
0,109.7010,78.4056,46,2.390744
0,439.9624,82.1233,131,11.299218
0,894.1070,81.2487,91,6.656066
0,90.4909,86.9938,191,16.306897
0,234.1989,80.8542,48,2.626268
0,495.4059,80.6394,56,3.614620
0,817.9917,81.8335,91,6.588744
0,32.8147,83.0738,109,9.099425
0,568.5080,82.8928,94,7.399213
0,219.9032,84.7311,108,8.786302
0,274.3114,82.8775,51,3.002152
0,338.8887,84.5968,127,11.080052
0,385.9210,84.1526,97,7.605141
0,777.6326,83.5342,73,4.826120
0,910.8846,84.2878,97,7.542343
0,160.4106,84.0488,70,4.733068
0,860.9037,85.3525,102,8.119903
0,298.8477,87.2883,168,14.309291
0,740.9561,86.8113,110,9.389762
0,997.4987,86.0866,85,6.203135
0,13.0227,87.4488,99,7.514924
0,513.7444,89.4961,138,10.707596
0,549.7911,86.2528,89,6.687438
0,838.8113,87.2325,86,6.437769
0,1015.5932,87.0422,106,8.826493
0,247.4859,87.8003,94,6.988889
0,468.9432,87.2813,165,12.089936
0,797.2061,88.6050,146,12.708544
0,121.0330,88.4128,91,7.011745
0,628.8230,91.9484,180,13.116404
0,419.4070,90.1507,116,9.576774
0,928.1521,88.1966,42,2.400168
0,143.5973,90.0113,61,4.050819
0,709.6996,90.8903,83,5.620866
0,53.0191,91.5147,62,4.206575
0,71.2573,91.7435,81,5.975933
0,684.4560,92.9788,131,11.282172
0,962.8461,92.8620,75,5.298320
0,980.0726,92.6791,92,6.911920
0,177.7055,94.4199,124,10.568801
0,581.0392,92.8837,66,4.187316
0,884.5207,92.9679,57,3.639641
0,324.8348,96.9901,158,13.385574
0,356.8095,95.7828,116,9.797579
0,604.8204,95.4783,100,8.056014
0,200.1155,98.2785,143,12.746201
0,374.0989,95.0771,37,1.870030
0,725.2691,97.3953,97,7.815285
0,276.3506,98.0085,113,9.577219
0,490.5702,98.4884,94,7.707565
0,647.9934,97.1669,37,1.661453
0,818.9644,100.0759,97,7.646943
0,24.8183,100.7439,88,6.487732
0,398.0188,102.4143,138,12.238177
0,559.4208,101.9663,131,11.054213
0,752.9381,99.1556,47,2.837127
0,106.1818,101.2425,83,6.343443
0,699.0557,99.8080,42,2.337602
0,783.0809,102.6925,105,8.412763
0,871.5948,101.2341,81,5.947721
0,129.9074,104.1205,128,10.765184
0,437.0568,102.7939,94,7.066339
0,949.7874,99.8240,13,0.324876
0,42.3197,102.7897,67,4.327971
0,156.2068,105.3327,166,14.808555
0,219.1011,102.7913,65,4.325784
0,251.6267,103.4893,69,4.511157
0,453.1826,103.7434,79,5.704078
0,529.7624,104.5386,124,10.412722
0,840.8934,104.8541,131,11.079716
0,857.4253,100.6411,17,0.544237
0,895.7662,107.8092,143,11.649937
0,915.1026,105.4283,114,9.643850
0,933.3668,104.4748,86,6.498944
0,1002.3254,106.9869,123,10.266340
0,473.2614,106.7084,82,6.006112
0,591.8534,117.4301,222,16.820070
0,0.0483,108.5358,135,11.014664
0,58.4272,107.1640,58,3.760540
0,235.2637,108.5328,98,7.441910
0,308.4771,108.4613,112,8.838357
0,666.5602,107.9353,90,6.967933
0,505.0881,109.6451,105,8.620298
0,346.1676,107.3279,35,1.607820
0,376.9845,111.1379,129,10.975430
0,801.9327,107.2950,24,0.874917
0,633.2501,109.9450,63,3.949402
0,984.4453,110.7908,100,7.900678
0,182.9119,111.6831,78,5.335368
0,647.9302,111.2443,70,4.797714
0,740.5883,117.5514,183,14.887532
0,766.4242,115.5326,183,17.264554
0,958.6117,112.4903,119,10.118364
0,73.4758,112.8629,92,7.159447
0,419.7314,114.3893,149,13.079779
0,573.7544,113.4583,72,4.958847
0,614.0126,114.0468,97,7.598706
0,265.8810,115.0463,109,9.142006
0,288.8241,116.2425,118,9.657298
0,686.2390,115.0108,94,7.054869
0,718.7323,115.2723,96,7.565331
0,542.6282,113.6344,37,1.914451
0,90.8050,119.6911,160,14.133683
0,111.4640,117.1666,91,6.970209
0,17.9593,118.2952,129,11.026333
0,328.0665,118.8322,133,11.399791
0,702.5637,117.1441,81,6.108282
0,812.4732,118.6658,85,6.279618
0,828.9663,118.4922,73,4.800736
0,860.6878,119.4732,113,8.993107
0,880.0411,118.8177,97,7.382870
0,43.7081,118.6142,63,3.936671
0,139.4706,116.1829,14,0.336812
0,217.5276,120.6050,121,10.754281
0,361.6832,120.3636,98,7.098916
0,486.1942,119.6771,84,6.261665
0,796.6674,126.7975,165,11.069727
0,197.4776,121.9875,108,9.050248
0,399.3466,119.6082,32,1.443185
0,445.4218,123.7431,124,10.218001
0,464.9395,122.5302,109,8.837946
0,557.1112,123.2227,100,7.884220
0,516.5527,124.9840,119,9.927148
0,941.9042,123.8357,101,8.174543
0,248.6744,126.4854,136,11.866496
0,660.7134,124.8921,101,8.055421
0,909.7625,123.4813,44,2.334399
0,1009.3024,124.7697,82,5.990957
0,924.9504,125.4130,88,6.838365
0,59.6969,130.1983,160,13.860040
0,151.6820,125.5089,46,2.331412
0,303.5571,125.8221,60,4.094708
0,977.8182,127.1206,94,7.255228
0,536.7593,127.9388,93,7.127011
0,174.7113,129.6259,128,10.400701
0,642.7050,128.9167,89,6.648339
0,134.6582,130.6637,101,7.999459
0,347.7265,131.5474,148,13.178665
0,407.9051,129.6315,48,2.736337
0,844.3462,131.9554,120,10.246258
0,274.0506,131.9013,92,6.871405
0,383.6908,134.9641,189,13.120243
0,625.2145,130.5410,66,4.543689
0,683.4598,130.5239,61,3.954188
0,960.0898,131.6066,79,5.744394
0,576.3175,130.9345,41,2.215769
0,609.8503,132.8061,108,8.566839
0,29.6215,133.0829,77,4.184976
0,429.5065,132.7725,61,4.174815
0,495.4679,134.3179,100,7.984633
0,114.8934,135.4216,120,10.100553
0,779.9002,134.5550,88,6.701752
0,757.3082,133.9515,47,2.772623
0,6.6748,137.9863,164,13.566969
0,230.7165,137.9375,133,11.676131
0,704.0577,138.1379,139,12.214770
0,822.2538,139.2541,123,9.335294
0,321.5773,141.3867,161,13.179605
0,869.4429,140.1387,175,12.132627
0,905.7595,138.4004,115,9.200927
0,995.3851,137.5855,127,9.483127
0,76.5056,142.8978,157,10.205095
0,476.8325,138.9017,108,8.416952
0,562.3586,138.1876,65,4.296350
0,737.2285,139.5175,109,8.763972
0,671.0261,140.6218,106,8.665747
0,292.4448,141.5695,144,12.364046
0,99.2831,141.1832,56,3.491791
0,161.5576,141.0680,59,3.817856
0,202.9327,142.2906,145,11.172413
0,259.0301,142.1173,60,3.783662
0,511.7277,141.9265,64,4.145640
0,416.5048,143.8577,104,8.187874
0,361.8473,145.1069,88,6.409215
0,439.9575,143.5986,59,3.824301
0,719.8792,143.3453,52,3.096350
0,937.0598,144.8061,102,8.022663
0,40.9174,145.7394,90,6.629121
0,143.3160,147.3028,152,13.860508
0,181.1934,144.4666,45,2.348715
0,579.4519,146.4815,110,8.813764
0,634.5822,144.9754,78,5.415331
0,397.9862,147.7977,93,7.253081
0,528.3233,150.8648,170,15.064130
0,546.7552,147.2422,80,5.871163
0,803.0626,148.2385,91,6.588170
0,890.9691,147.6465,76,5.429505
0,953.2373,146.8114,67,4.468430
0,975.9211,149.1892,141,12.111602
0,756.0087,149.6457,108,8.849828
0,921.8077,148.5041,78,5.253347
0,1016.5512,155.5511,207,15.513690
0,650.3719,149.4132,80,5.828615
0,691.7777,154.8781,129,7.794816
0,245.1331,148.9075,37,1.798786
0,453.9421,151.2096,115,9.227276
0,597.8933,151.8316,105,8.623663
0,777.8140,151.6422,108,8.605941
0,838.4746,149.3325,52,3.030529
0,24.9976,150.1506,51,3.163675
0,273.2285,150.9264,56,3.435964
0,616.8303,151.0568,50,2.957047
0,56.8806,154.0146,69,4.922198
0,91.0276,154.8138,89,6.727058
0,493.4842,153.7840,57,3.507388
0,124.7589,156.5324,90,7.183140
0,187.3435,155.6802,48,2.576455
0,302.9987,155.7920,67,4.552345
0,333.2646,156.1529,80,5.760444
0,374.4195,154.0930,23,0.761230
0,851.9916,157.8238,121,10.161967
0,164.3175,159.9388,152,13.046657
0,725.9102,157.2794,65,4.286065
0,259.1057,157.7577,51,3.024214
0,477.8798,158.6023,88,6.377322
0,508.1074,157.0803,38,1.811437
0,876.1927,158.5103,91,7.194581
0,997.0449,164.3849,176,13.226826
0,435.4721,158.4522,54,3.528968
0,563.2293,162.7436,155,13.829588
0,825.6242,160.4630,117,9.690201
0,221.2828,160.9524,98,7.287705
0,354.2494,161.4563,135,11.066155
0,666.2384,161.2817,107,8.684157
0,742.6325,160.4051,71,4.678855
0,12.1721,161.6672,85,6.367594
0,109.2257,162.6563,98,7.499696
0,202.6819,162.7647,109,8.619404
0,420.5862,161.4175,79,5.612331
0,790.9640,158.1166,9,0.189639
0,315.7230,161.8556,62,3.946641
0,629.5873,162.6509,86,6.647335
0,804.3696,163.0678,77,5.242072
0,911.6190,162.5232,76,5.410995
0,954.0700,163.4805,107,8.757267
0,242.0785,167.2980,174,13.118680
0,386.9295,163.9847,93,6.661121
0,31.6426,165.6813,98,7.482807
0,464.9375,163.1084,47,2.432640
0,610.1320,166.1581,90,6.627790
0,931.6402,167.5231,136,12.111242
0,767.0506,166.0034,69,4.979069
0,971.2486,164.7624,24,0.941249
0,274.8095,169.6058,166,14.909464
0,586.2819,168.2427,117,9.778808
0,892.9923,169.5454,149,13.467557
0,545.2409,169.0991,96,7.679819
0,647.7722,171.1935,142,12.382352
0,705.4405,169.5168,96,7.390521
0,64.9069,169.8730,96,7.723093
0,404.7892,170.1673,100,7.869469
0,495.2239,169.8575,99,7.283093
0,47.1852,170.4389,76,5.337749
0,521.1237,172.4086,122,8.193386
0,138.7823,172.8934,156,13.829550
0,729.8673,171.8470,74,5.395069
0,177.5461,173.0669,105,8.562817
0,296.9612,172.4584,96,7.706321
0,375.0020,172.7315,79,5.476953
0,783.6022,173.1912,106,8.457135
0,339.1211,175.6071,145,12.682237
0,437.5955,172.9796,60,3.620998
0,88.3693,175.4611,119,10.164027
0,864.6671,177.4198,133,10.337495
0,983.1378,175.2973,92,6.700345
0,453.7104,175.4395,87,6.758815
0,749.5232,176.3849,89,6.713816
0,314.6097,175.6533,52,3.242377
0,678.5404,173.5623,17,0.552712
0,845.3862,177.6620,101,8.167425
0,469.3643,179.7655,68,3.236773
0,690.4637,179.0111,93,7.016708
0,909.6597,177.7839,49,2.850542
0,109.0136,180.3325,106,8.406640
0,824.4990,179.7624,89,7.106979
0,962.7890,179.2233,80,5.617710
0,19.2319,180.9171,123,10.106553
0,420.4429,180.4677,88,7.123083
0,212.9214,182.3008,154,14.143582
0,487.3080,181.0874,47,2.531838
0,627.1195,181.8231,94,7.242280
0,807.0183,182.4383,99,7.602082
0,257.8739,182.2977,65,4.178664
0,359.6079,183.0980,102,8.293109
0,942.8664,186.6969,135,9.977062
0,157.9706,183.4302,89,6.904254
0,664.6884,184.2543,137,11.620127
0,711.3773,183.1257,53,3.197178
0,1017.7839,184.2534,110,8.622889
0,190.6511,184.7756,90,7.053349
0,511.0371,186.7126,127,10.017215
0,539.3768,185.7449,75,5.283474
0,560.4201,191.8328,185,13.925476
0,591.1606,184.1330,43,2.419733
0,608.5652,186.2060,116,9.614429
0,767.6142,187.0700,139,11.963780
0,55.1824,187.1095,92,6.706991
0,122.6981,185.4801,44,2.207564
0,727.0164,187.5663,102,7.896000
0,74.4551,188.2689,90,7.023267
0,438.0457,186.0312,28,1.247689
0,233.5927,188.7890,94,7.388216
0,403.6662,190.9055,113,9.235436
0,789.6275,189.0749,57,3.488830
0,273.2830,192.6006,112,8.433644
0,376.5110,190.5766,89,7.217593
0,884.3377,190.2032,142,10.721114
0,914.5866,192.8990,160,12.281171
0,1002.1344,190.4329,75,5.241840
0,292.9387,192.7113,123,10.551186
0,321.2083,191.8652,221,16.950922
0,38.9012,197.9343,175,13.524703
0,576.6803,192.6427,88,6.659064
0,838.1823,190.9266,41,2.185132
0,135.8040,194.4416,118,9.447559
0,639.2285,193.8723,112,8.942989
0,478.8294,194.0166,73,4.933435
0,746.1642,194.3776,87,5.190671
0,89.7881,194.2436,48,2.727239
0,177.9365,198.7665,166,13.618112
0,453.6700,196.0677,108,8.891766
0,496.0473,195.0211,37,1.882463
0,15.5935,197.4109,70,4.493935
0,105.2463,196.3296,57,3.623073
0,248.3198,197.9885,95,7.346179
0,960.8924,197.6623,97,7.426464
0,980.4734,199.3797,126,10.451991
0,431.8441,202.3371,165,13.539145
0,687.1721,199.4635,116,9.312183
0,825.2059,199.2437,97,7.433172
0,866.6576,198.3891,74,5.113266
0,153.0952,200.0334,80,5.909249
0,528.6973,198.6999,46,2.441944
0,593.2217,200.2996,88,6.661755
0,708.6637,200.3492,116,9.574544
0,807.4211,198.3265,44,2.250057
0,929.9998,200.9183,51,3.139372
0,219.0720,206.2241,218,18.811515
0,390.4419,203.4486,90,7.261741
0,1017.8370,201.4402,58,3.499177
0,468.4917,201.7350,28,1.023493
0,542.6786,205.5420,120,10.054600
0,609.7231,203.2843,54,3.409453
0,663.0207,205.4029,99,7.719919
0,793.3749,204.9671,104,8.055646
0,62.2242,207.1234,148,13.289002
0,356.3004,205.4474,88,6.635901
0,757.2456,203.3976,23,0.818110
0,848.1926,207.0097,155,13.990719
0,511.2603,208.5485,135,11.606501
0,197.8329,206.3619,41,2.119084
0,894.3181,207.6393,96,7.443591
0,1001.7435,208.5274,109,8.417771
0,339.2699,209.6272,126,10.484375
0,409.8001,209.2976,111,9.030579
0,83.9427,213.2116,156,12.926740
0,110.1347,211.1510,130,10.875942
0,262.4746,209.3051,76,5.413731
0,483.2420,212.8474,176,12.428740
0,627.3955,210.9709,124,10.679838
0,728.1704,209.4129,88,6.961263
0,948.1931,211.2496,126,11.030383
0,7.0637,210.3469,55,3.278240
0,372.3284,212.6534,106,8.356403
0,879.7477,209.8049,38,1.836286
0,21.3120,212.2118,72,4.902342
0,309.4313,212.9102,110,9.206248
0,648.3586,213.5172,97,7.478477
0,779.6208,213.5225,81,5.667674
0,812.9208,213.3915,75,5.146657
0,138.2884,219.7594,237,19.954050
0,289.0436,216.0908,130,11.084721
0,583.4251,215.1541,115,8.782266
0,676.7747,213.4244,49,2.798778
0,744.7580,216.5084,134,11.643141
0,915.6015,215.7311,111,8.951231
0,165.2538,216.1701,121,10.432922
0,245.5050,216.4516,116,9.619777
0,455.0446,218.4931,159,14.115940
0,977.3051,216.1016,79,5.904645
0,693.7127,217.0640,66,4.465387
0,424.8136,216.8639,27,1.090169
0,864.5063,217.5931,60,4.102431
0,711.9910,221.5631,127,10.613259
0,765.7718,221.9001,112,9.320209
0,36.8945,222.9111,160,12.156152
0,191.5263,225.2894,208,19.268247
0,565.2071,222.6295,139,12.250436
0,611.5264,225.6260,164,11.992142
0,1017.8827,223.2600,167,15.108780
0,533.8152,221.4576,58,3.676605
0,548.6379,220.0214,14,0.310935
0,501.8211,221.3924,35,1.601461
0,796.1464,223.5214,75,5.253148
0,321.7404,225.0906,86,6.238556
0,359.7103,224.3822,66,4.434451
0,821.7701,224.2950,73,4.737349
0,840.1019,224.3818,89,6.477495
0,899.4282,224.5419,69,4.618982
0,273.0484,226.5515,101,7.939193
0,399.4107,233.2014,223,17.159709
0,636.2094,224.3063,23,0.868585
0,667.2678,225.5517,64,4.162545
0,941.4800,226.8511,82,6.056280
0,97.6317,229.2184,108,8.881280
0,519.7199,228.0181,97,7.641779
0,878.6896,229.0479,127,10.920860
0,965.6689,228.5874,107,8.556573
0,120.2860,227.8564,55,3.356046
0,215.2538,229.7981,114,9.504434
0,343.0867,229.1818,110,9.242174
0,379.0190,227.6374,53,3.087500
0,436.9923,228.4372,69,4.594059
0,924.1218,230.1342,112,9.175019
0,419.1104,230.7458,84,6.332527
0,231.7487,231.0609,73,5.095396
0,685.0436,232.9054,110,9.080243
0,490.5104,231.9935,67,4.434423
0,652.9589,233.2538,94,7.124076
0,997.3829,232.8033,91,7.038317
0,303.7051,233.5437,80,5.784800
0,595.4091,234.2871,115,9.473324
0,55.2685,235.6106,125,10.542018
0,75.9094,234.3763,83,6.388397
0,160.6743,234.7471,89,6.691908
0,253.1405,235.3466,122,10.299854
0,473.3885,234.9512,84,6.380561
0,728.2999,239.7406,156,11.913048
0,748.1414,235.3821,92,7.139560
0,982.6795,233.8769,50,2.887455
0,540.6782,235.6689,91,7.165091
0,858.3783,237.9491,153,13.419439
0,782.8514,237.8962,139,12.234096
0,10.4249,239.6137,137,12.342227
0,287.3955,237.1063,77,5.570912
0,504.2130,235.7297,41,2.099508
0,806.8120,239.6912,141,11.502266
0,704.0411,238.9811,89,6.667087
0,451.7823,239.8552,95,7.284610
0,897.7543,240.2327,87,6.507480
0,580.2571,248.8678,191,13.813546
0,633.3869,241.2562,138,11.422053
0,125.0287,242.6580,116,9.740421
0,180.0636,241.9646,102,8.364564
0,825.2730,241.0217,75,5.293685
0,331.0456,241.6624,63,3.871999
0,373.6224,244.1117,125,10.060593
0,954.9908,242.4458,89,6.776951
0,28.6361,243.9025,98,7.743212
0,432.0635,242.6057,53,3.088872
0,557.1512,243.7859,101,8.289807
0,763.3479,242.7713,49,2.762780
0,671.1158,246.8569,127,10.168324
0,316.4400,250.4805,144,10.127760
0,841.2239,245.7251,76,5.475527
0,271.5316,245.8957,60,3.845714
0,881.9335,244.3312,18,0.505229
0,938.7121,250.0617,142,10.865140
0,90.9176,248.5582,123,10.396140
0,913.0977,246.7799,54,3.290932
0,973.9358,246.1272,46,2.715978
0,1013.5365,255.3292,186,13.729845
0,108.3702,247.7770,58,3.786978
0,197.6919,246.0052,26,1.170632
0,352.3666,250.5596,165,15.115794
0,485.9089,246.2690,26,1.014083
0,613.1067,248.4489,74,5.362259
0,994.3472,247.0132,33,1.480806
0,145.5673,249.4841,147,11.132246
0,527.9348,250.2069,109,9.085734
0,41.2484,257.5455,155,10.558718
0,235.5914,252.7821,168,15.485300
0,507.4258,251.5721,119,10.366832
0,167.3911,251.3620,54,3.327296
0,210.8335,253.7823,124,10.436603
0,745.6926,252.1542,55,3.455521
0,468.6496,254.0632,128,10.720264
0,710.1241,254.6420,104,8.322265
0,772.7456,252.1725,45,2.483360
0,69.4866,255.5535,126,11.440933
0,290.6575,256.2115,135,11.832329
0,421.9108,256.3332,127,10.871966
0,690.4799,253.5379,62,4.056742
0,255.7977,259.4723,111,7.591184
0,445.9594,255.6295,72,4.910066
0,598.3028,256.5511,70,4.721883
0,893.8190,257.1112,97,7.636834
0,396.3027,256.0762,51,2.992452
0,873.5749,256.5721,58,3.694001
0,13.7331,259.6070,115,9.670112
0,654.3857,259.7969,143,12.621655
0,823.8124,260.1090,110,8.986338
0,985.5237,258.5272,85,6.187820
0,490.4623,259.6246,81,5.800216
0,788.5942,259.5043,92,7.415691
0,381.8027,259.2529,39,1.937226
0,559.7547,262.3609,143,12.783669
0,760.0781,259.5739,60,4.110770
0,846.5371,267.7487,244,18.044727
0,916.3430,261.0929,140,10.081413
0,966.1582,262.7792,145,13.188385
0,270.9741,259.6038,26,1.123874
0,334.4047,267.4030,148,9.734243
0,624.3295,262.9404,129,10.605628
0,193.4887,265.1034,125,10.667446
0,85.4319,263.7519,57,3.548677
0,114.5669,265.9971,130,10.716694
0,136.1833,265.0897,90,6.491344
0,726.3838,264.4649,86,6.558773
0,306.6004,267.3856,103,8.158720
0,534.2042,267.9142,135,11.595662
0,804.2097,268.0055,113,9.130009
0,695.3420,267.5975,79,5.631537
0,59.8862,275.5426,175,12.206358
0,157.4913,272.3949,136,9.410725
0,222.7917,269.3795,103,8.345003
0,406.2034,270.1583,128,11.019290
0,743.0111,269.2508,103,8.301018
0,999.2666,268.4533,67,4.530214
0,176.2944,270.1374,104,8.293867
0,513.9480,269.0484,69,4.616015
0,436.1774,271.3074,126,10.556970
0,454.7376,270.0998,66,4.481385
0,674.7463,272.0809,143,13.029695
0,474.5315,272.4075,94,7.111754
0,882.5295,272.0575,104,8.252161
0,949.6861,271.6089,87,6.708929
0,354.4055,274.7735,168,14.428819
0,378.8916,273.4145,109,8.800195
0,267.5495,279.5267,160,10.449182
0,764.4473,275.5573,96,5.668358
0,929.9734,276.8534,128,9.264579
0,603.3288,275.8145,154,13.946029
0,496.5280,275.4881,88,6.784594
0,95.6223,278.3860,132,11.674821
0,632.1174,280.1209,147,11.348863
0,861.4961,282.6546,159,11.922577
0,286.0356,281.2812,121,7.284991
0,1014.3783,282.3070,254,18.349391
0,33.9352,279.7690,123,10.339327
0,575.7956,282.5122,190,15.528783
0,18.1072,279.3047,62,3.996828
0,548.9237,280.3392,131,10.277113
0,787.0712,281.5755,149,13.440098
0,985.0491,280.2619,91,6.886550
0,320.2391,280.6450,71,4.936068
0,722.4373,280.3519,67,4.481275
0,907.2807,283.6348,164,12.927812
0,657.1554,281.2167,73,5.153771
0,701.9602,285.6410,167,13.427079
0,126.2505,283.5241,191,13.745182
0,241.2880,281.9840,149,10.682789
0,821.3764,284.3065,168,14.514670
0,197.1806,284.6325,81,6.132825
0,392.3774,283.7094,58,3.765720
0,511.0291,286.1290,100,7.985792
0,967.7713,286.1617,99,7.834426
0,212.8144,287.1455,98,7.689468
0,736.0242,286.1061,67,4.119006
0,472.9084,286.5402,46,2.411413
0,369.6483,288.4767,69,4.710741
0,411.9956,289.0491,104,8.977919
0,889.5811,288.5193,71,4.806655
0,69.8896,297.0538,306,25.123804
0,175.0745,290.2591,119,9.721564
0,300.7792,290.2031,92,6.927005
0,438.1904,291.4266,142,12.677295
0,753.3740,289.1504,75,5.137001
0,152.1113,291.2882,99,8.060095
0,947.6998,290.0292,91,6.969971
0,459.3260,292.2582,111,8.621332
0,683.5363,298.4295,126,7.530489
0,48.3581,290.8441,39,1.987039
0,591.4270,291.2143,36,1.834928
0,489.9425,293.3490,81,5.943317
0,842.8041,292.4552,58,3.547105
0,9.1337,294.4872,65,4.252228
0,324.9893,294.4368,73,5.086559
0,646.9020,294.5908,93,7.327844
0,771.8148,295.5170,103,8.468579
0,664.9528,302.1181,151,10.819984
0,353.6939,298.4951,140,12.661107
0,523.9793,298.6793,112,9.313972
0,553.7135,304.5425,153,10.553777
0,870.3173,301.8745,208,14.864766
0,925.5127,299.3651,136,12.185495
0,226.6790,298.1915,80,5.567414
0,604.8486,298.8465,102,8.119626
0,620.3501,297.9856,70,4.730085
0,258.8098,300.5699,103,8.182329
0,386.0127,303.3127,159,12.861752
0,126.6674,300.3008,65,4.362527
0,240.5337,299.9796,57,3.335508
0,990.0475,301.4553,100,7.786988
0,34.5164,302.4818,136,11.641636
0,99.2756,306.6441,278,22.143751
0,195.8723,299.5486,26,0.987601
0,714.0967,302.6079,116,9.481692
0,810.6222,303.5410,177,16.197526
0,1016.5049,302.2189,100,7.759970
0,422.8385,304.3160,130,11.040166
0,737.2755,303.4573,115,9.376527
0,971.0781,303.2663,94,7.199569
0,284.5498,304.1984,134,11.548634
0,401.6583,301.0439,19,0.599012
0,477.4252,303.8524,85,6.343527
0,571.1328,302.4822,58,3.805506
0,313.2798,306.9644,134,9.710053
0,335.8524,303.5482,47,2.595475
0,181.5768,304.4921,62,4.077903
0,502.6989,305.4701,85,6.583664
0,756.7024,305.8381,80,5.920516
0,787.4080,307.0971,124,10.258909
0,848.3837,305.7914,76,4.878842
0,946.2387,304.4468,53,3.134142
0,208.8855,307.0311,85,6.223312
0,587.4696,305.5649,55,3.636269
0,12.9485,308.5726,96,6.951694
0,538.0889,308.4823,57,3.475545
0,155.7768,310.5717,115,9.220733
0,904.1594,311.2149,122,10.095624
0,629.3127,310.9600,105,8.240874
0,645.7816,312.2339,79,5.495960
0,698.4729,312.4584,83,6.242844
0,135.3772,313.5458,83,6.167780
0,369.7949,312.0738,42,2.358764
0,463.7249,315.2693,136,11.829422
0,441.0740,314.5774,86,6.249995
0,884.2760,314.7059,95,7.288763
0,253.8065,315.6728,83,5.984185
0,411.3333,322.4213,187,13.464150
0,518.3770,314.2528,55,3.365222
0,193.3854,316.6536,80,5.609187
0,224.7616,320.2382,130,8.927800
0,828.1568,317.3193,117,9.592626
0,172.5131,317.3389,82,5.989295
0,350.7286,318.2964,122,10.390338
0,602.7305,318.1516,102,7.526011
0,120.1843,316.0618,24,1.034587
0,299.6345,318.3153,81,5.909936
0,331.8170,315.7704,14,0.351687
0,935.5653,318.3433,86,6.714732
0,958.9184,320.9192,162,13.280298
0,981.5688,319.2428,96,7.583898
0,1004.4746,320.1203,121,10.537120
0,69.7680,319.7269,87,6.534862
0,566.1471,324.6219,180,12.538306
0,677.1241,317.0182,21,0.605253
0,492.5294,320.2417,84,6.493905
0,746.0627,318.0023,21,0.814457
0,39.1831,321.9048,82,5.886496
0,535.4306,322.6545,93,7.022660
0,774.2753,325.2905,147,10.631110
0,1.1458,324.2130,119,9.402821
0,732.7060,322.9416,87,6.431334
0,22.6867,323.6405,73,5.040181
0,588.5788,322.0897,59,3.736811
0,54.2923,322.5689,38,2.050966
0,716.2404,326.4770,133,11.385264
0,283.9619,326.2958,96,7.507477
0,384.3952,325.5289,81,5.918604
0,619.4298,323.4751,32,1.378158
0,798.2525,328.6451,162,13.601673
0,267.4706,327.0590,90,6.838517
0,757.7784,326.6792,76,5.267171
0,918.4017,328.3352,133,11.656427
0,367.6572,327.6827,76,5.461989
0,508.8997,329.0336,127,10.712291
0,644.9024,326.9840,48,2.913310
0,684.2662,327.3045,56,3.513915
0,893.0105,328.2435,102,8.383564
0,105.9975,330.4078,120,9.918473
0,244.7609,328.7886,93,6.991522
0,666.3621,330.0792,138,12.164891
0,863.1572,329.9454,140,12.666020
0,160.0001,329.2540,69,4.494504
0,321.0046,330.4994,128,10.692742
0,454.8597,328.1534,36,1.674386
0,123.4112,331.4404,88,6.614712
0,144.9129,331.6317,110,8.809884
0,201.1232,330.4715,82,5.757792
0,339.1347,331.5770,76,5.445334
0,843.6175,332.6207,112,8.787185
0,87.0140,333.2443,103,8.282948
0,480.8553,335.2983,145,12.928950
0,698.5101,333.8185,81,5.977187
0,819.9980,335.1646,129,10.863935
0,983.3063,337.5911,104,5.858635
0,61.9093,334.8416,48,2.779950
0,396.0117,336.3727,107,8.875319
0,630.9909,334.7338,75,5.126087
0,943.9778,337.9303,145,12.425460
0,215.9205,336.0707,75,5.570489
0,441.2118,336.7493,101,8.222640
0,45.7525,337.2532,76,5.343420
0,186.9382,337.5155,85,6.049294
0,545.1608,338.7230,116,9.903447
0,297.8197,338.0641,63,3.932660
0,606.8229,339.9943,138,12.343740
0,172.3324,338.2811,37,1.855650
0,583.3296,341.8951,166,15.385039
0,1008.6664,339.8128,100,7.817851
0,17.3212,341.6846,146,12.764955
0,749.4574,343.0648,152,13.402323
0,234.8692,342.9908,77,5.511562
0,421.6247,343.4338,101,8.112195
0,523.0619,343.1910,102,8.290696
0,965.0586,342.6164,90,6.941972
0,649.5481,345.7604,117,9.732861
0,254.4281,345.2834,91,7.030967
0,275.2655,346.9273,129,10.145522
0,457.8262,347.7820,167,14.122626
0,875.0922,346.6684,159,13.966311
0,366.4839,346.6233,127,11.365356
0,724.8100,345.2513,87,6.454855
0,75.0359,347.9135,119,9.917547
0,315.4929,347.3788,123,10.189703
0,347.0081,346.5045,95,7.519938
0,897.3915,347.3585,101,7.821524
0,917.9549,346.2294,84,5.826974
0,133.3722,349.4675,146,12.807659
0,502.9866,348.8943,112,9.477476
0,686.3717,347.0444,77,5.710830
0,789.2472,348.2295,114,9.532896
0,112.0986,348.9740,60,3.755774
0,705.7540,349.1888,78,5.595539
0,1.9327,349.7112,55,3.358008
0,162.2520,352.8235,159,14.564263
0,766.8428,350.9389,104,8.413812
0,201.9046,353.5391,159,14.202923
0,666.8785,352.0608,107,9.134591
0,808.4654,356.4154,143,9.105745
0,831.1052,351.5983,89,6.828869
0,848.1574,351.5042,78,5.429563
0,629.1930,354.5620,183,16.322733
0,997.4106,353.7458,179,15.249982
0,293.9583,353.5709,88,6.846791
0,381.9854,359.2841,151,11.240402
0,405.6694,353.0491,76,5.193347
0,51.5604,356.6949,155,13.845529
0,91.5689,362.3379,238,18.112434
0,479.9983,354.8019,93,7.135693
0,180.0431,355.0710,61,3.850524
0,536.8611,355.8517,102,8.304730
0,562.8433,356.3824,145,12.938950
0,940.4048,357.9519,96,7.419238
0,237.8466,360.3576,119,9.875608
0,431.2559,364.2925,204,16.529683
0,30.2900,361.4093,132,11.117229
0,220.0484,359.3977,76,5.636346
0,730.2590,360.9833,107,8.795117
0,963.8253,362.1187,128,11.052810
0,347.8762,365.7084,277,20.905223
0,604.8727,363.6190,161,14.535910
0,889.8754,360.4688,58,3.771577
0,913.1358,362.7139,133,11.593227
0,581.1479,361.4215,56,3.399058
0,781.3839,362.5948,54,3.395714
0,860.2541,363.7821,104,8.213052
0,117.2974,366.3772,130,10.319553
0,258.3504,366.2801,107,8.619733
0,316.7930,364.7547,78,5.493583
0,682.8547,365.3785,139,11.737206
0,707.8284,373.2343,214,16.289039
0,71.6465,365.2890,69,4.816508
0,513.5374,365.9853,104,8.149911
0,465.9260,368.2227,129,11.038232
0,5.5775,369.2537,153,13.888932
0,411.0098,366.9533,54,3.170845
0,144.3531,371.2994,178,12.465303
0,397.3795,367.1817,49,2.910958
0,764.7116,370.6221,111,8.853494
0,824.2309,368.1547,52,3.211103
0,980.7295,370.7492,126,11.040710
0,278.1459,371.4605,131,11.151258
0,1010.5761,370.3592,83,6.104373
0,497.8133,371.2728,61,3.702895
0,529.4184,370.3240,49,2.648432
0,551.7187,373.0173,101,6.616758
0,840.4560,374.1646,160,14.697461
0,191.5787,373.7394,134,11.363751
0,745.8028,373.3385,109,9.221103
0,303.5273,379.5299,202,17.021173
0,445.8570,375.9632,85,5.861785
0,645.6552,376.7454,129,9.980811
0,663.8483,374.7530,101,8.389581
0,792.5466,374.9227,100,7.493394
0,946.2451,373.3947,50,2.861853
0,171.3246,376.7124,120,9.989838
0,626.8625,376.0165,94,7.229553
0,931.3168,376.5255,102,7.837787
0,586.3915,375.1789,52,3.162892
0,883.9493,376.6366,131,10.649628
0,482.0405,377.5761,82,6.131860
0,571.8038,377.1320,61,3.773178
0,26.9263,385.5448,157,9.951458
0,219.9778,380.3626,175,14.793613
0,727.7453,379.0655,91,7.000893
0,328.1609,380.0326,99,7.891441
0,909.6141,380.1848,87,6.722344
0,56.8709,381.0490,125,10.395300
0,242.5417,381.3206,107,8.826320
0,385.1976,381.3276,127,10.814936
0,777.3969,378.4174,16,0.500792
0,996.8888,383.3957,131,11.211868
0,816.5314,385.3692,165,13.178334
0,600.2948,384.3874,107,8.486156
0,963.9211,387.8759,219,16.073841
0,120.3473,383.8704,76,5.565692
0,409.9878,385.9416,137,12.143525
0,508.9834,384.3108,74,5.263635
0,536.2860,386.0469,139,12.037885
0,863.8889,386.9250,131,11.413472
0,361.5241,384.0168,49,2.910299
0,157.8750,385.1434,39,1.915260
0,468.8864,394.4251,134,8.348888
0,677.2030,383.8140,8,0.135754
0,42.3544,386.2081,17,0.507924
0,83.8265,387.9652,58,3.599767
0,102.3907,389.8961,129,11.122006
0,265.0356,389.0760,96,7.267508
0,689.9659,393.0987,161,13.093329
0,1015.5692,387.3804,52,3.300023
0,284.4281,390.6778,106,8.271828
0,492.9934,389.9314,89,6.499539
0,346.8008,390.0190,78,5.670454
0,563.6060,389.4741,52,3.367399
0,141.8658,391.9889,90,6.532254
0,770.6160,390.2747,50,2.971810
0,895.0516,390.6557,59,3.773463
0,199.0666,393.6406,115,9.632815
0,434.6775,392.9508,125,10.800878
0,581.3378,392.8920,85,6.396786
0,617.5245,392.7190,90,6.843855
0,793.4263,393.1566,109,8.829198
0,665.1027,393.0540,86,6.239738
0,754.0110,398.6032,218,20.471214
0,926.1467,392.7761,68,4.882989
0,8.0248,396.6862,140,12.402282
0,70.3005,394.3539,87,6.665825
0,175.5862,397.6682,129,8.135587
0,845.9024,394.7802,99,7.850827
0,632.2065,394.8543,50,2.906268
0,328.8841,397.0569,107,8.687664
0,939.8776,397.7504,60,3.044951
0,453.1383,396.6963,55,3.374783
0,881.5401,396.6487,69,4.589086
0,373.6716,400.2870,121,10.414893
0,44.0328,400.0896,93,6.877031
0,158.3028,399.4163,58,3.812446
0,215.7097,397.9861,47,2.689191
0,712.1639,400.1431,110,9.209308
0,122.1732,401.6565,115,9.629435
0,252.6860,399.6821,44,2.330760
0,390.7152,398.3838,27,1.043644
0,511.2918,404.8938,235,17.865228
0,544.3296,401.5015,92,7.318459
0,907.5135,404.4511,156,12.897388
0,238.7240,400.9000,75,5.269129
0,91.1154,402.5750,66,4.443677
0,602.8961,401.0308,29,1.219742
0,732.6246,404.6915,131,11.228973
0,986.3677,400.9001,46,2.555473
0,648.5076,405.1102,123,10.284414
0,810.8278,403.5995,73,5.248221
0,26.5269,405.6133,73,4.884187
0,291.8185,406.2219,125,10.711736
0,309.6099,404.8778,59,3.867606
0,356.9063,407.4325,132,11.058337
0,406.0140,407.7839,155,14.285693
0,482.2238,405.7423,90,6.658072
0,562.6576,405.7934,92,6.982260
0,999.5586,405.8037,76,5.428638
0,1015.0168,405.7945,76,5.357969
0,867.0547,405.3568,48,2.784087
0,829.7246,410.6496,172,14.753044
0,428.3378,409.6254,116,9.896941
0,961.5863,408.4891,90,7.065020
0,61.8674,410.1329,107,8.819692
0,590.4851,409.8466,94,7.023414
0,615.1971,408.2840,42,2.178725
0,141.1696,412.1828,138,9.284352
0,262.4177,411.3864,122,10.178987
0,772.8666,412.0526,117,9.289725
0,185.3542,414.3001,121,8.373919
0,221.0943,413.7140,158,14.518840
0,455.6787,411.8616,84,6.107724
0,667.6878,411.3606,82,5.862725
0,924.5992,411.4643,80,5.846152
0,576.4724,409.9573,25,0.765473
0,794.3667,413.7752,122,10.466472
0,631.3264,411.8944,44,2.511825
0,386.7784,414.3129,74,5.266825
0,682.1177,413.6091,63,4.245123
0,979.4276,413.9299,67,4.539582
0,322.3086,416.6051,122,10.657777
0,531.1810,415.7382,98,7.922660
0,700.8292,416.8943,142,12.614028
0,883.0465,416.8075,147,11.770568
0,944.0235,420.4319,186,16.201353
0,78.1690,415.6740,65,4.306327
0,243.7573,415.0616,42,2.378317
0,107.9460,417.7360,101,8.307628
0,14.5479,419.3754,91,6.655109
0,851.2763,421.4007,187,14.964848
0,91.5844,418.6909,35,1.656884
0,549.6680,419.6942,41,2.096019
0,603.4220,419.1527,52,2.999584
0,200.3735,422.0475,83,5.826740
0,281.3417,421.4019,85,5.970052
0,341.9878,421.3732,89,6.555614
0,1022.7747,422.7618,86,6.398791
0,157.7019,424.1993,183,17.099203
0,1004.1337,423.4303,109,8.591632
0,38.8460,423.8257,99,7.660910
0,511.2722,423.6063,72,5.111548
0,648.2209,424.9487,114,9.789330
0,723.5936,423.8628,93,7.291987
0,744.2186,423.7607,84,6.364829
0,447.7580,425.9330,112,8.836086
0,569.1186,426.1369,150,13.017648
0,469.7244,433.4822,222,16.300129
0,490.2691,426.2178,113,9.059018
0,621.4436,426.5184,149,12.720276
0,55.1261,426.8620,95,7.222869
0,306.3928,427.1823,94,7.211443
0,426.5624,425.7001,67,4.469908
0,965.7960,426.4200,78,5.421359
0,365.6967,428.5383,117,9.572595
0,909.5967,428.4854,107,8.391444
0,924.6199,425.8550,31,1.385647
0,120.8623,427.7433,63,3.776963
0,589.8750,427.1314,49,2.931628
0,760.1259,427.7374,66,4.564131
0,777.5334,425.8663,16,0.387597
0,672.6962,429.3717,91,6.802707
0,23.9885,429.6058,56,3.153851
0,382.7836,431.4814,100,7.743263
0,825.6686,433.2372,169,10.934139
0,79.2832,430.6465,56,3.725357
0,233.7428,433.1123,149,13.290872
0,255.0883,432.8775,122,10.327681
0,96.2027,431.4584,56,3.522403
0,271.4987,432.2766,65,4.191412
0,405.0322,433.6105,108,9.094421
0,981.3545,435.3425,146,13.063180
0,537.7803,434.3210,122,9.846290
0,792.9837,433.9506,95,7.190341
0,290.1536,432.8766,26,1.082400
0,863.8500,434.7817,55,3.265524
0,888.5821,439.4634,197,15.144466
0,179.5347,437.6226,162,15.058969
0,202.5460,437.7084,105,8.169979
0,66.9109,438.2052,67,4.439596
0,335.3706,436.8397,46,2.596850
0,660.5966,437.5968,43,2.267968
0,131.2454,439.0848,72,4.696126
0,349.4886,439.4185,94,7.522295
0,691.9436,442.3900,151,13.838492
0,711.8767,440.8768,133,11.522786
0,775.3801,440.6026,107,8.423069
0,318.7105,440.7522,81,5.862466
0,422.6188,439.3013,38,1.965310
0,437.2091,440.7139,92,6.975835
0,517.5924,443.2850,215,15.803400
0,640.6691,441.3864,92,7.313546
0,733.0163,439.9179,69,5.269124
0,581.5502,443.0353,119,9.890870
0,609.3256,442.1836,123,10.472415
0,936.6878,441.3035,71,4.857072
0,1000.4018,441.7464,84,6.114631
0,34.8049,442.0427,53,3.186830
0,111.2912,443.4633,114,9.243169
0,752.5935,443.9996,127,10.762990
0,806.3592,442.4582,80,5.788560
0,146.1311,444.0393,115,9.510864
0,300.2221,444.2728,86,6.355589
0,849.1637,443.8862,93,6.796798
0,553.4553,445.7619,114,9.193800
0,917.7801,445.5623,95,7.385079
0,390.7714,445.1614,79,5.841017
0,955.0494,446.5099,132,11.553174
0,1.9524,447.3255,122,10.074493
0,19.8963,446.1962,73,5.224986
0,52.3587,446.6959,97,7.645688
0,90.7876,447.6243,108,8.761748
0,282.1337,448.0321,99,7.913943
0,490.5217,448.4338,75,5.096650
0,672.2846,455.1014,157,13.034962
0,212.3824,453.8338,147,13.101540
0,233.8775,451.7208,87,6.486349
0,167.1558,453.3936,104,7.853870
0,263.0995,452.2894,89,6.702151
0,413.9500,455.2756,151,12.952897
0,624.4661,450.6601,32,1.381853
0,652.0547,453.3951,88,6.606279
0,821.0637,453.3761,116,9.538434
0,869.5301,453.4443,136,11.469986
0,328.6013,452.3209,54,3.206997
0,446.4789,455.4141,107,8.308235
0,971.7593,453.5966,56,3.509219
0,364.5568,457.1368,202,17.408459
0,462.9391,455.2100,45,2.446309
0,727.9415,458.8503,169,15.929554
0,1011.4278,458.9179,109,8.267798
0,900.4042,458.3116,108,8.724463
0,932.6459,457.4229,81,5.896545
0,991.0141,458.6046,113,9.620457
0,29.9213,456.6160,35,1.522449
0,75.9430,459.0332,93,7.008018
0,479.5434,458.4253,81,5.653340
0,505.1290,459.5141,119,9.399701
0,594.1280,458.7812,93,7.020056
0,192.9215,459.5056,84,6.108736
0,303.0200,458.9308,53,3.192212
0,340.4388,459.5051,77,5.207498
0,610.3811,459.2824,62,3.994566
0,772.3498,459.4856,147,11.796655
0,797.1423,460.6691,133,11.533689
0,245.3399,463.3609,96,4.698886
0,116.5575,464.5133,206,18.069653
0,392.6060,463.5535,136,11.943003
0,560.4730,463.2269,120,9.929893
0,846.9027,465.7866,140,11.909319
0,5.3310,473.3608,279,20.868947
0,57.4623,464.7966,100,7.569352
0,177.1279,464.3037,65,4.142717
0,542.1043,465.0064,91,6.789113
0,627.5751,465.7991,116,9.788180
0,39.8620,465.8999,91,6.481496
0,144.1256,467.6059,151,13.373199
0,432.8176,467.0868,94,7.204727
0,523.4368,466.7438,100,8.123858
0,578.1104,468.0875,111,9.246401
0,954.7148,466.6223,131,10.769195
0,272.8751,468.0465,99,7.808397
0,289.9798,466.3431,50,2.927938
0,320.1907,468.3360,130,10.916524
0,919.3632,468.4786,104,8.207988
0,225.2211,467.9045,68,5.003331
0,648.6083,468.9441,76,5.303146
0,688.1157,469.0847,111,9.311783
0,706.9039,470.1544,115,9.411988
0,88.4741,469.3139,82,6.035572
0,753.5872,471.9626,163,14.957115
0,880.4509,469.9664,107,9.074276
0,826.8660,472.2500,121,10.271070
0,257.1937,471.2248,35,1.629085
0,980.1314,473.1075,122,10.003805
0,904.3855,472.1650,21,0.716209
0,351.8212,475.0454,80,5.926588
0,300.4771,477.1581,102,7.676923
0,461.8530,476.5513,97,7.627173
0,480.3011,476.9848,113,9.138211
0,723.3414,475.2739,49,2.851603
0,783.3112,476.2162,70,4.806567
0,1003.3726,474.3944,35,1.772726
0,186.9584,478.5944,101,7.582670
0,207.2934,479.5952,127,10.237015
0,596.1985,476.8301,65,4.231277
0,938.9115,476.5019,54,3.109310
0,71.4984,477.7987,72,4.914938
0,446.6128,478.0452,71,4.775404
0,662.2841,479.2498,119,10.163674
0,802.4844,479.4690,120,10.156533
0,863.0449,479.2335,110,9.125852
0,100.0630,479.9520,95,7.190888
0,163.7753,483.8688,196,14.284095
0,412.3198,481.4276,135,12.017091
0,369.2263,481.3602,116,9.706437
0,611.4496,481.9161,119,10.095370
0,388.7453,483.7252,120,8.580367
0,501.5793,481.5245,121,9.283910
0,229.8394,482.9831,83,5.951951
0,531.0510,482.7373,91,7.059276
0,569.5945,488.1103,317,21.446718
0,23.3344,480.5049,15,0.439675
0,37.0288,483.7716,98,7.554007
0,56.0340,484.8683,98,7.789148
0,268.4405,489.7950,147,10.473811
0,432.3810,483.9775,55,3.349305
0,680.4404,485.8204,76,5.456361
0,843.0841,482.9180,21,0.706293
0,898.2523,492.0136,218,18.528006
0,250.5073,486.7444,94,7.540587
0,634.4148,487.0924,160,13.395606
0,921.2224,487.9968,133,11.456846
0,342.5495,489.7876,98,7.590313
0,732.6661,489.8579,156,14.231699
0,113.1630,490.5405,107,7.874476
0,135.6885,490.6172,153,13.519022
0,698.5050,486.2354,14,0.446206
0,711.9194,488.8698,55,3.301116
0,941.6289,488.3517,36,1.775950
0,978.1328,487.3982,27,1.004809
0,999.3291,490.2395,130,10.165531
0,323.2626,491.9890,142,11.980719
0,956.2889,490.4630,86,6.199680
0,15.3554,490.9468,72,5.077082
0,82.0979,491.1139,72,5.084588
0,291.7464,492.3400,93,7.031599
0,770.5502,492.2013,206,17.214365
0,817.2500,492.3337,117,9.764225
0,515.1553,493.0934,91,6.723991
0,879.0850,494.3348,95,7.114587
0,195.8189,492.9790,31,1.359956
0,835.2799,494.4985,82,5.899329
0,851.8913,493.8128,49,2.792453
0,216.2964,496.0711,89,6.773552
0,451.1544,500.1931,189,13.975589
0,479.5410,497.7579,156,10.800427
0,654.1733,496.3136,74,5.313789
0,237.4954,498.9674,92,7.121162
0,425.1600,500.4343,132,11.683019
0,800.9318,496.6834,25,0.938292
0,402.1907,500.8116,112,9.304729
0,698.8479,502.4921,169,12.374097
0,29.9926,499.0197,45,2.697393
0,371.5073,501.1857,122,10.216219
0,543.3095,502.2980,137,11.995048
0,601.5181,499.7076,46,2.346381
0,969.5890,500.6049,89,6.809250
0,499.1680,500.4838,37,1.899871
0,617.7082,502.6742,96,7.585869
0,48.8953,505.3660,121,10.497992
0,306.3740,505.7060,109,7.664844
0,670.8968,504.6581,142,12.263204
0,746.2824,504.4000,110,8.827170
0,863.9721,504.5094,111,8.783765
0,69.2178,504.8197,95,7.638443
0,350.8363,505.4425,116,9.354712
0,788.0114,504.7997,82,6.029647
0,927.7741,505.5100,111,9.103844
0,2.0759,506.4269,108,8.792957
0,86.0147,504.7305,52,3.018444
0,173.1079,505.9067,101,7.892999
0,989.3399,506.9685,140,12.257026
0,525.5224,504.8908,43,2.400773
0,144.1012,507.8044,88,6.451972
0,194.0872,509.3178,134,11.448043
0,947.7373,510.0999,162,14.328860
0,1010.2168,506.8765,65,4.283110
0,19.1496,508.6521,80,5.682590
0,120.3846,509.2915,106,8.732959
0,565.1165,506.9484,35,1.546889
0,283.8765,510.8328,155,14.181496
0,583.5115,509.6728,135,10.972890
0,634.5563,508.3697,56,3.558995
0,104.1512,508.2302,23,0.846457
0,158.6365,509.0624,42,2.216634
0,725.1935,512.7101,146,12.939570
0,648.9928,509.7696,35,1.570943
0,840.8205,512.8643,117,9.699662
0,213.3643,510.9718,41,2.225770
0,258.2315,512.1449,129,8.011882
0,510.0903,513.3990,85,6.471009
0,801.9889,514.0672,103,7.590275
0,759.8446,517.6293,207,18.597141
0,821.7581,517.1757,124,10.443294
0,320.1499,516.1974,99,7.617336
0,238.2571,516.9866,91,6.747309
0,333.5311,513.1436,10,0.157364
0,884.0725,517.7828,194,14.755840
0,972.2828,515.8805,29,1.217148
0,373.3143,518.1709,60,3.849720
0,415.7387,519.4367,105,8.345400
0,487.6358,518.3567,194,13.553515
0,606.4976,519.1836,93,7.260909
0,35.8222,520.4620,113,9.372111
0,393.5771,521.0076,139,11.538059
0,527.1924,520.1223,89,6.623605
0,910.9717,520.8685,121,10.163098
0,94.3264,521.2103,119,10.081863
0,76.5149,520.6616,53,3.093011
0,442.9435,521.3269,82,5.837549
0,555.7735,522.6888,171,15.632941
0,58.1529,523.1012,82,5.880500
0,356.9890,521.5297,61,4.290265
0,627.0393,522.7979,101,8.447294
0,1011.8514,524.1305,134,11.307677
0,656.6338,521.4847,32,1.247982
0,681.0220,523.0369,71,4.958976
0,696.8944,525.2208,136,11.713282
0,928.7543,521.0364,15,0.348451
0,7.7376,521.0095,10,0.246214
0,151.5010,526.9264,132,11.810485
0,203.0462,524.6974,75,5.032931
0,110.6027,525.2603,72,4.848960
0,176.3587,526.5523,155,13.333945
0,221.5726,526.6248,120,10.296529
0,459.5263,526.0523,103,8.185498
0,128.8248,527.3136,120,10.288209
0,429.2951,524.0603,26,1.075362
0,644.8794,527.7624,87,6.101217
0,713.6902,525.2633,43,2.331545
0,261.9626,527.3168,82,6.047778
0,303.3962,536.3367,160,10.533004
0,331.5575,532.1962,231,17.592776
0,984.3940,526.9339,73,4.700644
0,585.4299,532.6219,192,16.704390
0,966.4358,528.9221,102,7.826746
0,790.0790,530.9395,126,10.505070
0,851.0407,534.0711,211,18.468066
0,377.4386,530.3975,33,1.642842
0,15.8716,533.4777,110,9.004125
0,287.1886,532.8297,94,7.158373
0,668.3337,534.1405,137,12.138628
0,70.2009,530.6984,22,0.693098
0,536.2700,533.9787,79,5.473640
0,809.9852,533.2502,76,5.470696
0,47.9023,532.7958,28,1.146711
0,731.7020,534.7521,141,12.081442
0,875.3065,534.5452,84,6.168942
0,925.5907,537.4291,160,13.541757
0,239.6215,535.6407,93,7.114042
0,362.2103,537.3115,111,8.820683
0,518.5266,537.6865,110,8.648368
0,948.7324,538.7396,136,11.326126
0,400.6262,537.1716,63,4.283524
0,420.3868,536.3141,49,2.641737
0,473.2739,539.0487,142,11.917403
0,827.2616,537.5077,89,6.965962
0,193.3215,539.9826,120,10.035156
0,900.8483,539.3622,115,9.638655
0,757.1446,541.7750,179,16.286874
0,35.0954,543.2684,131,10.909710
0,90.3215,540.8497,68,4.423416
0,252.4822,539.9477,35,1.635573
0,442.6426,542.3449,161,14.076543
0,499.9627,540.9402,68,4.296625
0,616.1158,541.7741,279,21.923885
0,711.7437,542.6100,75,5.099539
0,271.9754,544.5608,129,11.270230
0,557.0840,545.2041,179,15.814224
0,983.8042,542.4753,56,3.302765
0,1007.6810,544.7314,119,9.843087
0,3.0043,546.2895,139,12.660168
0,72.4284,545.1835,143,10.937976
0,110.0691,546.2614,128,11.035496
0,778.3083,542.8076,14,0.367611
0,146.0792,547.3492,151,12.920782
0,383.8208,547.4760,102,8.213575
0,969.5975,547.5023,87,6.390698
0,222.5682,549.7645,122,10.596342
0,681.2843,551.0437,152,13.611886
0,884.0836,547.8073,54,3.286704
0,411.8736,550.2021,134,9.048572
0,649.3499,551.7604,153,13.644414
0,168.9391,551.4339,118,9.868021
0,327.5533,550.7295,80,5.885595
0,488.4096,549.5136,60,3.968061
0,792.1394,556.5582,174,11.836531
0,864.0032,552.0583,135,11.854835
0,54.0354,550.7350,58,3.492170
0,812.2139,552.4626,108,8.302035
0,205.2363,551.8287,67,4.729431
0,700.4305,552.7517,82,6.029388
0,125.8170,552.2769,39,1.850676
0,358.5649,553.7032,48,2.502720
0,510.4337,557.2390,167,12.747300
0,588.2324,556.2956,110,9.214987
0,992.6708,555.2620,78,5.306372
0,733.3192,558.2826,147,13.021864
0,907.7652,557.1038,98,7.067039
0,257.0882,558.8063,123,10.432572
0,532.3256,557.9038,86,6.510443
0,770.9008,557.3775,81,6.133356
0,836.4811,558.0084,104,8.650122
0,236.4284,575.3991,317,23.119880
0,300.2849,560.7983,161,14.911194
0,344.6802,559.4030,92,6.891084
0,451.1150,557.8513,50,3.026599
0,38.9969,558.2171,45,2.444902
0,95.8380,559.6859,98,7.790201
0,188.8373,560.2395,101,8.303246
0,475.7431,560.0024,105,8.403353
0,619.5716,559.8969,85,6.490208
0,922.9945,559.5147,82,5.866381
0,396.8996,567.1045,167,10.843119
0,939.1433,560.6988,71,4.626769
0,957.5618,562.6199,101,7.341984
0,373.4635,560.6649,69,4.643804
0,892.5264,561.3522,77,5.266528
0,15.4591,564.3494,152,13.442987
0,64.9662,561.7114,57,3.534589
0,571.9041,562.4812,84,6.343745
0,282.8141,563.9479,58,3.620404
0,430.7385,566.4922,161,14.623526
0,635.4598,563.9199,72,4.945841
0,753.1576,568.6079,138,9.802456
0,714.0024,569.0279,154,12.874226
0,114.4796,566.5838,77,5.544310
0,133.6246,568.1872,121,10.088286
0,157.1084,567.7714,108,8.909180
0,976.3365,568.2731,133,11.229483
0,604.9022,568.0038,93,6.914109
0,81.5237,570.1615,124,10.636046
0,322.7519,571.8928,182,15.684419
0,546.0855,569.9770,116,9.680817
0,819.0117,569.3691,117,9.416001
0,850.8828,568.4292,76,5.464797
0,49.6150,569.0061,68,4.457374
0,213.3565,572.5546,148,12.859539
0,998.9919,569.9364,97,7.227284
0,175.5298,570.2181,81,5.876973
0,665.6068,572.9526,155,14.074241
0,691.6344,571.1102,109,8.967038
0,868.7761,570.4893,89,6.827039
0,360.7313,571.6179,89,7.064546
0,1017.1059,573.4437,127,10.757651
0,270.3423,572.1138,60,3.800625
0,457.3492,572.2348,76,5.411282
0,489.7050,572.5398,71,4.720122
0,776.1884,573.7011,106,8.411200
0,33.4707,572.0097,31,1.323054
0,528.7119,573.7580,60,3.775407
0,926.5641,574.2916,67,4.467227
0,882.8198,575.4514,58,3.840351
0,345.4455,575.2007,16,0.467290
0,588.4834,578.2972,89,7.078730
0,646.5914,577.5175,75,5.296168
0,61.4896,578.0695,62,4.175218
0,378.3061,583.1142,194,14.201505
0,510.4732,581.3009,143,10.979019
0,565.9651,580.5673,148,13.205923
0,298.6000,583.8019,153,10.670907
0,414.9865,580.0436,96,7.396881
0,473.8940,579.6645,71,4.978057
0,902.0176,580.6681,115,9.565432
0,945.8999,579.6251,85,6.345380
0,731.8957,581.8931,145,12.846509
0,801.7155,581.3477,97,7.688807
0,840.6835,580.8223,101,7.547998
0,8.5956,582.0187,59,3.766504
0,102.6923,585.2285,150,12.830061
0,193.7996,584.9799,155,13.720053
0,630.6981,583.6555,107,8.456340
0,24.8462,582.4726,50,2.819748
0,124.0800,583.1736,73,5.308636
0,445.0502,583.5372,91,6.924211
0,963.4100,582.9361,55,3.317094
0,608.8887,584.1293,73,5.334492
0,43.5333,587.1422,122,10.131053
0,147.8278,586.2323,120,10.271288
0,786.0099,586.2000,68,4.723753
0,273.8844,588.3144,121,10.195505
0,331.9753,588.4533,119,9.985537
0,429.9685,586.2612,41,2.283030
0,680.0683,586.8190,49,3.020863
0,700.9476,588.4015,100,7.726648
0,757.6244,588.2394,96,6.910945
0,868.7392,585.4694,33,1.561684
0,825.5238,587.5326,48,2.381187
0,918.1106,589.6422,110,9.019590
0,1001.8859,589.2023,92,6.714951
0,252.9735,590.7233,102,7.681807
0,490.2192,592.4990,140,11.720028
0,543.9718,589.3809,87,6.236197
0,85.4447,590.3324,85,6.286875
0,168.0262,591.1909,93,7.111444
0,980.8853,591.6022,114,9.205599
0,355.0341,594.4099,138,11.802850
0,463.2551,594.1476,120,9.909763
0,530.2971,590.9603,50,2.682543
0,70.0768,592.7577,54,3.221911
0,215.1567,593.6132,82,6.179338
0,886.5250,593.1595,80,5.616642
0,951.4797,592.4044,44,2.047265
0,662.0333,595.9387,158,14.234344
0,814.0999,594.9914,87,6.222881
0,407.9486,594.7755,65,4.039298
0,583.1298,596.8017,116,9.465008
0,858.2135,597.0057,133,11.325790
0,392.7364,596.3713,86,6.577438
0,1017.0103,596.9152,77,5.562320
0,618.5547,597.3916,82,5.869224
0,136.9468,597.7223,51,2.992073
0,715.3327,597.7414,62,4.004768
0,21.8188,599.0329,74,5.322964
0,602.4064,597.5047,32,1.697639
0,836.5229,600.1688,84,6.287182
0,117.8300,600.9714,108,8.719893
0,182.5508,598.4929,32,1.423111
0,562.3663,601.0273,90,6.862829
0,637.6190,600.9669,73,4.568520
0,735.7492,596.7496,8,0.136931
0,7.3227,599.9513,48,2.639072
0,515.5485,603.4126,147,12.984596
0,688.0796,601.1175,74,5.504744
0,966.3587,602.0570,95,7.274000
0,57.9873,603.7565,126,10.536051
0,431.3568,603.7654,125,10.422852
0,774.2503,603.0878,84,6.202743
0,875.2396,602.3144,64,4.180279
0,903.0202,602.0756,69,4.722487
0,37.4897,603.5500,73,4.934505
0,300.9955,602.6062,60,3.733843
0,447.9506,601.6564,41,1.998213
0,159.2938,606.0830,112,8.997502
0,794.4103,605.6276,145,13.049040
0,931.4303,607.4856,161,14.346481
0,233.0874,605.2950,60,3.630926
0,284.4917,606.5762,142,12.380863
0,757.6924,605.9434,107,8.730107
0,200.7973,607.3497,110,8.906147
0,260.8554,605.5782,61,4.117379
0,339.6933,607.4779,110,9.051298
0,414.4179,606.6951,64,3.690178
0,728.8354,608.4219,95,7.213932
0,321.6135,608.6257,80,5.933946
0,77.4601,617.5345,279,19.975158
0,541.1556,611.2753,152,13.872967
0,181.7075,611.4824,76,5.299928
0,477.9547,611.1486,106,6.466304
0,142.3330,609.8534,33,1.489686
0,371.6415,613.1914,147,12.922893
0,707.1745,611.9210,108,8.595094
0,811.9728,609.2064,25,1.076858
0,949.4800,618.6758,203,17.447408
0,1005.6267,612.3471,123,10.032075
0,497.2503,612.3177,80,5.801638
0,587.3702,612.2163,79,5.717544
0,624.7437,611.9376,65,4.065681
0,890.3743,614.1536,100,8.063794
0,605.2604,615.8189,120,10.284207
0,989.4962,614.4278,59,3.645899
0,10.4760,615.3103,83,6.097971
0,105.4043,615.9265,85,6.556180
0,216.4197,616.1660,94,7.398828
0,914.2027,615.9562,76,5.531178
0,395.8807,617.3227,108,8.609373
0,571.3033,614.7604,41,2.158504
0,663.5128,617.6900,193,17.196045
0,848.6311,616.5161,88,6.771966
0,125.3276,618.5618,115,9.364258
0,353.9273,616.1427,33,1.433635
0,450.0720,618.8727,129,10.161682
0,687.5170,617.9922,88,6.675510
0,827.9347,619.2196,147,12.957276
0,974.7588,616.1730,42,2.332226
0,25.4806,618.9270,86,6.144140
0,246.2774,619.8370,166,11.139713
0,270.1597,618.2169,50,2.849197
0,305.4175,619.5886,86,6.748118
0,869.9584,619.6477,89,6.623311
0,524.3799,622.0968,95,7.323513
0,742.9884,623.5209,149,13.749513
0,768.5495,624.9437,144,10.029265
0,151.1519,624.3731,100,7.810161
0,467.1259,623.2954,78,5.902825
0,637.8348,624.4095,127,10.524982
0,788.5470,623.2294,58,3.888099
0,44.1762,626.6119,177,15.792162
0,169.0981,624.0747,46,2.614753
0,193.3587,624.7949,69,4.566057
0,318.8952,625.6055,71,4.801986
0,560.5446,626.9250,143,12.372998
0,507.5082,625.2002,36,1.813183
0,808.0895,627.5585,111,9.091731
0,282.4138,627.2289,87,6.649478
0,420.3698,628.5862,130,11.212312
0,1016.9036,627.3363,79,5.805223
0,340.4849,630.8099,171,14.266481
0,379.6038,628.1907,80,5.842285
0,719.2212,630.5396,154,13.882192
0,904.3522,635.9598,168,11.902027
0,92.1584,631.2917,138,12.321366
0,137.3196,627.6946,25,0.868256
0,619.4404,628.6225,32,1.265862
0,966.5353,630.2799,81,5.998635
0,181.9113,628.5014,21,0.726170
0,696.1284,631.2131,57,3.515959
0,857.0892,630.8687,69,4.988497
0,982.4709,631.0368,78,5.788233
0,222.3828,632.2466,81,5.872420
0,487.0443,633.7658,146,12.840232
0,592.0588,634.5848,125,10.883693
0,887.1294,633.0569,75,5.639248
0,11.9174,637.5735,189,16.673262
0,401.6901,634.5434,84,6.101251
0,540.4541,633.4360,54,3.630791
0,205.8201,635.5642,87,6.203983
0,653.3944,634.1279,50,2.831424
0,117.1745,637.0360,105,8.588218
0,241.1226,637.5123,103,8.166390
0,677.9188,637.9985,122,10.323283
0,832.4073,636.1054,71,4.720627
0,926.5490,637.3770,140,10.528675
0,263.0178,637.6869,93,6.983472
0,303.8882,635.2435,22,0.803946
0,506.8738,637.6180,46,2.756342
0,791.6641,639.8751,107,8.729615
0,523.9028,639.9613,84,6.005726
0,1006.5817,639.7115,93,7.248373
0,433.4573,642.2851,154,13.647067
0,609.1859,641.6041,102,8.382029
0,873.4346,641.7988,108,8.658400
0,156.7148,641.6009,83,6.338500
0,176.0278,642.2836,107,8.672563
0,466.6074,642.4297,137,12.039928
0,753.7311,642.0700,100,7.671403
0,76.0674,640.5953,26,0.977778
0,290.3514,643.0141,105,8.318980
0,355.6262,642.2624,82,6.164186
0,630.4290,643.4130,105,8.415944
0,555.6347,643.2151,72,4.896165
0,572.9842,652.2378,246,18.483049
0,317.8872,644.0508,73,5.315644
0,387.1682,644.8988,88,6.502908
0,948.9405,645.2813,101,8.345572
0,131.8063,649.5768,202,14.887934
0,851.5484,646.4534,109,8.686006
0,661.1523,646.1871,77,5.734227
0,772.6549,645.7276,64,4.293256
0,706.9529,648.5020,98,7.716718
0,982.0459,649.8208,223,17.508519
0,91.6061,647.4831,37,1.923122
0,273.3783,648.9646,62,3.934767
0,372.5674,648.7615,55,3.356376
0,726.2736,649.0513,69,4.743135
0,808.0355,654.0935,257,21.076583
0,39.5608,652.0167,160,13.539929
0,227.4458,648.6369,35,1.806353
0,205.9433,651.8979,84,5.952744
0,304.5385,651.5119,66,4.289554
0,493.7949,651.0507,69,4.785243
0,538.1673,652.1587,75,5.387319
0,691.1114,651.5962,62,4.148418
0,62.2685,656.3030,169,15.489750
0,335.5770,655.0879,141,12.089603
0,402.9780,654.5568,109,8.786836
0,835.4716,655.0934,105,8.789415
0,931.2857,653.4635,51,2.758170
0,1023.3380,656.0180,83,6.067373
0,81.3457,655.3878,64,4.136505
0,242.1835,654.9912,73,5.044832
0,256.8311,654.7203,57,3.397442
0,514.0781,656.2589,123,10.209333
0,644.5858,654.9909,61,4.227692
0,740.1112,655.8295,96,7.465630
0,103.2561,657.3080,96,7.589817
0,918.5810,655.6327,50,2.771573
0,189.7195,657.2800,81,5.944309
0,1007.5815,657.0107,62,4.031576
0,358.6477,659.4328,92,7.234079
0,445.2234,666.8054,285,22.670776
0,782.8352,657.8555,58,3.620403
0,901.3955,658.3453,82,5.753900
0,419.8063,658.9539,78,5.142290
0,472.7261,659.9285,78,5.828890
0,593.4653,660.3684,123,8.904653
0,621.1998,661.0766,170,15.045925
0,761.4924,660.2500,113,9.191219
0,884.4886,658.4709,52,3.483784
0,18.0265,661.1009,115,9.608950
0,156.5420,660.3202,173,13.809419
0,221.0408,659.7230,53,3.185667
0,674.4703,661.5828,141,12.283933
0,868.0745,660.8767,97,7.628422
0,286.0414,658.9972,26,1.111509
0,549.8222,661.6878,73,5.003189
0,953.0291,664.1212,139,12.110076
0,380.4368,664.1396,102,7.746749
0,176.2096,661.3032,13,0.301555
0,267.8846,663.5897,56,3.259171
0,718.3940,665.3659,97,7.716914
0,313.1721,666.3879,101,8.170369
0,969.4145,664.2557,43,2.268323
0,498.7083,666.6542,95,7.254887
0,655.6963,667.3977,82,5.903430
0,820.8879,667.6724,62,3.973838
0,206.3012,670.1354,85,6.392088
0,533.8621,669.8563,91,6.753273
0,699.8263,670.4926,92,7.412086
0,933.5295,671.4402,112,8.973874
0,113.5960,671.2474,81,5.745422
0,132.8232,672.7685,120,9.964260
0,233.5284,673.2677,148,13.144452
0,348.8900,671.6412,77,5.422119
0,73.8329,671.1708,39,2.026186
0,90.2852,672.4486,70,4.756958
0,182.2439,672.0713,62,4.041889
0,254.3680,672.5284,72,4.985752
0,284.4631,673.5704,109,8.265000
0,638.6501,672.6628,79,5.683361
0,846.8176,673.3291,124,10.429431
0,895.7040,671.5856,49,2.543284
0,983.8321,673.5379,107,7.970093
0,38.9751,675.8655,162,14.969495
0,299.6278,672.5142,48,2.457978
0,772.3501,672.2573,54,3.137220
0,913.1785,673.5768,88,6.665791
0,1003.9036,677.1839,173,14.607647
0,415.6474,674.5928,87,6.859705
0,1018.3545,670.9481,12,0.230518
0,5.9936,674.8286,76,5.178634
0,329.3588,675.1000,66,4.574052
0,733.6521,676.6318,114,9.314464
0,463.5815,675.8708,49,2.983909
0,480.2860,676.4091,92,7.074436
0,750.4101,676.9710,87,6.432693
0,881.7490,677.5714,106,7.904392
0,516.1388,678.4622,111,9.118644
0,591.5057,675.7393,32,1.366681
0,804.8115,693.1701,244,17.556170
0,397.5458,679.4786,104,8.101014
0,553.1189,677.5795,52,2.884507
0,376.5700,680.7967,110,8.762446
0,57.3557,680.1553,78,5.550825
0,572.8357,680.5499,94,7.421918
0,607.6221,681.6711,110,8.774721
0,686.3558,681.9157,112,9.267405
0,863.2467,679.4805,58,3.786737
0,155.0288,680.9676,111,6.602110
0,829.6389,682.9030,131,11.513445
0,196.5113,684.2240,113,9.255744
0,783.9909,687.0908,129,8.810885
0,15.3482,692.0539,173,12.347265
0,78.2999,687.1404,124,10.381141
0,220.1802,685.8694,79,5.828639
0,494.0594,685.6652,76,5.416852
0,665.9450,689.6545,200,15.474592
0,975.4276,685.0584,66,4.204544
0,174.9225,686.4078,84,6.164607
0,263.5472,687.0792,113,9.532624
0,317.1567,686.2828,91,7.265849
0,358.6205,686.6217,78,5.479181
0,623.8528,688.3960,127,10.760212
0,955.7993,691.1256,182,16.160200
0,96.5245,686.5820,53,3.245166
0,341.6495,687.7352,80,5.689561
0,540.2070,686.6366,60,3.853312
0,710.4447,689.6819,158,14.247132
0,903.4368,687.2631,69,4.598143
0,118.8089,690.5549,168,14.295871
0,303.1677,686.4067,29,1.350194
0,644.0086,687.6156,51,3.071852
0,764.3322,689.8771,77,5.508647
0,919.0513,687.8247,31,1.260335
0,934.9039,690.3631,83,6.128235
0,425.3712,692.3408,125,10.580298
0,582.8329,697.0476,180,13.051477
0,286.1716,693.8427,137,12.097959
0,447.0124,692.6542,74,5.432631
0,472.1619,695.4143,196,16.465595
0,558.3664,693.0528,91,6.927152
0,145.7737,695.5063,99,7.902200
0,526.6248,692.8141,44,2.422540
0,387.0571,694.5464,40,1.996559
0,869.9618,697.7461,159,13.242712
0,509.5618,697.2216,103,7.919509
0,744.0304,697.7742,141,11.696014
0,59.9763,698.9446,110,9.168617
0,232.9194,699.2017,126,10.869500
0,251.4005,702.8848,133,8.666676
0,404.2930,699.1983,129,10.874474
0,40.0403,700.7395,150,13.823866
0,209.1891,696.2945,29,1.238592
0,1017.2114,699.8080,135,11.878172
0,369.6091,700.8108,120,10.118839
0,893.6515,699.0613,80,5.959873
0,163.0976,699.1954,49,2.931256
0,996.5632,701.8851,102,8.342247
0,101.1482,700.8562,45,2.566710
0,181.9319,703.2005,114,9.301673
0,308.5442,701.2234,43,2.258884
0,649.1860,701.5334,57,3.593043
0,780.3384,700.6603,26,0.897329
0,850.8929,702.4688,72,4.568414
0,975.0426,703.0384,116,9.959501
0,492.6794,700.6073,20,0.665214
0,540.6575,702.9285,59,3.622062
0,598.2161,703.1409,60,3.895321
0,688.8902,707.8771,128,7.284780
0,838.2127,701.1803,30,1.160518
0,925.3831,702.5744,62,4.124769
0,341.3430,703.9452,76,5.438768
0,724.8616,705.3739,94,7.316425
0,824.4912,705.0790,125,10.419432
0,910.3426,703.6690,39,2.012894
0,324.7538,706.1721,84,6.263755
0,196.6466,707.0795,55,3.325751
0,270.1208,707.8187,101,8.403964
0,438.9889,707.9739,82,6.015555
0,766.5861,708.0023,104,8.076562
0,79.9875,708.1175,72,4.884691
0,614.9430,710.2769,153,13.476504
0,635.5469,707.4733,53,3.368082
0,117.4879,710.2606,103,8.097632
0,526.9981,709.3868,75,5.179009
0,561.5712,710.5365,101,7.953123
0,214.2810,712.4067,127,11.072178
0,356.9774,709.7500,26,1.075983
0,390.8285,710.2106,48,2.667330
0,663.9507,712.4655,130,11.140527
0,137.6306,712.9613,103,8.106743
0,155.9244,712.3220,75,5.304762
0,458.3328,714.7766,138,12.562166
0,17.0816,715.0725,168,14.197819
0,307.4113,716.1464,119,9.890908
0,503.4754,716.0499,140,10.581233
0,704.5192,719.5083,160,11.267379
0,949.5407,718.8673,166,14.190996
0,99.5239,715.3395,72,4.965567
0,287.6698,720.3528,133,10.334148
0,890.8876,715.7128,148,9.788960
0,420.1316,717.7433,156,11.047990
0,782.5943,718.0098,96,7.420840
0,807.8801,717.6958,94,7.200428
0,931.9063,716.4109,50,2.986136
0,543.7251,718.4879,78,5.696158
0,646.1875,717.5585,39,1.826512
0,738.1338,718.8068,97,7.908429
0,755.3791,717.8833,52,3.044123
0,856.0092,725.3013,171,12.747581
0,915.6234,721.9966,125,9.546328
0,1013.0996,724.4407,207,14.875043
0,46.7509,722.0441,127,10.595451
0,66.0596,720.3256,88,6.754010
0,582.1033,720.8599,110,8.993974
0,348.0859,721.5707,88,6.597160
0,484.5751,722.4598,112,8.788657
0,836.9911,722.0575,109,9.130548
0,979.9229,723.1430,260,20.783651
0,170.0594,722.6811,98,7.704660
0,366.9796,730.5515,166,12.023302
0,396.8152,724.2303,124,10.054637
0,229.1093,727.8465,136,9.908959
0,258.5500,722.4330,55,3.009601
0,198.3904,725.4538,98,7.805954
0,332.6185,724.3789,94,7.477170
0,380.4261,722.6854,23,0.802986
0,628.4320,725.9794,120,9.923035
0,723.9016,724.8910,47,2.926191
0,84.4771,730.7096,155,12.357855
0,523.8921,727.3025,96,7.363029
0,561.0638,725.7780,49,3.033959
0,244.3074,727.1372,54,3.142738
0,795.9933,728.0890,64,4.092526
0,121.4453,730.1176,109,9.037534
0,685.0905,729.6096,92,7.069976
0,438.7925,733.7421,192,16.833866
0,596.3505,731.8034,119,9.553578
0,876.1705,731.7441,132,11.247644
0,269.4372,730.8317,73,4.908609
0,467.5566,732.9589,135,11.684662
0,665.9452,730.9104,69,5.263509
0,19.5851,734.5861,122,10.714507
0,101.6782,733.7526,89,7.098345
0,140.1328,734.1768,106,8.127559
0,765.7018,732.4204,44,2.135801
0,898.1741,733.3856,76,5.358147
0,314.0083,735.8193,188,16.959000
0,933.3359,735.5880,116,9.442411
0,185.4224,734.4251,49,2.582740
0,778.7370,734.9197,78,5.194793
0,829.3043,739.5883,201,14.466638
0,541.3997,737.2276,100,7.733804
0,611.4905,735.0879,54,3.241391
0,749.9345,737.3615,129,11.184554
0,37.4213,736.9288,63,4.263127
0,210.1579,738.1435,87,6.361286
0,509.7355,736.8354,62,3.848415
0,711.5383,738.8602,113,9.354234
0,63.4055,742.7486,169,11.790916
0,153.8145,738.9636,59,3.558919
0,250.6895,740.1243,87,6.458338
0,286.5330,741.8760,108,8.805904
0,562.7251,739.8724,65,4.240262
0,169.8730,742.5265,123,10.277715
0,986.6743,740.3204,54,3.661530
0,634.0548,742.8006,112,9.242959
0,344.4579,744.6659,144,12.724922
0,387.0544,747.8440,206,17.780694
0,577.9791,745.0042,145,12.759359
0,655.2590,743.6331,94,6.994371
0,728.7645,743.5828,83,6.136714
0,414.8168,745.0255,100,7.286838
0,496.1244,745.8922,130,10.362188
0,789.8381,741.9460,22,0.872758
0,806.0799,745.1218,108,8.882405
0,915.2260,745.6410,104,8.200143
0,951.0205,745.2825,91,6.933484
0,1003.1711,745.3543,120,9.976631
0,862.8728,746.1725,87,6.564194
0,967.5197,746.2057,99,7.667998
0,116.3332,746.5416,80,5.802422
0,226.5203,746.5534,76,5.324921
0,672.7122,748.8275,106,8.525482
0,689.5395,747.3473,55,3.461420
0,1021.1953,747.9348,56,3.447259
0,186.7622,749.3567,72,4.814601
0,516.9273,756.9113,217,16.505855
0,767.6842,747.8734,41,2.244510
0,891.2510,750.8655,115,9.592312
0,48.1805,749.5846,42,2.186957
0,264.5643,751.8654,123,10.282770
0,79.9593,751.0265,62,3.803253
0,450.1125,752.5502,114,9.684032
0,615.2728,752.2750,127,10.664281
0,31.9144,752.7912,78,5.720696
0,299.2622,752.1713,64,4.012737
0,470.2247,754.2460,141,12.418794
0,12.8780,754.8119,113,9.397731
0,329.7374,752.5996,53,3.126141
0,703.0064,753.1254,61,3.775440
0,546.8362,755.4953,180,16.887765
0,136.9948,755.2553,78,5.620446
0,211.3340,754.8915,60,3.625143
0,980.5254,760.3140,147,9.438447
0,736.6143,757.7769,115,9.545892
0,931.6257,757.3185,116,9.583661
0,246.7967,758.0776,63,3.913111
0,358.5760,759.9994,117,9.679799
0,792.5546,758.4936,87,6.713330
0,834.1709,758.1140,54,3.305738
0,850.5013,758.2842,87,6.726616
0,153.6374,759.9967,106,8.549196
0,409.5445,759.5730,82,5.919068
0,433.3271,759.5691,80,5.678510
0,775.1724,760.3983,98,7.557235
0,100.4917,762.0008,189,16.426009
0,648.0598,758.1240,25,1.031772
0,756.2282,761.7022,96,7.411889
0,1005.2936,761.4498,71,4.881489
0,122.5079,761.6970,68,4.430674
0,376.6477,762.3382,78,5.665248
0,585.2131,762.3853,70,4.750045
0,685.0237,762.5518,78,5.696787
0,194.6052,765.3632,126,10.997147
0,228.4718,764.7233,114,9.587477
0,282.6171,765.1049,146,12.060045
0,875.9640,767.9047,149,11.520018
0,634.3666,764.8066,113,8.494617
0,47.9842,764.7057,58,3.539286
0,312.5345,765.5227,153,11.126830
0,491.3948,767.4402,138,12.314259
0,602.4268,767.1114,142,12.365932
0,948.4879,766.8094,143,12.486476
0,170.6170,770.0414,137,9.527608
0,340.2200,764.4827,32,1.415410
0,712.2983,766.8253,146,10.360687
0,1023.5541,767.0800,81,5.906574
0,78.1637,767.2914,85,6.076675
0,660.7083,768.2771,113,9.328019
0,806.1510,771.9254,190,16.896055
0,260.5115,768.7539,54,3.277802
0,892.1053,769.2773,72,4.917690
0,26.6517,773.2753,159,14.416080
0,454.2267,778.5283,120,6.715140
0,911.7200,772.9265,166,15.039533
0,63.2680,770.8453,72,4.868107
0,557.0949,772.3513,102,8.116073
0,829.4878,773.1557,127,10.410015
0,137.7762,771.9600,65,4.379096
0,420.3390,772.5825,89,6.684751
0,211.2333,774.4745,88,6.868022
0,573.1009,775.6333,102,8.002719
0,856.8295,774.9611,99,7.808163
0,331.0886,777.0272,119,9.983064
0,743.6806,774.8100,68,4.705100
0,392.5646,776.0192,144,10.855921
0,437.9157,776.6144,79,5.693053
0,537.8106,776.0962,72,5.030163
0,473.4811,778.7984,116,9.716805
0,964.2771,777.5156,86,6.288410
0,678.7163,779.7007,118,10.074798
0,765.4479,779.4643,107,8.229551
0,988.5494,779.6810,118,9.281461
0,46.7172,779.4570,63,4.244714
0,117.6149,779.4060,84,6.046614
0,355.3489,778.7687,141,9.143715
0,644.3911,779.4380,80,5.805701
0,1010.7701,780.5674,116,9.738511
0,292.0694,780.1124,67,4.355484
0,696.5177,779.4277,54,3.501318
0,726.5767,780.5526,88,7.010675
0,248.5836,785.5879,170,14.755019
0,621.8118,783.6646,128,10.707275
0,8.6097,781.5321,52,3.110595
0,75.9997,782.8052,75,5.283840
0,507.0471,787.7425,406,29.663536
0,784.0146,790.2837,213,15.929451
0,179.3637,785.1867,111,8.768702
0,267.9678,784.3023,74,5.199896
0,844.9529,783.4069,58,3.467837
0,228.2561,789.2203,152,13.002643
0,374.9110,782.4158,16,0.485468
0,933.0301,784.0092,45,2.754520
0,100.1137,787.4259,112,9.131041
0,308.3384,786.7126,102,8.195165
0,412.4872,783.8423,20,0.708252
0,587.1003,788.3195,165,14.886100
0,137.9152,788.4023,134,10.042227
0,658.8370,787.1651,43,2.402956
0,886.5040,803.1056,311,24.906584
0,948.8035,789.4381,128,11.230575
0,559.9995,789.7930,54,3.230797
0,749.7013,790.0309,60,3.715845
0,158.8175,792.2645,92,7.017807
0,210.2652,791.5118,69,4.761932
0,707.8079,792.0042,96,7.195293
0,829.2248,789.6285,31,1.459455
0,812.8840,793.1913,99,7.959138
0,913.9497,792.7448,184,15.864127
0,20.7930,793.4621,67,4.426853
0,544.7390,793.6603,66,4.391360
0,605.6793,793.8267,73,5.086641
0,364.6461,792.7443,29,1.038003
0,400.1165,796.3559,115,10.002768
0,966.3910,792.1843,28,1.081505
0,1018.8451,794.4856,73,4.423832
0,43.4810,803.4517,241,18.987544
0,382.1415,794.8910,68,4.822585
0,440.6585,796.5926,116,8.824803
0,731.0252,796.8171,116,9.728397
0,115.0412,796.0236,69,5.009081
0,292.8488,795.6098,60,3.956434
0,324.2994,799.6258,166,15.278997
0,464.4868,797.1531,107,8.601683
0,671.2253,797.3251,93,7.158439
0,691.9191,796.0362,64,4.062546
0,66.7038,799.9577,141,12.237007
0,277.1210,798.0941,98,7.682328
0,351.3003,796.1325,55,3.306151
0,420.0240,799.4842,128,10.907783
0,645.3112,800.3252,116,8.674054
0,863.7424,799.1123,131,10.151814
0,996.4091,797.5919,101,7.883647
0,85.5851,798.6586,88,6.524235
0,191.9619,800.1066,164,14.971471
0,765.7484,798.0122,71,5.069419
0,842.6379,802.8847,129,11.108148
0,627.7203,803.6456,123,10.621395
0,521.8651,803.9645,96,7.570622
0,973.5399,805.2440,114,9.141503
0,5.7852,806.5477,102,8.000122
0,365.4028,807.8094,102,8.061358
0,559.5993,808.0805,127,11.035330
0,595.1416,804.9284,26,1.125304
0,802.5704,803.9347,17,0.534636
0,27.1682,806.4196,43,2.148831
0,146.4566,808.6909,122,10.721687
0,541.3115,806.5763,48,2.631427
0,932.2402,808.4951,104,8.468605
0,100.5093,807.9816,60,3.846827
0,169.0227,808.6858,102,8.299319
0,238.8098,809.4637,111,8.859429
0,262.3734,810.5567,139,11.981993
0,345.3081,808.8799,81,5.763460
0,715.6329,810.0453,128,10.762743
0,749.5366,812.1556,161,13.805172
0,813.2271,808.2896,52,2.740170
0,954.9105,809.7704,95,7.467261
0,122.6365,811.7057,116,9.534874
0,500.9982,815.0895,194,16.117236
0,687.2073,811.6726,107,8.609395
0,382.8685,810.8122,63,3.952515
0,609.9740,812.0793,89,6.477537
0,215.2840,814.7509,174,16.597931
0,299.4395,812.4999,90,6.806038
0,1003.8478,813.7865,74,5.086761
0,578.4858,816.6313,137,11.803766
0,663.1680,817.8740,223,17.423923
0,913.3284,815.3019,125,10.971279
0,313.3755,813.3855,32,1.387300
0,428.0054,814.0274,47,2.973118
0,461.3271,815.0681,73,5.211938
0,791.8833,817.5415,134,11.523970
0,830.9242,817.1357,127,10.622055
0,83.5620,813.6626,14,0.369547
0,989.6243,815.9947,59,3.621732
0,401.3269,817.9652,106,8.526596
0,479.6679,818.6291,120,10.155407
0,767.6042,828.2975,241,18.580543
0,281.6680,818.9402,98,7.684427
0,858.9187,819.2727,106,8.706819
0,18.3366,821.3559,133,11.578548
0,191.3828,821.3464,97,7.953579
0,593.4418,820.2331,66,4.446189
0,1017.6766,821.1824,96,7.454926
0,99.4826,823.0458,101,7.951669
0,441.9877,823.8918,140,11.905045
0,531.6505,822.8272,139,11.923692
0,62.8117,824.3543,123,10.501519
0,337.1727,825.5565,142,12.429655
0,549.1474,820.7730,14,0.339563
0,726.3386,820.5859,12,0.257035
0,875.6670,823.2517,65,4.426046
0,249.8511,824.1106,68,4.449658
0,417.2936,824.7960,83,6.116762
0,133.2321,824.4653,50,2.867480
0,940.0394,826.6658,128,10.881853
0,978.0335,825.4477,82,5.979526
0,360.3062,827.1312,105,8.269557
0,379.4315,826.0075,63,4.396883
0,515.8587,824.6674,35,1.666027
0,629.3302,827.8694,129,11.165826
0,816.0984,835.2221,263,21.204389
0,80.6270,827.8236,95,7.402770
0,610.7126,826.2513,47,2.554991
0,695.4093,830.9401,139,11.687723
0,150.3041,829.3713,102,7.985354
0,172.1847,829.9242,147,13.297579
0,960.7648,828.9100,86,6.380869
0,306.0240,832.1576,205,15.865524
0,466.0519,830.5973,84,6.460730
0,564.5470,831.6814,109,8.723715
0,32.1396,830.9967,43,2.307678
0,716.2537,838.2165,196,16.913434
0,739.7712,834.0526,175,13.344336
0,901.4398,833.1590,94,6.971896
0,118.6457,834.2395,122,10.473126
0,240.3732,832.4601,41,1.985737
0,650.3749,834.0270,90,6.748870
0,918.6700,834.0063,91,7.042643
0,226.6258,833.0413,44,2.591932
0,47.6267,835.8562,105,8.458184
0,392.2495,836.2804,116,9.563040
0,840.3258,835.3293,125,7.708082
0,866.7403,837.8581,106,8.390538
0,1002.3973,842.5596,191,16.100444
0,206.8020,841.3011,183,17.344515
0,430.4436,838.9204,82,5.727691
0,546.2483,840.7376,139,12.173177
0,590.0046,836.4263,32,1.447354
0,4.3260,840.3232,116,9.457831
0,256.7742,840.2960,103,8.285898
0,482.0679,838.9638,56,3.352290
0,505.5957,840.1202,136,11.705837
0,139.0023,838.7450,42,2.399181
0,782.9217,840.5588,81,5.392792
0,987.6268,837.6867,13,0.252206
0,103.9846,840.9512,59,3.532259
0,680.6864,841.8039,98,7.736757
0,23.9613,842.3346,71,4.720935
0,331.2477,840.2413,28,1.120556
0,604.6069,842.6546,89,6.761675
0,973.6228,841.6360,62,3.995140
0,186.4608,843.2779,75,5.315806
0,369.4399,844.6720,107,8.585595
0,663.6205,844.2029,93,6.991734
0,951.8558,843.4544,86,6.645446
0,347.4979,844.6195,86,6.543176
0,620.6993,843.5856,66,4.456220
0,411.7845,845.6993,99,7.787472
0,460.1458,845.6658,86,6.349907
0,637.2719,842.5612,14,0.361137
0,289.6031,846.7412,93,7.187713
0,528.1598,847.6327,109,8.898473
0,885.6927,848.3796,159,14.405900
0,63.3397,846.6331,62,4.098419
0,83.3490,849.0218,141,12.323627
0,271.5969,848.0259,98,7.531272
0,573.6799,848.8867,136,11.960316
0,153.0371,847.5864,62,4.196294
0,802.9258,855.2400,187,14.981118
0,234.6345,850.4290,169,14.974943
0,317.5618,848.5042,53,3.391718
0,921.9071,852.2462,166,15.260753
0,124.6216,851.5616,57,3.828503
0,173.9847,864.8447,331,23.692228
0,845.2659,851.5773,54,3.317970
0,427.5757,851.5225,31,1.292659
0,489.7472,859.2900,202,14.480861
0,589.8476,852.5982,61,4.062179
0,703.7896,853.6157,65,4.290362
0,49.4949,856.1815,96,7.507652
0,442.6103,858.3981,170,15.292562
0,643.5871,856.7328,166,14.609846
0,748.0528,854.8736,151,9.745460
0,980.8862,861.4921,174,13.525749
0,31.0490,856.0647,70,5.043572
0,332.2847,855.5385,60,3.972690
0,863.8457,857.1928,96,7.495462
0,1013.6695,858.2942,118,9.419590
0,392.7460,858.5968,139,11.064733
0,782.8316,857.4264,66,4.514515
0,8.6124,870.3062,252,19.205871
0,514.0317,862.9562,137,9.859169
0,769.0972,856.8378,35,1.592643
0,107.8560,862.7670,188,16.697969
0,352.1524,858.8820,67,4.625203
0,616.4768,860.1582,97,7.362789
0,832.6433,860.5480,110,8.880969
0,961.0098,860.8953,117,10.197534
0,465.3654,861.1950,87,6.516715
0,899.1349,863.4491,124,7.403486
0,942.1882,860.3968,84,6.504146
0,138.2554,863.7899,181,17.154949
0,370.3361,861.6829,83,5.866460
0,296.2644,862.4423,94,7.406260
0,674.0512,862.1678,121,7.597422
0,68.1950,870.2544,191,15.633350
0,197.6439,863.5874,84,6.241858
0,255.0928,864.4992,108,7.879880
0,315.3299,864.5038,108,8.631231
0,413.7253,869.0063,157,11.517036
0,560.2552,864.4521,120,9.808639
0,600.8029,862.1849,51,2.792305
0,725.9720,865.5955,144,12.463932
0,215.1938,865.5019,103,8.346099
0,532.6423,862.0932,9,0.180590
0,693.0180,867.0338,105,8.312945
0,877.7555,866.4453,56,3.441067
0,271.9851,868.6389,90,6.700661
0,234.1859,869.5945,91,7.270982
0,543.4876,869.0619,82,6.302942
0,587.8827,868.5892,49,2.657230
0,39.9597,869.2046,48,2.828575
0,707.4353,868.7009,32,1.564326
0,853.5526,870.7497,99,8.026430
0,89.4859,872.1261,81,5.895103
0,476.5379,871.8154,50,2.940534
0,652.7690,871.9579,50,3.108098
0,744.9860,873.5142,101,7.886336
0,766.6021,872.6526,107,8.718906
0,926.7961,874.2227,132,11.361956
0,997.2804,871.7704,64,4.233305
0,346.4211,876.8635,276,22.686215
0,617.8331,875.2610,70,4.903288
0,787.1937,876.3360,120,9.810429
0,815.7618,876.2075,101,7.855498
0,154.1320,878.8626,148,13.156157
0,379.4794,875.6631,58,3.806212
0,25.5417,878.5931,104,8.269810
0,289.9738,878.5687,109,8.954770
0,451.1758,878.9839,123,10.150649
0,530.8289,876.4277,51,2.786178
0,396.0330,878.8084,87,6.541719
0,571.8094,876.6376,36,1.779123
0,431.5798,880.6752,99,7.791791
0,637.9102,880.5375,134,11.850742
0,947.3818,880.0165,113,9.778030
0,318.1734,880.3854,84,6.317977
0,500.4095,879.5087,52,3.361280
0,198.4800,881.8900,104,8.271754
0,837.9231,882.2217,116,9.723646
0,907.1550,882.7213,123,10.540397
0,586.9853,881.6234,62,3.846997
0,716.0628,880.6212,40,2.047700
0,884.1262,883.7827,138,11.862383
0,1010.0692,883.7068,118,10.128334
0,46.6571,885.0684,137,12.086821
0,103.3219,882.3562,54,3.306378
0,682.7548,883.1548,75,5.428314
0,972.9335,883.7272,100,7.469931
0,484.1875,883.7155,62,3.934164
0,520.4770,883.0165,49,2.686478
0,127.3244,888.1009,167,15.028372
0,264.8639,886.6515,127,10.795246
0,555.1759,886.8158,127,10.746942
0,606.2638,886.6419,98,7.627829
0,662.1391,887.9767,188,14.859850
0,238.5957,887.4492,112,8.607320
0,699.4502,886.5501,86,6.347463
0,217.6086,888.7583,115,9.539063
0,467.8816,890.9423,126,10.202834
0,855.0083,887.0571,45,2.757287
0,369.2435,891.2871,97,7.542342
0,87.1143,894.1172,158,13.978493
0,574.5051,891.5209,65,4.199413
0,752.1169,892.5588,105,8.490549
0,991.0434,892.3793,113,9.568388
0,818.0845,893.9082,105,8.641802
0,69.5341,893.2474,58,3.673844
0,507.7685,894.8674,110,8.960239
0,722.7021,894.4788,95,7.559763
0,771.2948,894.4008,115,9.756383
0,383.9796,893.3304,40,1.871557
0,414.2212,893.8712,71,4.952183
0,798.4752,896.8128,152,9.962422
0,957.0870,893.8060,63,3.781644
0,282.7773,897.3482,108,8.520725
0,428.9206,895.2731,41,2.257872
0,529.8672,895.6786,103,6.183569
0,923.6720,898.3312,136,11.972588
0,25.1496,899.5521,138,12.301552
0,165.1226,895.7487,28,1.044498
0,302.3454,899.2702,118,9.955436
0,396.8519,897.8820,100,7.505075
0,620.7011,899.4639,134,11.890541
0,870.4669,899.5775,136,11.713857
0,0.2193,898.0794,68,4.699811
0,109.6380,899.2764,105,8.228203
0,321.3382,899.2050,109,8.641409
0,588.8277,898.1632,78,5.387604
0,183.3319,899.1134,157,11.353116
0,147.0750,901.2209,123,10.464741
0,251.6114,898.3711,32,1.384083
0,706.5810,899.1792,36,1.736963
0,206.0169,899.9829,43,2.178746
0,683.2462,902.2151,110,8.791922
0,484.7545,904.7217,165,14.009932
0,834.3087,901.8884,66,4.305578
0,57.7643,903.2684,64,4.053933
0,892.8937,904.2911,119,10.067009
0,234.6381,904.8538,106,8.573268
0,340.2872,904.8239,66,4.335173
0,355.9165,905.2010,106,8.548474
0,443.2103,907.5740,217,17.905843
0,554.8912,905.3916,95,7.423233
0,645.3542,904.7844,81,5.818849
0,850.6617,905.1056,114,9.460607
0,942.9309,907.2732,138,12.284272
0,976.2405,905.3787,115,9.262366
0,1006.4893,905.7183,86,6.536293
0,731.1232,907.5769,122,9.270452
0,264.9367,907.4942,86,6.211730
0,779.6712,909.7547,112,9.067951
0,571.4750,910.0210,86,6.512016
0,754.6698,908.9044,70,4.706641
0,663.9299,910.4584,92,7.119423
0,960.4112,908.9866,46,2.767540
0,39.7885,912.6634,121,10.198432
0,74.9517,910.9331,69,4.490055
0,516.9929,912.6043,104,7.151609
0,909.3709,911.4739,66,4.496993
0,701.9016,913.3612,108,8.818420
0,13.2571,913.3569,72,4.816032
0,93.6574,910.5670,17,0.499753
0,288.1666,909.9854,8,0.090931
0,372.3270,913.6727,91,6.972966
0,408.4015,914.2902,192,15.665671
0,197.1216,913.6956,59,3.747169
0,536.0045,914.6114,98,7.683136
0,591.7988,914.7042,81,5.713573
0,824.6651,912.0067,27,1.174671
0,108.3390,915.2077,56,3.451567
0,176.0060,920.7753,233,19.962059
0,213.2057,915.7279,101,7.977003
0,633.7917,917.8716,145,12.900765
0,1021.6379,916.7856,101,7.651169
0,465.0846,915.2625,48,2.717110
0,327.9890,918.8807,130,8.260653
0,812.3481,916.9069,59,3.686420
0,992.9099,918.1064,110,8.907052
0,146.0491,919.3210,138,11.690451
0,612.5475,924.4493,195,14.119051
0,885.1442,918.9712,81,5.972657
0,301.7528,920.9303,136,11.768975
0,58.9165,921.6497,127,10.948991
0,125.2815,921.3161,105,8.083967
0,489.6912,921.0537,116,7.601312
0,681.1041,920.9821,93,7.163449
0,924.6337,922.0094,124,10.488045
0,234.1901,922.3133,103,8.111424
0,258.4626,922.2938,103,8.017304
0,741.3638,921.7448,93,7.253938
0,866.7636,922.2689,104,8.534077
0,759.9820,923.1178,81,5.835434
0,281.7394,925.3119,118,8.125291
0,350.0420,927.8811,153,12.888026
0,456.5388,929.8967,145,8.954284
0,549.0493,926.0374,85,5.919660
0,797.8197,929.0565,217,19.102784
0,569.1555,931.4088,164,11.930258
0,848.3612,928.1455,131,11.041802
0,902.6881,925.4816,58,3.894955
0,951.8831,927.5269,101,7.728155
0,972.0062,927.1244,100,7.882013
0,80.3458,925.3456,23,0.749092
0,92.8018,927.7109,93,6.711795
0,427.7812,928.7251,107,8.712662
0,655.9774,931.0350,194,16.942974
0,715.7213,928.6344,172,15.829158
0,372.2013,929.1655,87,6.438740
0,827.2904,929.9829,121,10.081455
0,388.5265,929.2543,83,6.290235
0,11.8775,930.5602,90,6.686759
0,523.6393,932.7722,139,11.418796
0,109.5412,930.7188,53,2.820802
0,503.3591,930.2333,51,2.987100
0,588.8421,931.4883,70,4.566582
0,769.9665,938.6807,162,10.853013
0,202.4967,934.2039,130,10.417973
0,218.5881,929.5761,12,0.256635
0,406.5601,932.9341,94,7.319892
0,37.8805,933.5872,97,7.552755
0,478.1222,936.7401,111,9.282556
0,997.5046,935.8767,82,6.024007
0,157.5984,939.8246,122,8.644997
0,693.0514,935.8004,57,3.532096
0,72.6991,938.3877,86,6.674314
0,134.9149,938.0618,115,9.702090
0,246.1226,937.6870,98,7.649142
0,736.5702,936.0272,30,1.244926
0,1014.8619,943.1706,178,14.638602
0,277.5414,945.8566,212,16.401432
0,309.0979,942.3080,144,13.179378
0,334.9424,942.5471,166,14.957592
0,891.3542,941.6067,112,8.898703
0,983.2722,938.1863,22,0.795229
0,174.8914,940.7130,49,2.832713
0,545.7983,941.4623,71,4.901044
0,631.8490,942.7750,122,10.388079
0,677.3564,944.5768,162,14.557870
0,873.9339,941.6643,97,7.449987
0,912.5100,942.1021,114,9.691589
0,928.2545,938.8031,26,0.866785
0,941.1248,942.0637,100,7.302295
0,963.2515,940.6879,62,3.952019
0,53.6789,942.7976,106,8.747317
0,225.2701,948.2936,202,15.045310
0,601.2794,943.1183,114,9.607004
0,109.9693,944.5027,89,6.650435
0,445.3449,944.6543,109,8.898739
0,90.0571,944.7774,77,5.281757
0,496.6145,943.6932,58,3.618687
0,750.5858,943.8114,64,4.221847
0,27.3867,944.0589,50,2.884765
0,420.5645,945.0227,80,5.741207
0,785.8376,945.0736,66,4.198294
0,819.0007,944.5906,59,3.720166
0,391.2702,947.2612,93,7.132196
0,704.1359,945.2469,50,2.824813
0,512.0365,947.6772,90,6.848029
0,846.0471,948.5985,101,7.808375
0,366.3958,949.5720,124,10.417876
0,720.0457,947.5328,55,3.222906
0,9.3169,952.9856,149,12.335904
0,560.1195,952.5817,123,10.389460
0,584.0980,952.3857,100,7.829398
0,862.8508,950.6831,45,2.504349
0,198.4076,953.2768,119,10.341783
0,649.3825,951.1328,50,2.895455
0,740.6236,961.9846,250,20.455253
0,988.3780,953.2349,119,9.832776
0,174.9991,955.6974,130,11.193066
0,467.0852,959.3728,194,17.108048
0,801.1511,955.7645,128,11.126520
0,130.0324,954.8872,69,5.318682
0,535.6956,957.6897,130,11.178801
0,950.1266,952.8965,11,0.275636
0,966.3540,957.4558,129,11.071753
0,98.6186,955.7551,61,3.859433
0,259.9520,957.2221,106,8.453941
0,831.3810,956.0345,77,5.514668
0,929.1110,956.5156,73,5.028383
0,488.7269,957.9302,100,7.934307
0,905.6303,955.7708,30,1.384177
0,43.2485,960.4310,114,9.272427
0,69.3490,960.4651,168,14.882553
0,406.6719,959.7398,109,8.907367
0,693.8812,959.3437,103,8.001473
0,146.9257,959.9032,88,6.505072
0,299.2304,959.8033,81,6.121400
0,243.7529,960.0466,74,5.253052
0,318.7062,960.7860,85,6.588915
0,665.3592,961.6770,106,8.470890
0,426.9094,960.6208,69,4.691852
0,616.6079,961.8875,167,13.639393
0,764.2419,962.5256,102,8.179237
0,888.1282,963.0114,127,10.477988
0,340.9305,962.8905,105,8.322629
0,382.7671,962.9077,98,7.924782
0,441.9927,962.2395,83,6.200440
0,642.0800,964.9984,116,9.508944
0,710.6633,965.2333,132,10.013151
0,781.1442,964.0659,89,6.312754
0,817.7820,961.4391,28,1.171379
0,24.7939,965.8301,132,11.353938
0,513.1066,965.1905,107,8.877378
0,850.3843,962.9408,42,2.193323
0,117.1475,967.1403,119,9.775754
0,362.4217,966.5029,73,4.953180
0,869.5915,967.4738,125,11.278391
0,942.9176,965.9689,69,4.998774
0,593.6353,971.1418,149,12.276892
0,1012.5205,968.7073,103,7.817269
0,570.6080,970.0799,121,10.005885
0,212.5821,968.2525,34,1.556351
0,907.0725,969.5637,67,4.147121
0,162.6628,971.6696,119,10.044036
0,550.2109,970.5338,79,5.661859
0,97.0526,971.9305,90,6.561857
0,199.3448,971.1202,71,4.669389
0,922.9516,970.9771,69,4.889152
0,230.3623,974.0250,153,13.484659
0,726.9960,970.8529,27,1.207929
0,975.3692,971.5930,54,3.473732
0,137.5735,973.6867,85,6.263246
0,263.3711,973.4009,92,6.873617
0,287.8929,975.3171,133,11.261618
0,829.7800,973.1783,74,5.260162
0,992.0147,975.6523,130,10.877582
0,5.4375,974.0731,59,3.673837
0,307.7186,974.2219,59,3.893982
0,496.4519,974.6919,107,8.692696
0,679.1796,975.4060,98,7.659075
0,79.2900,975.7236,81,5.964385
0,797.3929,980.9440,113,6.241127
0,957.6466,975.0686,64,4.237494
0,183.6711,977.1580,116,9.937960
0,401.0815,975.8434,64,4.239432
0,419.6138,980.4182,161,14.727334
0,445.7906,977.2491,69,4.670823
0,815.2371,977.9788,86,6.259260
0,350.2672,978.4947,65,4.363334
0,458.0705,975.2416,13,0.276556
0,47.7283,981.1392,139,12.506074
0,330.9337,980.0763,113,9.455342
0,385.1193,979.3372,78,5.557010
0,656.3461,980.8828,119,10.060014
0,846.6911,981.5267,150,13.302898
0,528.0759,981.0921,93,6.965172
0,634.1574,979.9028,50,3.048369
0,758.0261,981.4558,81,5.719436
0,615.8928,982.9830,105,8.280559
0,779.7892,982.5396,96,7.464951
0,367.3423,984.0896,92,7.389755
0,475.9915,984.5482,103,8.221586
0,512.4036,981.0254,17,0.536839
0,721.9484,987.7111,177,12.022426
0,938.3630,984.9129,144,12.980698
0,915.4481,984.7156,79,5.515260
0,882.9181,988.3578,130,10.911679
0,1011.7031,984.6090,32,1.605777
0,26.0284,988.2026,100,8.191965
0,4.2222,989.5042,100,7.632263
0,109.0792,989.3703,119,10.122220
0,127.2923,990.7173,113,8.376713
0,197.8781,987.5517,58,3.848026
0,253.7909,989.6479,92,6.858821
0,543.3661,991.7615,156,13.337014
0,575.5860,988.8554,125,8.059360
0,68.7373,991.5414,130,11.308592
0,313.8377,990.2431,121,9.475142
0,698.2991,989.7881,80,5.273041
0,271.9842,990.8149,104,8.533932
0,437.4188,990.7272,77,5.483445
0,863.9436,991.4472,89,6.754157
0,900.6216,990.3555,72,4.849926
0,961.3616,995.5088,213,16.010997
0,91.2446,991.6270,85,6.525664
0,153.1794,991.2800,198,16.044560
0,215.9788,993.3324,141,12.396922
0,236.6905,997.8084,167,11.012868
0,457.4693,993.3572,127,10.776168
0,671.4482,989.6365,39,1.937136
0,345.3886,1000.8269,209,15.107854
0,398.6450,992.6681,66,4.367232
0,495.7066,994.3452,133,11.373995
0,600.4210,994.3431,110,8.895900
0,684.4270,994.3462,72,4.931838
0,634.2048,995.8350,103,8.469570
0,766.0121,994.1450,41,2.155759
0,983.1049,996.2579,114,9.479587
0,750.6205,996.6762,106,7.989629
0,821.4114,999.0381,192,18.133577
0,1004.4258,996.9732,91,6.894097
0,288.1073,997.8961,103,8.439117
0,515.8359,997.4314,83,6.343799
0,560.0179,997.5635,82,6.444437
0,380.9515,999.1101,70,5.084297
0,659.2932,998.5381,54,3.144890
0,708.6943,1001.6531,107,8.095335
0,179.8102,1001.2798,111,8.206254
0,47.6950,1003.3007,118,10.243354
0,800.7042,1002.2941,75,5.369436
0,853.3056,1002.9863,81,6.118088
0,418.6002,1002.8352,70,4.555533
0,613.1526,1002.3168,44,2.312488
0,780.5969,1004.0512,102,8.044507
0,924.1678,1002.2952,44,2.436603
0,13.1766,1003.5763,54,3.268710
0,198.1460,1004.6286,76,5.496994
0,474.4466,1004.1684,63,4.164405
0,936.7929,1002.1313,26,1.035530
0,316.9493,1005.1162,59,3.500514
0,366.5747,1005.5854,96,7.276774
0,891.9370,1005.7183,67,4.694131
0,436.6376,1006.4705,80,5.731441
0,583.8111,1007.3312,106,8.592287
0,1018.9802,1007.0260,102,8.495180
0,403.2766,1008.2339,89,6.801456
0,648.6809,1007.8056,81,5.861733
0,674.3516,1005.8330,35,1.649914
0,910.3160,1009.1857,115,9.349608
0,29.6803,1010.8689,136,11.918138
0,82.6380,1007.4164,58,3.889056
0,116.7357,1005.9784,24,0.956934
0,530.6462,1009.0230,95,7.416363
0,66.6999,1009.4997,72,4.848122
0,151.1004,1008.9307,66,4.248628
0,738.4525,1014.3308,191,16.897866
0,992.1920,1011.2421,90,6.710628
0,272.9205,1011.9491,101,8.380097
0,461.7812,1008.8016,19,0.499150
0,766.7534,1010.8760,67,4.504954
0,872.8070,1012.8505,110,9.004931
0,134.0408,1015.0690,118,9.720484
0,299.2742,1015.3951,145,12.517725
0,490.5440,1013.9790,90,6.970463
0,840.4410,1013.7254,78,5.515403
0,631.1815,1016.0232,137,11.852830
0,609.9348,1015.2183,64,4.125180
0,950.6070,1016.5387,92,6.829267
0,166.0909,1017.8473,101,7.910888
0,223.9126,1016.5892,77,5.396877
0,689.0943,1017.1151,122,10.264748
0,207.6159,1017.3141,78,5.502543
0,664.8377,1017.2376,88,6.638288
0,357.6887,1018.2871,52,2.828084
0,705.5100,1018.4571,68,4.461348
0,720.0672,1019.5258,54,3.086621
0,897.5917,1019.5060,32,1.432764
1,8.8535,5.3573,103,8.152873
1,104.1804,1020.3200,133,11.640751
1,155.2805,1013.6951,211,15.659742
1,183.5782,1018.0668,110,9.124806
1,201.4886,1020.4353,83,6.134385
1,217.8229,2.1770,100,7.839575
1,234.0747,1021.7455,60,3.632997
1,295.1184,1022.9662,37,1.806616
1,315.3501,1018.5173,153,13.507624
1,335.2763,1021.5370,100,8.089291
1,354.3688,1021.3110,83,6.314238
1,400.3972,0.8236,66,4.419551
1,451.5041,4.8319,105,8.065209
1,472.0734,0.7041,135,11.321500
1,519.3454,0.0863,55,3.283110
1,545.1310,1.5257,144,12.830799
1,592.6490,4.6544,138,12.222796
1,634.2968,5.7732,142,8.897234
1,703.9011,1015.3768,233,15.479876
1,732.4568,4.3847,113,9.174548
1,754.6604,4.2142,114,9.469485
1,846.0395,1020.5773,74,5.245239
1,872.1017,1022.6495,51,3.050140
1,888.4303,1.1507,132,9.436087
1,910.4937,3.2012,61,3.524240
1,926.7597,3.1574,40,2.135435
1,943.7147,1023.4932,102,7.979178
1,970.3381,1020.4728,126,10.903662
1,1003.1263,3.2606,110,8.925507
1,26.6158,4.9732,63,3.808143
1,489.2639,5.9405,105,8.174180
1,715.9639,3.3107,18,0.512639
1,782.9584,5.5775,69,4.788344
1,834.4436,4.3756,57,3.543174
1,50.0607,6.5781,90,6.678474
1,137.0012,7.8496,103,8.232845
1,170.5754,8.8447,133,11.627686
1,366.8625,4.2008,11,0.225848
1,982.9007,6.4851,62,3.953408
1,76.8334,8.7881,183,12.701440
1,118.3454,8.2619,82,5.966467
1,385.1614,9.5806,110,8.726834
1,504.1384,8.6889,75,5.202190
1,568.9213,8.6081,69,4.643215
1,656.1314,7.6168,59,3.901242
1,258.2983,8.7560,47,2.555408
1,436.1643,9.7175,103,8.037993
1,617.4932,9.3727,85,6.416340
1,677.8588,9.6398,127,9.468910
1,802.2133,11.3755,134,11.507672
1,240.2353,12.8538,91,6.903524
1,285.3758,14.6922,202,14.932280
1,315.9877,16.7753,125,7.503268
1,417.3154,14.3830,109,8.762609
1,700.0620,9.6992,19,0.574269
1,820.0652,13.0610,99,7.830992
1,354.5381,13.6089,71,4.810438
1,203.2312,14.3306,80,5.740176
1,862.1924,17.0648,269,18.980833
1,100.3869,13.6762,34,1.439437
1,956.7482,17.4687,139,12.064915
1,712.7075,17.7320,101,8.162048
1,901.4762,17.1565,102,7.814618
1,187.3992,16.2982,47,2.436523
1,517.5556,24.6355,219,17.241153
1,768.8456,19.0678,123,10.728575
1,1017.7513,19.1249,128,10.789696
1,936.3815,18.9749,97,7.518456
1,401.0384,19.3703,74,5.140946
1,557.7253,18.4107,58,3.892569
1,973.5861,18.0966,45,2.576178
1,155.1695,24.2675,174,13.400871
1,373.4807,20.6683,91,7.091018
1,540.9220,20.6796,99,7.917609
1,745.1144,21.1407,95,7.367058
1,221.9081,22.4005,114,9.096671
1,337.4325,23.0358,131,11.292276
1,600.2682,21.0944,77,5.734819
1,33.8799,23.6027,141,11.916327
1,265.1717,22.2272,63,3.827749
1,581.1146,22.4152,95,7.580061
1,920.4241,22.6079,89,7.119632
1,991.2076,23.9184,113,8.863060
1,61.1385,24.7834,128,10.831931
1,786.6138,23.0484,62,3.840419
1,496.8797,23.7407,51,2.983636
1,659.1840,25.2660,115,9.727575
1,127.7978,30.2158,184,13.184851
1,472.8127,25.4307,107,7.884092
1,840.1220,25.7759,74,5.262139
1,11.6691,26.1299,79,5.776430
1,98.8544,26.3681,74,4.968572
1,454.7468,26.5519,85,6.178263
1,617.0386,32.1320,159,11.687895
1,694.8461,25.7529,66,4.268382
1,249.4826,27.7924,92,7.119869
1,301.3097,27.5251,89,6.900485
1,436.0812,27.7345,96,7.414530
1,679.6851,27.7726,97,7.617958
1,730.5150,27.2796,78,5.437943
1,639.6505,28.5550,85,6.275366
1,358.1278,28.7993,49,2.792669
1,179.9854,30.7104,96,7.308820
1,199.7691,31.1001,90,6.733935
1,822.7527,31.0041,100,7.909848
1,880.9450,29.6365,42,2.286229
1,81.8468,34.4553,110,9.086962
1,796.6362,32.6995,71,4.735557
1,907.0973,32.5516,56,3.282237
1,1005.9844,34.3164,93,7.136922
1,407.2054,34.0920,78,5.495190
1,709.4783,34.1967,77,5.380849
1,947.6727,34.2081,64,4.172093
1,563.9474,35.0679,69,4.450285
1,385.6879,39.5245,190,13.080802
1,972.5544,36.3686,87,6.732514
1,269.8290,38.2248,88,6.301985
1,493.2625,37.9985,102,7.998751
1,545.5905,38.0617,103,8.089831
1,321.9127,44.6674,223,18.529256
1,891.9580,38.3111,73,5.070601
1,46.0533,40.5960,112,9.575387
1,109.6569,40.4048,105,8.148601
1,757.3754,42.5274,191,18.169626
1,778.5697,45.3156,147,9.564831
1,1023.8947,40.8533,80,5.670316
1,343.6634,41.4516,88,6.988074
1,578.0471,38.4738,37,1.741685
1,594.3617,41.3983,121,10.234086
1,926.9724,46.1922,188,14.804479
1,145.0911,40.2473,52,2.947198
1,220.4034,40.2282,49,2.602717
1,425.1779,41.6839,98,7.917960
1,859.8191,42.3429,99,7.629074
1,22.8193,43.9743,141,12.351167
1,65.0785,42.0008,48,2.976134
1,237.7961,43.3600,110,9.140168
1,286.9576,43.7230,131,11.530280
1,476.7139,40.8007,37,1.760421
1,361.7675,44.3534,96,7.456916
1,461.7476,44.2604,98,7.677938
1,525.7602,44.2189,92,7.013902
1,636.6841,44.8461,122,10.300933
1,842.5393,43.5416,90,7.244439
1,167.8882,42.7380,34,1.516634
1,256.3579,44.5958,78,5.411264
1,444.1372,42.1801,30,1.235375
1,665.5009,46.0936,133,11.152582
1,188.1746,45.4610,72,4.954369
1,825.4868,46.0159,68,4.549689
1,988.1963,46.4931,101,7.527991
1,94.8319,44.7219,30,1.146782
1,724.5785,49.9283,186,16.828024
1,877.5641,48.0358,128,10.674384
1,960.7878,44.9894,38,1.809151
1,208.9442,47.8098,97,6.794381
1,802.3135,48.2216,114,9.386907
1,699.3832,50.1276,142,12.517933
1,904.7843,49.0934,95,7.217709
1,155.0586,49.0759,64,3.794170
1,132.4974,50.6558,78,5.524696
1,411.8247,50.5405,47,2.553634
1,567.9466,51.4508,100,7.306664
1,680.8162,51.9371,87,6.140612
1,1009.2049,52.0679,81,5.997576
1,85.2071,51.3270,46,2.396825
1,610.9888,59.2789,160,11.525668
1,945.6896,53.8925,87,6.514083
1,487.4239,54.7845,75,5.310435
1,546.8866,55.0220,98,7.523493
1,971.8462,53.0072,38,1.868340
1,173.3444,55.3360,76,5.112418
1,649.9251,55.1635,53,3.262771
1,67.1650,57.8501,102,8.069535
1,396.7012,57.5695,78,5.437888
1,435.0945,57.9839,100,8.112225
1,3.5059,58.3991,99,7.582565
1,452.3095,56.4965,32,1.495575
1,510.4494,59.5726,197,15.702118
1,36.7960,60.5227,119,9.958338
1,226.0101,62.6954,157,12.568290
1,373.4048,60.3263,106,8.130173
1,815.2678,59.3929,71,4.859492
1,849.7236,58.5904,61,3.660709
1,289.9826,62.6684,164,13.197138
1,120.8120,62.7229,120,10.140314
1,582.7726,61.4864,88,6.627480
1,341.3368,71.1415,250,22.320691
1,470.2286,63.2480,97,7.759004
1,102.4342,66.7433,149,11.023484
1,195.4376,63.7519,140,9.254504
1,532.6645,61.8923,35,1.555893
1,629.0496,63.1559,73,5.269365
1,740.2852,65.1307,117,9.899664
1,958.0091,64.5777,106,8.286474
1,53.5524,62.8303,29,1.263848
1,151.5445,75.2342,265,18.021700
1,251.9589,66.2754,147,12.765790
1,790.5502,65.4636,121,10.353464
1,315.7885,67.6829,124,9.719615
1,769.1100,65.1852,66,4.340040
1,983.4336,66.1984,111,9.326133
1,269.8887,66.9016,78,5.683506
1,873.3393,68.1576,135,11.556909
1,699.4467,66.3172,52,3.210612
1,903.6383,69.6359,146,12.433976
1,923.4136,68.7311,71,4.774660
1,81.2778,70.1084,90,6.815896
1,360.9132,68.5397,59,3.711695
1,653.6314,71.1413,171,12.276437
1,406.2663,70.7088,101,7.731735
1,422.5348,70.9680,85,6.359557
1,1002.1746,72.5977,142,12.280563
1,15.5305,72.9529,129,11.064747
1,756.5362,70.1962,44,2.219624
1,828.4470,72.3080,107,8.319062
1,174.8547,73.8640,132,11.278088
1,385.9001,71.9031,53,3.187302
1,444.8386,73.7804,112,9.359731
1,560.2682,72.6269,94,7.382031
1,595.4816,72.3023,81,5.894067
1,853.6541,73.2040,86,6.371477
1,544.6011,70.6956,15,0.433743
1,716.6578,74.4251,108,8.415999
1,939.1983,73.7606,90,7.041434
1,487.6784,74.8577,94,7.234093
1,134.3434,75.6521,75,5.282114
1,674.0192,76.0501,97,7.385983
1,809.7664,75.3576,57,3.556248
1,1023.7872,74.9129,22,0.721639
1,39.2405,77.7610,72,4.973460
1,300.9748,77.3243,82,6.359289
1,461.2585,77.3910,68,4.534239
1,528.4205,79.2924,128,10.537346
1,629.6995,77.6587,69,4.515345
1,62.0168,80.9236,183,13.741664
1,577.9182,79.9983,97,7.642091
1,968.2508,78.8990,75,5.341058
1,373.5843,79.9392,71,4.852609
1,507.3913,85.5262,201,17.938896
1,693.1722,83.1496,132,10.550372
1,772.0416,80.6341,96,7.711661
1,889.4210,81.6415,113,8.792327
1,205.9140,82.8817,117,9.172925
1,609.2010,81.9497,70,5.083773
1,221.1742,82.8302,56,3.510121
1,236.8291,82.8358,62,3.838051
1,750.8559,83.4083,59,3.712922
1,264.0695,84.5626,84,6.421956
1,730.3486,87.6463,152,13.397429
1,920.3764,85.5066,84,6.258596
1,93.1876,87.9999,138,12.126985
1,801.0600,88.3986,146,12.423874
1,1014.4358,88.9290,141,11.811533
1,112.6053,85.6465,38,1.914201
1,282.3485,87.6116,100,8.054543
1,546.1015,88.6947,124,10.480376
1,865.0272,87.9312,96,7.247380
1,315.4362,88.0390,79,6.024262
1,475.5341,89.8477,122,10.293253
1,838.6216,88.9026,181,13.790378
1,125.8768,89.7103,76,5.338181
1,429.2622,89.3613,88,6.424600
1,656.0384,90.1988,107,8.666043
1,29.7924,91.1792,88,6.769455
1,164.9584,89.4625,53,3.116247
1,359.4758,92.5635,151,13.179996
1,403.1919,91.9595,169,14.111611
1,623.8557,92.3290,115,9.337547
1,708.8930,90.9492,56,3.435289
1,941.5450,93.2407,146,12.879806
1,965.8105,92.5705,65,4.169536
1,249.9066,94.5854,106,8.619586
1,452.0448,93.9067,103,8.376166
1,591.1300,94.9585,124,10.414299
1,9.8556,97.2241,124,9.851460
1,384.4091,94.5912,66,4.489776
1,984.8253,100.2147,243,18.391221
1,565.3968,98.1230,146,13.108716
1,816.1874,102.8289,138,7.796572
1,180.6955,98.9893,141,12.724844
1,677.3727,97.9190,147,11.148238
1,230.3773,99.1641,89,6.354410
1,775.2059,97.9333,210,13.963602
1,880.7151,97.1400,51,2.788361
1,897.7523,97.7847,66,4.419629
1,913.0024,98.2012,58,3.419699
1,50.4572,102.6073,179,14.686270
1,75.3648,100.8788,113,9.646685
1,302.9352,100.0237,87,6.157543
1,200.6975,101.2516,110,8.957595
1,344.8271,104.6913,125,9.095619
1,744.4894,101.9953,110,9.153395
1,323.9683,103.7826,116,9.600757
1,114.9417,104.5512,116,9.582388
1,137.8479,104.6829,112,8.958791
1,271.0190,103.3354,63,4.083873
1,644.6454,104.9053,120,9.831967
1,862.2233,103.8875,85,6.131323
1,484.8248,104.2006,66,4.482119
1,424.9584,107.2664,140,12.620414
1,606.2823,105.4601,86,6.436626
1,955.8365,104.5916,58,3.749510
1,286.3302,107.6508,110,8.949488
1,710.0925,108.1218,128,10.599560
1,499.4086,107.4408,82,6.131976
1,161.3387,109.0880,87,6.454423
1,520.1432,111.4926,171,15.695842
1,370.6013,109.8242,84,6.339015
1,391.4849,108.2185,50,2.906901
1,543.9976,111.3611,144,12.965932
1,220.3180,110.1776,68,4.759146
1,462.4519,111.9680,114,9.361983
1,878.8575,109.2635,31,1.331291
1,917.2164,112.1972,103,7.907715
1,24.0298,112.5594,138,12.463262
1,1017.7047,113.0885,108,8.658761
1,444.7329,113.2414,89,6.813850
1,578.4924,112.6889,70,4.987759
1,684.7908,112.1933,55,3.451662
1,795.7855,112.2357,82,6.065006
1,836.7795,114.7501,166,14.750623
1,894.2422,113.4210,103,8.284145
1,936.1322,113.9117,116,9.892606
1,100.6535,114.4631,107,8.632275
1,764.6703,112.8299,65,4.408150
1,999.8116,114.7995,100,7.733250
1,256.1702,115.6785,144,12.693133
1,730.7655,115.2929,116,9.858565
1,407.3719,116.3416,92,7.226884
1,631.3643,115.5390,92,6.027036
1,666.8211,116.0625,101,8.137257
1,81.3710,121.4852,135,9.032718
1,185.3550,116.9411,49,2.811911
1,300.2781,117.4594,67,4.377573
1,595.7312,118.8194,110,8.931936
1,864.1386,119.7135,80,5.654589
1,62.4784,121.1959,101,8.137716
1,205.6024,120.9778,109,9.061735
1,476.7183,120.9840,76,5.271184
1,564.7164,122.1250,100,7.832700
1,959.4266,122.0580,126,10.779599
1,41.3681,122.3243,86,6.690820
1,124.6665,123.5605,139,12.233549
1,148.4832,122.5592,76,5.131160
1,319.7207,123.4093,103,8.187664
1,168.1888,124.8709,107,8.805129
1,359.1051,125.3329,122,10.587043
1,381.0446,122.5099,59,3.713579
1,614.8422,124.5042,109,8.787437
1,701.4692,121.9051,45,2.497866
1,5.7677,123.5271,56,3.414827
1,238.2747,124.2328,67,4.699791
1,494.3183,124.9245,102,8.363582
1,756.5607,124.6237,78,5.297489
1,807.4174,127.3739,154,13.876503
1,281.7756,127.4922,122,10.024866
1,652.8664,127.9152,109,8.933090
1,687.4457,126.7700,75,5.091105
1,779.4552,127.9331,190,17.386571
1,223.5462,128.1109,85,6.490783
1,984.4378,128.9020,147,12.872985
1,340.0717,132.5989,181,15.499817
1,396.6713,127.1048,51,3.053153
1,436.0638,128.6556,98,7.788060
1,716.7598,128.4185,92,7.380047
1,881.4246,128.7352,78,5.404686
1,421.3081,128.1168,52,3.353212
1,184.6775,131.8747,77,5.294988
1,462.3010,130.9511,65,4.239589
1,536.0413,133.1853,109,9.151026
1,635.4916,130.0343,16,0.483718
1,917.8100,134.0219,141,12.476790
1,513.4908,134.5774,133,11.499367
1,553.8231,131.6592,30,1.415629
1,852.2309,134.5673,115,9.358159
1,896.7686,133.9482,101,7.941981
1,28.4535,135.6019,118,9.870455
1,941.3778,135.3295,119,10.336394
1,253.2867,138.4967,197,13.785786
1,104.3840,138.7978,178,16.350008
1,670.8925,136.2028,71,4.904008
1,744.6735,138.5906,145,12.910842
1,1005.0932,138.3012,137,11.527712
1,371.7334,136.9283,51,3.079553
1,581.4170,136.6562,65,4.321514
1,868.1442,135.9897,43,2.322231
1,1018.8685,135.2697,18,0.423030
1,301.4794,137.8892,78,5.571342
1,8.6897,140.1430,108,8.285628
1,51.6727,141.3831,130,11.436525
1,131.2245,139.2604,61,3.755654
1,385.2028,137.8772,44,2.511638
1,411.2855,139.9072,98,7.002954
1,828.1213,140.6076,177,13.034899
1,148.5804,141.7443,127,10.921604
1,202.8481,141.1412,128,10.142177
1,483.3884,143.3082,164,14.739456
1,700.0160,137.3434,10,0.171672
1,315.9980,141.3812,78,5.340601
1,727.0482,140.3651,43,2.393970
1,566.1544,143.6876,109,8.897096
1,962.5834,143.9498,171,14.792977
1,70.5929,143.1809,71,4.863383
1,85.8125,141.9310,39,1.785669
1,224.7976,143.3581,65,4.415087
1,617.6999,144.1814,190,14.518009
1,644.0833,143.4102,80,5.723822
1,686.2054,143.5280,76,5.302992
1,595.1233,145.3325,93,6.987286
1,287.0651,147.9521,145,12.810310
1,397.6370,144.6765,41,2.160321
1,446.4457,147.6125,123,10.967211
1,713.9914,146.8910,94,6.987014
1,169.5643,152.6579,194,13.723224
1,779.3493,148.1551,104,8.347735
1,330.2775,147.9770,69,4.603304
1,463.0007,149.0392,90,6.708130
1,544.0894,149.3924,101,8.081920
1,760.1836,148.6972,70,4.891277
1,803.6236,148.2876,82,5.763495
1,360.7470,151.0942,147,12.716881
1,662.4950,148.8844,69,4.752593
1,882.7534,152.3024,144,12.052337
1,926.2021,152.9586,108,9.191315
1,120.6479,151.6650,62,3.875934
1,428.3672,152.1228,79,5.777124
1,522.7794,152.2148,89,6.736291
1,857.8397,151.6691,59,3.714963
1,905.1995,153.7007,108,8.739431
1,503.3021,153.2933,71,4.875469
1,385.5249,154.6632,77,5.185713
1,993.5653,155.1120,108,8.911051
1,1016.9501,153.5709,61,3.935622
1,233.8930,156.8487,116,9.563132
1,271.9709,154.3038,48,2.853505
1,695.5124,155.2835,80,5.622027
1,841.0146,156.6025,94,7.338322
1,977.5427,155.4700,39,1.996764
1,46.6613,157.0102,69,4.829066
1,207.5049,157.7331,68,4.575572
1,730.1724,156.3314,35,1.626210
1,81.2771,159.2949,92,7.163050
1,30.4121,161.8137,134,11.562393
1,97.9475,159.0326,81,5.913487
1,190.6029,162.6289,115,8.356375
1,582.3893,161.4029,159,14.313517
1,633.5403,161.0342,92,6.828500
1,150.1968,160.7977,52,3.197010
1,320.3365,161.8722,85,6.342203
1,655.0484,161.8004,78,5.893379
1,750.6012,164.7363,177,12.285569
1,795.4557,161.5420,88,6.914340
1,133.7454,163.6893,104,8.254155
1,257.5987,164.0410,147,13.153172
1,404.0913,163.5910,152,12.870336
1,559.9552,162.9114,97,7.696759
1,8.6963,164.6914,124,10.626749
1,303.5780,163.4423,84,6.291544
1,676.4275,165.2779,147,13.339460
1,775.0687,163.8071,71,5.104314
1,819.3282,162.9742,133,9.528581
1,869.3177,163.1633,57,3.565262
1,946.3712,164.5582,157,14.442223
1,65.6717,164.9265,105,8.535836
1,712.6955,165.2761,104,8.390313
1,609.8824,166.8691,178,15.967469
1,370.3466,166.6310,70,4.835826
1,488.4948,167.2442,157,13.218396
1,536.5984,167.1313,106,8.718174
1,348.5553,170.8457,131,9.606169
1,969.6111,168.4009,119,9.932812
1,333.0549,165.8448,23,0.897224
1,853.7700,167.2761,41,2.222527
1,1011.3974,168.7403,82,6.094735
1,116.5630,169.9057,82,5.956964
1,288.4761,167.9404,47,2.730516
1,432.2926,172.4235,131,7.770215
1,448.6721,168.3531,55,3.284920
1,464.7062,170.5783,122,10.015532
1,899.0677,169.9135,87,6.268817
1,512.1544,171.5935,118,10.108730
1,730.0981,170.2048,64,4.103654
1,204.1696,171.1657,43,2.154413
1,220.7777,172.2326,73,5.164479
1,275.9531,170.4346,36,1.629238
1,926.0088,174.7049,130,11.105037
1,991.8675,176.3394,149,11.554683
1,100.9384,174.7782,82,6.121597
1,154.8331,175.3252,89,6.899852
1,175.1364,175.5869,109,9.052905
1,386.4154,173.8290,69,4.763450
1,639.9419,174.5777,80,5.718038
1,697.2847,173.5202,49,2.702024
1,878.5533,174.3084,54,3.296665
1,48.9828,176.3879,73,4.928468
1,236.2586,176.4851,90,6.844622
1,416.7422,176.0853,68,4.822975
1,793.6360,178.6206,86,6.562855
1,313.3275,181.3963,146,12.341516
1,863.4671,179.7583,73,5.002605
1,19.9789,180.2953,64,4.101892
1,78.0151,182.0780,124,10.641758
1,574.0352,187.8677,179,11.865995
1,819.6930,182.8008,196,17.295891
1,844.7938,181.6105,111,8.992245
1,267.0758,180.4799,54,3.095501
1,663.2853,183.2948,161,11.619339
1,1.2329,182.2743,77,5.587810
1,134.4224,184.2942,143,12.405734
1,556.9498,182.4843,73,5.011001
1,686.3051,180.3764,22,0.803604
1,771.6396,183.4301,131,11.333220
1,251.3073,182.3049,36,1.722746
1,593.8657,185.7202,149,13.373617
1,945.6197,183.6629,80,5.713763
1,288.8210,185.5388,120,10.106325
1,334.4964,183.1326,53,3.148544
1,537.7081,185.5495,152,13.133601
1,618.4302,192.3610,167,11.648950
1,891.7206,183.5252,60,3.942545
1,369.3626,186.2618,145,10.872636
1,742.1224,186.3869,120,9.889369
1,213.2825,187.1364,112,9.299716
1,453.8225,186.9212,110,9.229632
1,502.0143,185.3819,54,3.122447
1,704.0646,188.1550,118,9.862303
1,190.7020,187.3158,80,5.734502
1,485.6672,187.8338,107,8.633369
1,908.3185,195.5683,208,17.588726
1,968.9088,189.3574,107,8.794719
1,34.4692,190.7162,128,10.944730
1,58.7673,193.1643,172,15.573771
1,163.2153,187.9605,39,1.886618
1,390.0599,189.5702,73,4.982966
1,725.1289,190.4333,121,10.412230
1,103.3353,193.0874,165,11.450089
1,407.2921,193.6874,143,12.615510
1,638.4508,192.7206,73,5.007535
1,879.7903,192.2499,73,5.058719
1,1010.0076,193.5384,126,10.475279
1,347.6795,194.4877,98,7.658099
1,787.6233,193.5781,68,4.639424
1,10.4538,194.4444,61,4.044113
1,239.5108,196.2742,119,10.402570
1,324.0638,196.4027,77,5.593876
1,437.8737,197.7888,125,10.251615
1,521.3465,198.6458,145,11.794426
1,683.3365,197.0912,92,6.891769
1,755.7591,195.1584,44,2.558989
1,954.9966,195.3449,41,2.163824
1,986.5032,197.3602,115,9.283517
1,122.6789,196.0814,41,1.966127
1,173.8921,198.8981,105,8.541262
1,261.7411,198.8669,138,12.025059
1,472.9632,197.5788,66,4.331596
1,932.1250,198.1441,143,9.109859
1,653.9389,200.4667,118,9.845471
1,864.3785,200.6395,125,10.827481
1,826.1535,201.9958,132,11.514556
1,301.1411,204.7426,169,14.906382
1,846.7030,201.5482,69,4.663992
1,81.9527,203.2757,106,8.568343
1,150.6296,205.6126,169,13.787892
1,361.8932,200.7690,24,0.956714
1,500.2592,203.3500,90,7.027621
1,208.2337,204.0643,94,7.418782
1,279.7521,203.6613,71,4.979845
1,544.4762,205.5603,112,8.961940
1,800.7493,205.8184,128,11.085382
1,711.5752,205.8459,105,8.540160
1,774.9991,208.0838,174,14.103054
1,564.9280,207.1045,99,8.026225
1,378.7809,208.4871,112,9.058351
1,456.6706,208.1211,112,9.439317
1,27.1958,207.7800,71,4.860628
1,132.1913,208.0248,56,3.485076
1,226.8278,207.5105,58,3.660635
1,590.7401,209.4661,97,7.446844
1,185.9253,214.7683,209,18.895326
1,694.1094,210.1600,90,6.678448
1,750.3328,210.8576,122,10.224103
1,889.6787,210.4208,114,9.435266
1,968.8853,210.3573,107,8.624674
1,10.7282,211.3143,99,7.858770
1,43.0333,215.5998,139,9.710997
1,109.9371,213.3562,113,7.864594
1,335.6364,211.8179,111,8.938399
1,399.4901,211.5120,100,8.056011
1,608.9710,210.0926,68,4.436474
1,630.0806,212.6883,151,13.526653
1,1015.1808,211.1418,96,7.601547
1,424.1498,212.5019,106,8.301264
1,482.4351,211.5632,94,7.672632
1,353.4056,212.0067,60,3.659399
1,992.0164,212.8889,69,4.993490
1,663.6734,214.9989,81,6.033083
1,948.9850,217.0939,150,12.679344
1,919.1682,215.6342,78,5.545122
1,245.6838,217.4018,126,10.926344
1,731.1524,217.3449,117,9.806673
1,66.6335,219.0436,158,14.079109
1,268.5016,215.7144,30,1.261192
1,316.1492,218.2460,112,9.583229
1,845.5568,218.6252,89,6.287124
1,94.1716,219.6671,95,7.493354
1,510.8945,220.5705,135,12.079860
1,823.1110,218.7980,103,5.232611
1,863.0868,223.6937,125,7.371797
1,647.0906,218.7685,41,2.181157
1,680.6339,222.8152,158,14.060405
1,215.1682,223.1891,133,11.654879
1,528.0578,222.4578,82,5.900521
1,165.8627,222.5413,60,3.992362
1,281.7304,225.0267,135,11.845770
1,368.3199,224.6690,110,9.008309
1,548.1540,222.4306,83,5.100292
1,386.7659,222.1197,27,1.093122
1,605.1274,225.0857,92,6.670971
1,124.5031,228.6313,154,13.358879
1,450.5317,224.9657,77,5.391903
1,468.1421,225.8309,86,6.454157
1,586.7974,224.1292,32,1.325944
1,714.7701,225.6232,87,6.444757
1,24.6935,225.1326,50,2.803722
1,146.0852,228.3261,140,12.319729
1,259.0517,224.6714,37,1.646660
1,889.9282,225.6000,42,2.309158
1,984.0036,227.7965,102,7.937232
1,1009.9968,243.4676,325,23.899525
1,570.0861,235.5107,264,20.673120
1,777.1392,227.5018,91,6.808695
1,0.1972,229.4647,115,9.613068
1,198.5680,227.6719,55,3.556675
1,351.3087,226.0603,24,0.908768
1,404.3057,231.7884,162,14.320180
1,488.4894,229.8222,124,10.420828
1,750.2518,230.4099,111,8.678947
1,934.3393,229.3111,134,8.352272
1,965.7910,227.5119,26,0.825080
1,232.8134,229.8769,71,5.093586
1,874.5731,229.6967,59,3.789876
1,907.4182,232.0478,141,12.232647
1,427.1767,232.7776,139,12.112944
1,797.8726,234.2751,147,12.564743
1,818.3415,231.8544,52,3.056321
1,632.0063,231.2806,21,0.612680
1,649.0931,235.5858,147,13.077744
1,333.8016,236.9934,180,15.150476
1,88.8039,235.3197,80,5.840494
1,304.5588,236.5851,187,13.177824
1,39.8509,237.7891,100,7.900637
1,106.9330,236.5397,44,2.534524
1,442.9138,236.0551,45,2.431223
1,594.5864,237.8499,96,7.376353
1,704.0774,237.7818,89,6.468985
1,734.1554,236.8657,49,2.876324
1,962.2953,240.5887,128,10.418963
1,620.6522,239.6358,97,7.407068
1,18.5808,240.9431,138,12.399425
1,531.9516,239.1595,145,10.246250
1,70.5301,241.7586,128,10.723527
1,175.4808,242.9331,167,15.381626
1,250.1532,247.3850,188,13.439165
1,667.8072,239.4730,37,1.913621
1,832.0742,247.4647,253,20.697916
1,269.4030,240.7760,63,4.097358
1,359.6205,242.0115,106,9.014675
1,381.4223,242.9947,133,11.749856
1,683.4972,241.9758,103,8.097771
1,885.9848,242.4984,114,9.761986
1,468.6335,244.2748,85,6.348047
1,779.5487,244.5539,82,5.750321
1,52.6392,244.5331,51,2.690606
1,228.6475,245.8125,83,5.887948
1,553.5308,246.3455,98,7.897228
1,721.3780,246.2121,112,9.056099
1,864.2263,256.4708,288,22.317051
1,979.1225,252.7888,146,10.156891
1,748.0727,246.0138,60,3.489966
1,941.8830,246.7868,96,7.545513
1,139.1163,247.9169,113,9.451709
1,282.7526,244.8553,15,0.367107
1,494.1634,246.8033,70,4.749879
1,197.2866,249.1082,98,7.953909
1,452.7528,247.9383,66,4.504071
1,213.9502,249.2789,87,6.307919
1,765.5219,250.6084,96,7.158337
1,120.9590,249.8873,64,3.999329
1,158.1797,250.5603,73,4.972079
1,923.2952,251.7584,102,8.249410
1,99.5771,252.9866,134,11.908972
1,513.9324,251.2997,77,5.822378
1,809.4462,252.3501,89,6.896011
1,903.1693,251.7005,91,6.948779
1,603.2173,251.7255,54,3.324061
1,634.3663,252.9665,89,6.711771
1,659.9604,253.1586,109,9.031037
1,298.6265,254.5152,116,9.281272
1,408.6465,256.0726,113,9.331166
1,587.9771,253.1204,25,1.068970
1,708.3044,254.6921,54,3.179947
1,790.7886,252.3913,16,0.458143
1,271.4533,257.2908,107,8.344507
1,335.6108,256.2479,80,5.919931
1,435.5200,257.6196,130,11.388164
1,9.6457,257.6438,86,6.528591
1,393.4442,255.5089,39,2.014284
1,480.9679,257.8093,93,7.313588
1,34.1497,259.5086,106,8.744081
1,61.4135,258.5853,92,7.367717
1,537.8081,259.6263,134,11.614002
1,734.5352,256.9006,45,2.600568
1,351.9814,271.3724,266,19.968903
1,617.8624,260.1288,94,7.244927
1,80.7383,262.1801,101,8.118305
1,374.4093,261.5275,78,5.761958
1,679.8257,261.4325,78,5.565372
1,954.8908,262.3102,96,7.609576
1,994.6729,262.5422,98,7.724285
1,187.1644,262.1267,80,5.756107
1,501.6412,264.3852,124,10.814280
1,569.6781,265.3851,147,13.326118
1,695.7190,264.0713,107,8.724287
1,751.1270,266.2278,162,14.916585
1,142.4192,265.2964,117,9.837120
1,462.3032,265.9828,124,10.694126
1,793.4583,264.8093,89,6.510999
1,168.5072,267.1139,91,7.017738
1,241.4812,270.1792,321,25.185388
1,843.5376,267.4291,121,10.380523
1,935.2400,266.0334,76,5.435991
1,120.7521,270.7624,138,8.470038
1,593.0907,268.4905,134,10.507207
1,892.5632,268.5841,136,11.955647
1,914.3252,267.2227,74,5.136194
1,209.3548,267.9270,61,3.903214
1,325.4200,272.8146,212,16.401987
1,641.5837,270.0065,132,11.405391
1,811.6541,268.9622,79,5.445914
1,291.9762,268.2327,53,3.098238
1,664.3037,270.1754,81,5.854270
1,391.1031,272.4003,125,10.525911
1,22.0458,273.0629,96,7.487583
1,97.2514,270.6409,27,1.066953
1,725.5423,275.4068,124,10.410516
1,973.2283,274.8833,132,11.458425
1,524.6597,276.5683,142,12.797192
1,708.0579,273.6124,66,4.536472
1,42.9339,277.6721,148,12.993404
1,425.4761,277.2141,134,11.990737
1,446.8136,275.2049,82,6.018558
1,484.5661,276.9692,104,8.298993
1,778.3500,276.9877,134,11.709528
1,6.7693,273.6153,14,0.392197
1,63.9539,276.6486,79,5.498722
1,197.3011,276.5502,58,3.794720
1,278.7856,277.4336,81,6.009505
1,1014.3227,281.0376,198,14.910967
1,547.5117,279.1338,108,8.921723
1,613.7647,279.3543,124,10.684493
1,153.0943,280.1457,95,7.286354
1,368.5310,279.6443,78,5.457416
1,83.2117,280.7631,102,8.227345
1,948.8949,279.2962,117,7.598450
1,178.9242,281.5609,100,8.131480
1,408.5582,281.7210,68,4.573330
1,762.6054,280.1963,36,1.743009
1,992.2392,282.1893,101,8.221947
1,108.4030,284.0500,115,9.649461
1,296.4938,282.9196,89,6.733912
1,830.2266,283.1736,95,7.364504
1,848.6659,281.0572,38,1.742600
1,922.5230,286.8242,147,10.517511
1,218.2795,284.7013,122,10.447712
1,507.1373,285.0456,110,9.167889
1,814.4744,283.3227,42,2.123126
1,880.9309,284.6128,77,5.613611
1,563.3682,285.5075,87,6.626766
1,689.7377,286.6753,119,10.297701
1,635.2272,287.3584,101,8.170119
1,655.8207,285.3349,57,3.673678
1,796.0920,288.1676,135,11.690999
1,584.6029,288.6217,110,8.672881
1,671.6298,288.4495,114,9.216448
1,862.1669,287.0080,71,5.147589
1,900.1570,289.0120,136,11.597900
1,312.5195,289.2844,91,7.190444
1,467.4840,289.2284,121,10.483462
1,745.5489,291.5067,182,12.756225
1,136.5000,290.0995,90,6.983176
1,441.1423,290.0922,82,5.918560
1,15.2783,291.0816,102,8.215078
1,256.1713,290.9120,106,8.485667
1,392.4211,290.7791,105,7.395646
1,237.6835,291.2301,65,4.412974
1,707.5056,293.6963,114,8.960894
1,54.1389,292.2615,44,2.424908
1,272.6221,292.0033,39,1.774572
1,195.7087,296.2348,152,14.027463
1,601.8169,295.4449,107,8.376493
1,941.4873,294.8193,76,5.422262
1,958.8276,302.3860,170,11.676201
1,284.8156,296.2292,76,4.795540
1,331.8625,296.9534,99,8.117964
1,768.6935,297.2282,107,8.439915
1,982.4130,298.3733,100,5.907590
1,370.9300,298.4539,127,10.942175
1,543.5938,298.1792,151,10.388997
1,848.0346,298.3383,98,7.714952
1,31.4362,302.0567,163,10.964002
1,78.9648,296.6661,41,2.214668
1,95.5943,298.6760,101,7.835085
1,116.6028,305.5746,172,11.565031
1,171.2456,299.5155,107,8.578755
1,414.2921,297.0581,48,2.736889
1,1001.6203,296.1823,18,0.573644
1,150.4571,300.3500,101,7.202122
1,493.7949,300.6279,104,8.112081
1,726.8233,298.7744,57,3.465691
1,810.3306,297.8455,42,2.317060
1,827.9671,301.7304,110,9.148373
1,348.0301,300.3143,54,3.308032
1,427.6371,298.7842,20,0.660657
1,569.2721,302.1063,93,7.149319
1,652.1129,300.2999,51,2.893407
1,869.7178,303.4405,136,11.863324
1,65.3621,304.1469,94,7.192898
1,214.9769,303.4431,78,5.411133
1,298.6727,300.1918,9,0.172215
1,515.5326,304.7162,118,9.935626
1,617.5207,303.8573,98,7.875033
1,634.6674,303.6274,77,5.489462
1,887.0682,300.3434,11,0.233776
1,1020.3201,303.9022,93,6.973928
1,460.0166,306.6778,110,8.967836
1,477.4753,306.4276,87,5.820017
1,311.6783,305.9767,69,4.660961
1,927.7130,307.0172,108,8.647246
1,442.0633,308.2901,94,5.932344
1,783.2270,306.5038,48,2.768715
1,232.0640,309.8159,116,9.499196
1,585.3810,306.2223,31,1.388119
1,667.5424,309.9559,142,12.781469
1,48.7183,308.8881,51,3.005355
1,714.4217,309.3344,86,6.292355
1,1001.3207,311.3470,117,9.343816
1,269.2099,313.2490,165,14.366850
1,409.0031,311.7896,132,11.380888
1,797.3322,310.3335,77,5.500109
1,132.5859,310.9945,63,4.164173
1,387.0192,312.3073,125,10.541138
1,742.4646,320.2715,203,15.104552
1,890.6014,314.6346,103,5.298030
1,84.5837,312.7174,76,5.390773
1,693.1344,315.0592,173,13.450394
1,288.8576,313.2581,55,3.411317
1,361.1164,315.1096,101,8.551314
1,426.3893,314.2120,58,3.751303
1,768.2664,313.8111,53,3.177574
1,815.7833,313.6541,43,2.305324
1,973.7038,315.6496,123,10.007090
1,9.7585,317.5000,134,11.099140
1,169.9574,321.3326,173,11.668272
1,338.8072,318.2857,131,10.472769
1,499.4421,317.6258,103,7.965011
1,546.1830,315.1158,36,1.589506
1,727.6163,314.8570,39,1.939535
1,844.6091,317.6984,119,9.946444
1,907.8361,317.9447,132,10.992426
1,193.4843,319.0636,144,12.918927
1,250.1156,318.5226,84,6.547757
1,524.1482,321.5387,175,11.855282
1,576.7313,319.0439,90,6.620851
1,147.6154,320.9327,133,11.598712
1,301.4230,318.6571,66,4.245409
1,559.4628,319.3809,66,4.393119
1,99.0903,320.9926,89,6.347150
1,594.1596,320.0311,70,4.730501
1,940.7182,321.5853,102,7.810426
1,610.2372,321.9226,84,5.694578
1,645.9174,323.3797,175,14.182912
1,870.9821,321.1034,80,5.698429
1,37.4694,323.4876,121,10.400275
1,59.4708,322.8842,104,8.190554
1,322.5777,324.3692,113,9.033874
1,783.6116,322.9092,65,4.542687
1,623.8458,322.9620,36,1.549341
1,803.7850,326.3950,114,9.179820
1,922.6804,324.4624,52,3.057574
1,760.4189,334.5885,195,16.054704
1,829.2019,328.1139,112,9.229777
1,1016.9749,329.0146,113,9.028147
1,121.9119,328.3578,86,6.199532
1,209.4433,328.6801,82,5.958012
1,439.0751,329.6928,136,11.805337
1,460.5949,330.5047,120,9.474836
1,672.0642,330.3053,148,13.133529
1,1000.9866,327.0996,43,2.209596
1,226.6230,329.9065,104,8.549013
1,372.6228,327.4377,26,0.965210
1,962.5442,330.3268,99,8.094876
1,390.7706,329.8799,74,5.137466
1,711.7350,330.0692,87,6.276001
1,84.3773,331.7350,96,7.597191
1,285.1412,331.4308,119,7.694562
1,409.1597,332.7664,86,6.439467
1,22.1761,334.6754,110,8.740055
1,355.9036,334.0129,116,9.760560
1,483.2038,335.4611,200,14.219658
1,261.4041,333.6463,71,4.892294
1,561.4371,335.7567,102,8.010287
1,308.6422,336.3787,117,9.843319
1,629.8482,335.9373,81,5.911149
1,987.3489,335.8335,90,6.842334
1,67.5280,336.7760,84,6.031565
1,585.5484,337.8545,114,9.634728
1,778.0347,335.8796,47,2.707871
1,244.2308,338.8884,123,10.328922
1,858.6543,339.2500,162,14.248034
1,134.8508,338.4145,91,7.180304
1,890.1754,339.0161,203,15.656754
1,935.6495,336.9116,42,2.299286
1,154.6174,339.1738,63,4.144302
1,193.8156,339.8076,95,7.086426
1,423.3406,338.6051,62,4.115000
1,528.7326,343.4876,287,23.167485
1,695.3659,340.4493,107,8.512065
1,918.7572,341.7553,115,9.631464
1,39.3800,339.6222,27,1.064021
1,730.3768,341.9344,83,6.028213
1,104.4925,342.4826,81,5.599340
1,505.3061,339.5987,18,0.506931
1,795.0121,342.6026,82,6.202638
1,949.5743,341.9616,61,3.944428
1,602.4841,344.0071,87,6.468312
1,815.9773,345.5027,139,12.385237
1,838.3628,343.6177,69,4.678629
1,371.4628,347.9494,195,14.764155
1,176.8239,347.1698,128,10.600237
1,645.2709,345.6957,104,8.169172
1,713.8266,345.4827,74,5.198887
1,328.1326,345.9572,49,2.889433
1,394.9471,346.5235,73,4.876759
1,89.4856,346.8247,68,4.502296
1,219.5645,349.0379,140,12.029402
1,342.4907,347.4347,93,7.298644
1,668.6708,346.9637,58,3.462733
1,970.5319,348.9669,150,13.473784
1,264.9689,352.2579,128,10.937227
1,435.9815,350.6420,85,6.335736
1,13.7064,352.9561,158,13.541751
1,287.8479,352.3438,132,10.970402
1,411.5992,351.9167,79,5.724114
1,461.1033,352.1351,116,9.738275
1,553.0829,350.5907,57,3.455172
1,743.3377,351.7451,84,6.251119
1,991.6373,349.9076,40,1.995720
1,1007.1847,352.4989,102,7.326984
1,63.3380,351.0050,47,2.683938
1,623.2878,354.9066,164,14.543516
1,776.6778,352.4842,77,5.358682
1,45.9116,354.3144,109,8.591401
1,572.5440,354.8302,118,9.883273
1,871.7272,352.2670,51,2.934567
1,935.2761,353.0955,66,4.308738
1,149.3957,353.9621,75,5.279048
1,497.8024,357.5794,178,16.340270
1,904.9413,352.7638,42,2.415756
1,313.1079,356.4829,130,11.024410
1,683.5112,354.4904,56,3.745601
1,130.3370,357.7758,142,12.450719
1,111.9736,358.2405,107,8.693073
1,846.1517,357.5572,94,7.448812
1,197.3319,357.2341,43,2.249605
1,476.8492,358.1951,77,5.388816
1,165.5483,358.8117,60,4.025969
1,1021.3491,358.9785,56,3.308982
1,79.4501,361.8721,121,10.097605
1,235.7385,357.5035,14,0.351207
1,591.5164,362.0102,130,10.851281
1,698.1025,360.7314,69,4.821715
1,950.8910,361.6251,107,8.815267
1,536.6568,360.0064,47,2.741250
1,665.1530,363.2802,115,9.583657
1,760.7970,362.2946,95,7.176157
1,805.4067,360.4281,52,3.080169
1,885.2527,362.9832,140,12.225406
1,712.5534,361.5465,55,3.522002
1,726.9474,361.9561,69,4.667377
1,921.1964,363.0605,94,7.194986
1,248.8225,363.2420,85,6.148418
1,395.5284,363.2680,71,4.926578
1,424.5951,364.0214,105,8.512858
1,789.2589,364.1923,110,8.906966
1,338.6943,367.4145,162,12.385389
1,379.2307,363.9252,66,4.535798
1,863.0817,370.9517,94,4.754969
1,985.6387,363.5220,52,2.937792
1,207.5527,365.2037,72,4.633498
1,823.6273,366.5735,128,10.698975
1,185.4886,366.6798,82,6.099072
1,35.9864,368.7935,108,8.835929
1,449.7991,369.0586,152,13.790577
1,553.9556,368.2471,116,9.768111
1,645.3684,369.5475,140,11.820188
1,59.9531,369.7041,112,9.351604
1,224.1392,368.8519,98,7.862995
1,520.0289,368.6212,81,5.978046
1,96.6485,369.3019,85,6.580718
1,276.0516,368.9164,71,5.127338
1,967.6274,371.6571,113,9.256109
1,998.7511,368.3936,30,1.229110
1,741.2815,371.4299,93,7.294034
1,906.7391,372.4428,103,8.315597
1,1011.8096,370.3046,58,3.738907
1,17.4029,372.1986,72,4.977629
1,153.2816,373.3496,97,7.780604
1,680.8049,374.8652,167,12.560812
1,262.7475,370.6472,13,0.235235
1,360.7898,376.7106,162,15.047327
1,297.8570,374.7349,180,13.641668
1,612.5960,376.4352,117,9.714853
1,939.5174,375.7413,74,5.112318
1,319.6964,374.6599,41,2.078762
1,405.6202,379.3341,150,12.785620
1,535.3581,376.4951,87,6.721637
1,573.7356,376.7447,83,6.466073
1,499.4503,375.4535,32,1.513858
1,845.9123,378.2320,105,8.690904
1,1.7316,378.6565,73,4.941194
1,132.3328,384.5459,194,15.848965
1,171.0781,379.2660,101,8.143876
1,475.0461,379.6285,109,8.804021
1,717.3356,377.1822,59,3.605685
1,775.6137,378.7654,100,7.721129
1,987.2297,379.8648,111,9.081987
1,245.9461,381.0842,133,11.106803
1,630.9886,378.9475,69,4.524727
1,758.5840,378.3976,52,3.314313
1,109.4137,382.4431,106,8.256013
1,387.1989,379.6093,65,4.419382
1,796.9447,378.7848,42,2.271527
1,428.9373,383.7939,127,10.312768
1,85.5899,383.4668,88,6.345665
1,189.9347,384.9587,114,9.568066
1,513.0485,384.0170,87,5.490980
1,593.0607,383.8265,100,8.064677
1,810.3991,383.4487,92,7.376576
1,891.0930,383.8474,101,8.189463
1,331.0005,384.5654,71,5.086368
1,925.1647,386.1400,124,10.612516
1,63.5470,385.9354,83,6.052460
1,212.9259,388.2514,182,17.442759
1,874.9288,385.3067,84,6.138226
1,703.2442,388.1962,123,10.131825
1,35.5937,388.5618,119,8.505659
1,267.2711,388.2368,114,9.530517
1,829.2960,387.9063,99,8.031321
1,453.4195,390.6669,143,12.750170
1,554.8291,392.1359,182,16.370940
1,953.7861,389.1826,91,6.827019
1,1012.7643,388.5156,88,6.755050
1,491.0019,391.2344,118,9.644863
1,13.8274,392.3243,123,10.539612
1,374.3331,389.9287,75,5.376931
1,743.1419,391.4240,129,11.224338
1,662.7001,390.6962,58,3.554849
1,157.2200,393.8887,133,11.411396
1,610.8913,393.5418,94,7.309379
1,317.5302,396.4178,160,13.711786
1,638.7067,394.9066,119,10.215048
1,721.2005,393.5203,79,5.544516
1,789.2323,394.1972,121,9.897122
1,851.4862,398.7866,172,12.108274
1,285.0094,397.1153,148,12.637548
1,530.1195,393.6304,77,5.375821
1,579.8148,395.2712,96,7.340389
1,687.4705,393.4474,54,3.569980
1,908.0103,395.7371,105,8.360113
1,232.3771,395.9400,98,7.588874
1,343.2750,395.1294,58,3.525838
1,972.5484,396.5825,122,10.836372
1,997.5861,394.0951,39,1.929464
1,79.4882,397.4600,94,7.023019
1,765.9888,398.6290,148,13.248203
1,101.7462,396.6272,26,0.900043
1,939.4977,397.5714,62,4.009411
1,119.4259,401.4895,113,9.071881
1,252.8195,400.9832,103,8.518283
1,388.6718,401.6308,126,11.005188
1,62.4831,401.5750,82,6.011733
1,301.1213,401.0446,71,4.989865
1,356.7722,403.6514,114,8.760400
1,432.8030,401.3469,86,6.558759
1,471.9696,401.9216,96,7.487473
1,673.6786,401.2274,79,5.565452
1,815.4514,401.5960,76,5.233240
1,176.4443,402.4696,84,6.409556
1,417.0493,402.6515,72,4.856559
1,885.7928,401.7424,39,1.909470
1,45.3639,405.0009,82,6.075719
1,1016.9965,403.9468,70,4.761344
1,507.1914,411.4735,174,12.473760
1,831.1851,404.8214,53,3.259409
1,869.7447,405.3737,87,6.800106
1,986.7676,406.2482,94,6.919877
1,24.3411,407.4216,96,7.754171
1,654.9391,408.0784,140,12.140207
1,150.0828,408.5325,105,8.192632
1,204.0624,408.7542,115,9.038867
1,597.8905,408.2257,88,6.378471
1,725.1957,407.4590,59,3.795715
1,952.5435,406.9215,61,4.126562
1,92.9229,409.0644,103,8.102535
1,625.0905,414.2001,205,17.625530
1,694.8783,409.0017,105,8.797292
1,537.8959,409.5984,86,6.492927
1,749.4504,408.1932,49,2.905946
1,568.3450,408.5699,36,1.802229
1,488.1861,411.6368,92,7.066005
1,339.3063,413.5821,109,8.683234
1,403.1235,412.7972,77,5.657288
1,917.1997,413.3360,118,9.712849
1,582.9458,413.6942,76,5.263431
1,789.4940,413.6630,92,7.250359
1,1002.8617,415.1428,115,9.611366
1,108.0017,413.0540,26,1.070015
1,187.1313,418.3361,133,11.710131
1,218.3791,416.9198,92,6.721426
1,237.8023,418.2053,130,11.445304
1,321.5750,417.4435,94,7.711076
1,444.1830,420.6904,152,11.697535
1,555.8441,417.3589,120,9.429009
1,738.2767,416.5003,69,4.713499
1,807.1068,416.9315,85,6.040746
1,885.1107,415.5921,52,3.138868
1,937.6495,417.7870,105,8.721621
1,965.3442,422.5517,170,12.255175
1,264.6836,419.1073,138,12.093181
1,374.6421,419.7878,195,18.932086
1,712.8551,418.0480,108,8.937666
1,1022.0166,416.4335,43,2.239739
1,130.0956,419.4122,111,9.116638
1,772.2222,419.4173,104,8.399150
1,37.8197,419.8110,74,5.275063
1,61.7032,419.8612,123,10.146465
1,418.2814,420.1725,104,8.290304
1,465.7681,422.1709,146,10.239546
1,524.2245,420.0511,110,9.008604
1,678.0800,422.3862,167,13.916532
1,15.1575,422.0815,104,8.135360
1,860.2156,423.0256,129,11.196453
1,838.6843,423.8289,126,10.748248
1,294.2995,423.1994,78,5.357322
1,153.8112,422.8175,35,1.643182
1,599.0311,423.3576,53,3.051159
1,820.2818,423.3402,59,3.759184
1,900.4716,425.0575,99,8.074176
1,643.4700,426.3726,105,8.397660
1,96.5095,423.4537,16,0.576769
1,280.1595,425.9102,64,4.063311
1,571.2463,423.8009,22,0.664936
1,168.5094,428.8958,129,11.142729
1,110.6813,428.9159,105,8.179703
1,309.6399,430.7370,120,10.122601
1,982.9099,434.2685,162,13.330418
1,78.3055,432.4558,208,18.134150
1,397.3356,435.4718,165,13.712881
1,484.9632,430.3690,91,6.960595
1,755.5630,435.2022,235,20.131814
1,346.8327,433.1612,157,14.811341
1,611.9664,432.0286,120,9.907640
1,882.9241,432.6028,124,10.614969
1,920.4469,432.3064,103,8.207310
1,1021.8423,433.9029,125,10.436372
1,727.3623,434.4548,147,13.207221
1,207.5361,434.6638,103,8.268245
1,226.5326,432.3136,40,2.065435
1,428.1460,433.7977,71,4.637415
1,547.7096,434.5569,110,8.720708
1,584.6154,434.3415,109,8.593292
1,701.4978,433.5870,89,7.069670
1,807.5375,432.2922,33,1.456665
1,1002.3103,433.6262,85,6.601206
1,515.3482,432.6473,26,1.011829
1,792.2440,432.0550,14,0.315273
1,946.4341,435.5742,118,9.106909
1,47.1143,436.5678,105,8.585636
1,498.9395,435.1609,67,4.189047
1,124.5915,434.1725,23,0.795768
1,247.4086,437.5453,102,7.929618
1,267.7479,439.3888,96,7.582209
1,370.1648,439.2365,94,7.032219
1,667.8936,436.9922,40,2.011549
1,779.4768,439.2024,108,8.324120
1,30.1911,439.4016,85,6.443251
1,186.9971,439.7295,97,7.597221
1,859.1037,441.0454,101,8.190376
1,530.0103,442.3696,115,9.226081
1,564.1025,443.3003,111,9.049975
1,685.7323,440.4988,57,3.713834
1,827.4441,443.4816,164,15.078857
1,290.4628,445.5014,146,12.158331
1,321.7628,441.8408,48,2.636950
1,138.2421,446.7408,183,16.919812
1,451.6408,446.6913,171,14.334331
1,804.4072,445.6419,97,7.491000
1,232.0174,445.7547,90,6.548607
1,416.4805,446.1921,116,9.459505
1,14.2252,446.9107,108,8.900630
1,476.3117,449.9710,161,14.798095
1,115.5311,447.3871,82,6.075363
1,335.1356,448.1061,93,6.817956
1,514.1685,445.6531,39,1.888219
1,640.5221,449.1814,154,13.527087
1,933.8529,448.1014,97,7.504233
1,94.5011,448.9095,138,10.999676
1,660.6812,448.6745,81,5.750065
1,911.5307,450.4484,149,12.852025
1,208.8577,451.7367,136,11.668373
1,583.8905,451.2596,115,9.583790
1,873.9297,450.6733,103,8.360235
1,970.7766,449.7293,75,5.063228
1,69.1463,451.1103,96,7.468698
1,498.1690,451.7055,75,5.247822
1,604.6097,451.1228,80,5.968491
1,711.0042,453.1255,145,13.015928
1,1002.6542,452.5478,106,8.356222
1,178.1641,452.9284,77,5.646603
1,381.6185,453.0382,103,8.060987
1,694.7756,450.6757,33,1.457052
1,741.7918,451.6893,68,4.543426
1,160.1415,454.7156,117,9.708496
1,257.0889,451.2374,26,1.062708
1,306.7801,453.1036,62,3.682985
1,352.2077,450.9532,15,0.375833
1,787.7989,454.5957,103,8.042028
1,841.7083,453.7684,59,3.563204
1,362.5868,453.5919,48,2.500957
1,621.4791,456.2969,110,8.939711
1,542.4580,456.8944,92,6.833354
1,956.4701,457.5763,122,10.335079
1,432.9620,458.1941,100,7.669562
1,675.4618,459.2288,147,12.896064
1,31.2492,459.3665,96,7.423580
1,272.5454,459.3543,114,9.438534
1,319.6308,457.4700,46,2.316164
1,855.7169,457.6586,48,2.586133
1,58.5019,465.6089,250,17.609796
1,754.5711,459.4859,82,5.943992
1,983.1978,458.6621,47,2.596072
1,401.5896,462.3561,155,13.693671
1,820.9817,458.1361,21,0.539418
1,891.7342,461.3312,118,9.804045
1,246.2041,462.2458,91,6.891428
1,558.6329,459.4426,27,0.981863
1,726.2456,462.3556,91,7.097247
1,1021.5894,462.4306,105,8.241856
1,529.2907,461.6659,31,1.346899
1,769.3722,462.7920,55,3.392191
1,226.1020,467.5491,144,11.849682
1,338.2185,464.7875,76,5.499518
1,509.1899,466.8669,178,16.687067
1,806.7137,463.9840,38,1.812247
1,89.5265,468.4389,144,12.304945
1,113.6233,466.8084,100,7.918430
1,196.9010,471.9675,208,15.453593
1,594.0105,466.4480,80,5.920759
1,935.1525,467.1522,106,8.344958
1,132.2103,467.5168,82,6.209117
1,299.8539,467.6949,78,5.502110
1,357.0658,470.0433,118,9.663187
1,913.2134,466.2987,32,1.494280
1,16.6448,468.9229,51,2.992382
1,575.9718,474.6293,192,15.719819
1,642.5090,470.5402,106,8.462061
1,790.2078,470.6535,115,9.459556
1,175.7730,471.7063,109,8.960621
1,843.6231,469.9938,81,5.022803
1,994.9364,472.3983,173,14.317255
1,282.8195,470.8365,54,3.334972
1,376.2694,471.6299,75,5.288098
1,458.4560,474.2431,198,15.484172
1,484.0740,474.6859,168,14.905246
1,741.2754,470.6289,54,3.471537
1,821.5662,472.3697,107,8.293397
1,153.2647,474.0301,137,12.054968
1,863.6760,473.6517,118,9.972538
1,258.4428,474.6251,95,7.535026
1,319.6421,477.6450,155,9.834688
1,32.6315,475.9101,79,5.712665
1,429.3483,476.1516,131,11.105564
1,556.3197,475.4997,75,5.251047
1,697.3588,476.9108,143,12.850266
1,955.9748,476.4298,110,9.015975
1,625.3988,476.3956,88,6.932731
1,659.8472,479.4397,144,12.430713
1,681.1656,476.1274,71,4.891021
1,715.8956,475.6240,66,4.386576
1,540.4926,478.6914,108,8.629533
1,606.7750,478.5057,106,8.610249
1,881.4801,478.6543,105,8.391127
1,758.0001,477.5657,54,2.967320
1,901.1068,479.1583,86,6.406236
1,1.7996,480.6089,111,9.169087
1,336.9387,480.0555,73,5.450785
1,392.6235,478.8148,72,5.064351
1,976.9924,481.1774,82,5.640872
1,104.2171,483.1056,92,7.052610
1,239.2693,483.6511,116,9.605833
1,525.0685,480.9899,43,2.262970
1,771.7617,483.7861,116,9.355326
1,918.3656,483.5579,108,8.685217
1,54.0895,484.3882,119,9.845878
1,123.3967,483.1256,72,5.045860
1,411.4894,483.4953,82,6.039278
1,296.0956,485.5440,116,9.575797
1,837.2500,487.0208,126,10.598225
1,744.9229,486.2208,82,5.880929
1,938.1229,487.7637,129,10.698275
1,19.3976,488.8283,111,9.095318
1,217.5148,487.5417,88,7.011140
1,511.7095,487.9915,97,7.207361
1,796.4406,487.2137,70,4.850659
1,1006.1300,488.0949,95,6.995749
1,379.4343,486.7936,26,0.940685
1,813.2652,489.5826,121,10.015845
1,264.0957,488.2752,41,2.068070
1,279.2612,489.7970,78,5.683853
1,366.5151,491.9890,126,8.928991
1,496.3845,488.5929,43,2.244356
1,642.4430,490.5903,78,5.494633
1,169.8577,493.4447,144,12.032824
1,442.1233,491.8303,99,7.989794
1,860.1144,492.0859,98,7.991976
1,964.4987,491.5750,77,5.451518
1,74.9364,493.0362,77,5.468165
1,144.9421,494.6669,175,13.814739
1,551.7155,491.8888,29,1.175488
1,711.0463,493.9280,89,6.360279
1,564.3427,500.7169,140,9.339205
1,600.1455,494.9017,94,7.183491
1,39.1923,494.8965,69,4.978269
1,202.0986,497.4368,124,10.307333
1,345.2390,497.0029,131,11.402016
1,532.1673,494.9415,69,4.887147
1,624.5067,497.7120,155,13.819532
1,989.8699,495.1740,56,3.489681
1,91.8039,497.0434,96,7.160144
1,478.3766,505.9711,228,18.467398
1,581.3200,494.2248,23,0.801881
1,730.2287,497.5209,106,8.311950
1,693.2588,497.7751,80,5.897338
1,119.8028,498.3321,68,4.508005
1,252.3170,500.2507,138,12.214665
1,308.6458,497.9508,57,3.559307
1,392.5207,500.8032,212,18.270060
1,674.9982,500.8831,112,8.376186
1,760.7900,497.3513,49,2.781554
1,425.5946,500.5461,112,8.844815
1,783.6196,499.7547,85,6.547192
1,876.1607,499.9223,92,6.521162
1,900.7878,500.5291,155,13.720538
1,459.0525,498.5300,39,1.869890
1,183.7010,501.2978,65,4.409618
1,1016.4068,502.2810,125,10.286590
1,327.0419,500.7386,41,2.047533
1,659.9163,502.2314,36,1.679686
1,829.6824,502.3345,34,1.630118
1,918.6986,502.8374,61,3.861648
1,105.5413,502.2661,32,1.517992
1,500.2813,505.9140,112,9.249458
1,745.7443,504.3774,65,4.243271
1,58.8428,504.0173,100,6.962583
1,586.6631,505.9302,75,5.249034
1,225.8713,508.3628,159,14.876518
1,288.3175,506.6922,97,7.757797
1,10.5696,506.5228,62,4.018356
1,26.5876,507.0735,74,5.093458
1,800.4853,508.4536,116,9.503565
1,843.0740,510.9462,168,12.305207
1,270.6974,508.8836,87,6.548581
1,546.0985,509.7585,108,9.099495
1,956.8637,508.9505,106,8.636056
1,974.4792,508.5417,90,7.171329
1,78.6582,506.8200,20,0.647722
1,412.3758,508.9479,59,3.834185
1,524.0254,510.2125,92,7.125518
1,645.9876,510.3697,119,9.870336
1,934.7057,510.0844,116,9.680850
1,993.7549,510.1206,97,7.568698
1,359.7875,519.7076,236,18.753262
1,709.3729,511.5065,94,7.181002
1,772.6005,510.3856,57,3.759906
1,134.7839,513.0290,105,8.842251
1,316.0879,510.8025,41,2.229129
1,458.7165,515.3442,149,13.500307
1,604.8534,513.7089,102,8.094916
1,39.9365,512.4984,42,2.218434
1,159.6794,514.0549,69,4.870858
1,688.6504,514.1340,70,4.757875
1,116.3209,515.7084,94,7.466531
1,334.0874,517.5144,144,12.425247
1,817.1857,515.2733,80,5.569185
1,866.1984,516.1909,95,7.449553
1,881.6378,513.8908,39,1.944744
1,180.6622,517.7987,122,10.366309
1,303.9197,516.9051,86,6.155901
1,434.1259,517.9300,135,11.763786
1,755.5416,518.1550,109,8.830735
1,94.0511,521.1923,163,14.689369
1,204.5513,521.9282,147,12.756472
1,672.2897,516.8437,41,2.089831
1,736.3668,518.7478,63,4.198402
1,915.8761,516.0220,23,0.942659
1,0.7937,519.6788,72,5.037724
1,53.3873,518.4835,52,2.924632
1,623.5722,520.8512,112,9.122793
1,71.3290,519.9670,70,4.883265
1,254.8097,521.1177,93,7.000788
1,383.9717,520.9881,89,6.479029
1,587.9857,521.9540,70,5.279263
1,784.6883,522.4819,100,7.962467
1,567.5756,524.5626,145,12.752695
1,19.5860,522.3833,40,2.106868
1,405.4055,524.5176,122,9.869555
1,893.4112,525.7144,137,11.424281
1,983.6945,524.2156,83,6.077727
1,493.0646,525.4732,88,6.639053
1,510.6824,526.3631,118,10.048028
1,530.3109,526.9465,107,8.933836
1,723.8079,525.7102,93,6.904418
1,1005.6634,525.9079,97,7.707585
1,33.2342,526.2836,63,4.074940
1,285.7916,527.1391,112,9.357441
1,655.3058,528.2153,141,12.628148
1,148.6379,526.4387,54,3.136591
1,237.0878,528.3516,146,12.832352
1,802.1929,525.1037,21,0.704115
1,948.7067,529.4315,140,11.953154
1,697.4992,535.2686,251,20.442139
1,925.0892,530.2271,152,13.780739
1,163.6883,531.7533,101,8.156135
1,548.6530,531.3773,95,7.369909
1,638.0722,529.2653,46,2.662252
1,821.1424,531.6332,126,10.669110
1,848.9149,531.0452,135,10.977935
1,673.9374,530.9229,64,4.083578
1,9.6048,533.0979,86,6.359239
1,110.7094,532.6070,90,7.182096
1,268.3406,539.3362,173,12.177498
1,447.5634,531.5876,51,2.678716
1,766.8056,532.9103,93,7.204497
1,872.5448,531.8546,60,3.965919
1,61.0041,532.4238,45,2.614271
1,135.7257,534.3920,119,9.631645
1,463.7174,532.8855,63,4.003094
1,79.7454,535.2038,89,6.930233
1,312.4749,533.9989,154,11.711685
1,338.7725,532.3066,27,0.969606
1,609.5866,535.5443,126,10.719366
1,968.8548,536.4626,128,10.750972
1,186.9789,538.3005,141,12.662682
1,390.2663,537.1136,88,6.591305
1,430.2877,538.0467,120,10.145081
1,790.6308,537.6265,80,5.631177
1,45.8791,539.2877,118,9.604116
1,219.3768,539.8724,119,9.866811
1,738.6812,549.4581,297,23.827815
1,903.9618,544.1115,176,13.495282
1,583.9558,541.4665,158,13.663383
1,990.7468,540.1984,96,7.348512
1,1016.6639,539.8664,78,5.516505
1,29.7433,541.2320,36,1.643177
1,805.0691,542.4389,61,4.160794
1,290.8288,545.5691,106,8.123199
1,346.8073,545.9956,150,13.404755
1,371.6035,545.7059,129,11.077633
1,467.0729,547.0414,105,8.058480
1,500.0756,545.4872,99,7.514542
1,633.0834,545.8177,127,10.722564
1,484.2437,546.3160,98,7.368559
1,669.8991,546.8395,112,9.193297
1,835.8412,544.7470,66,4.289136
1,865.7876,550.4782,166,13.342683
1,326.8444,544.8929,43,2.516972
1,884.6459,546.8815,78,5.663751
1,238.6025,548.2111,115,9.570949
1,410.4125,549.0452,190,17.619495
1,448.9327,546.2538,40,1.950803
1,561.1099,548.4074,138,12.350246
1,712.8593,549.7999,133,11.396512
1,158.7899,545.7430,22,0.692392
1,66.6701,550.8032,131,11.604235
1,526.1754,550.5946,225,19.874477
1,950.8302,549.3604,87,6.770945
1,124.1301,551.3970,125,10.381559
1,929.9620,552.1746,128,11.004090
1,21.1766,558.7488,174,11.635723
1,143.1030,551.7637,75,5.400716
1,203.0410,551.5818,113,9.598510
1,769.3224,555.8416,192,17.487606
1,819.9704,550.0618,43,2.205976
1,89.2072,554.2693,121,10.373830
1,106.8562,552.5990,85,6.181313
1,1004.3607,551.2599,55,3.421330
1,3.1803,553.2398,67,4.827075
1,654.0409,555.2173,121,10.307635
1,387.0379,552.6039,36,1.679299
1,306.0508,554.6658,66,4.594877
1,179.0955,556.8727,77,5.406839
1,256.2092,560.3517,155,11.045118
1,986.3224,555.5663,44,2.265830
1,610.4947,559.8033,155,13.613119
1,42.2826,559.0286,120,10.180334
1,595.0339,555.1970,12,0.274036
1,432.8185,562.3992,126,10.364905
1,786.5357,558.3922,48,2.568685
1,837.8922,558.2748,52,3.124087
1,326.3545,562.1156,151,13.258200
1,801.4788,562.0951,130,11.296859
1,971.6352,561.5311,104,8.369506
1,450.9218,561.1665,74,5.420646
1,852.5972,561.0176,72,4.816424
1,151.6950,566.0334,169,12.142830
1,233.1326,562.4207,46,2.620816
1,697.4511,564.0089,88,6.687659
1,1014.9956,563.2510,65,4.284102
1,292.0253,564.1718,76,5.453247
1,549.5732,564.5335,92,7.410954
1,631.1378,565.5016,130,11.200925
1,676.2823,565.4289,120,10.333720
1,822.5988,565.8191,107,8.585504
1,891.4916,565.9220,123,10.270726
1,350.5735,564.8268,61,3.971096
1,755.3188,567.5732,103,7.321191
1,913.6001,566.3241,93,7.383946
1,953.9478,565.6868,62,3.865417
1,996.7124,566.9654,95,7.278623
1,218.6189,568.3492,96,7.860834
1,366.4034,568.9604,115,9.203344
1,474.7783,567.0383,132,7.517610
1,509.5564,568.5001,95,7.113660
1,567.3354,575.2658,171,11.577593
1,587.1353,569.2916,141,12.279197
1,386.3208,569.5654,127,10.677431
1,98.6312,568.9910,41,2.102025
1,175.8957,573.2329,130,8.561202
1,198.2888,571.6773,142,12.487780
1,937.6704,571.5749,128,11.126180
1,67.1578,571.7867,87,6.456925
1,124.5560,572.1293,111,9.105797
1,716.6294,571.0926,66,4.402834
1,5.4624,573.0085,85,6.421919
1,82.8252,571.8959,65,4.235487
1,275.5087,574.1637,142,12.503380
1,412.8921,573.5645,121,9.799598
1,525.9952,575.1916,132,8.763607
1,49.2632,574.1074,95,7.238106
1,308.8825,574.2702,100,7.459348
1,453.8611,577.7569,103,8.083577
1,496.1151,581.5491,180,13.652044
1,732.4551,576.2847,84,6.337239
1,877.5216,576.6180,87,6.959315
1,239.9996,577.4446,94,4.582833
1,688.4358,577.0449,61,4.208233
1,782.6504,579.5281,137,11.971965
1,847.0924,578.7505,137,11.989316
1,342.9352,580.0902,120,10.079579
1,980.6012,580.0177,135,12.168023
1,108.3885,578.4748,52,3.035658
1,657.4113,581.8268,158,14.161445
1,955.1248,579.3389,64,4.112906
1,805.8785,581.0312,61,3.594368
1,1012.3999,581.9236,99,7.588169
1,435.3672,591.5230,254,18.028793
1,617.7336,580.6163,36,1.801454
1,915.9594,582.9265,90,6.434192
1,823.4182,583.8640,94,7.523691
1,160.3869,585.6636,101,7.471929
1,400.6016,585.1764,75,5.223833
1,606.5664,594.4684,206,16.031956
1,636.0583,585.1307,104,8.698142
1,748.6972,584.0810,74,5.100339
1,900.6688,590.0256,110,6.269211
1,324.0810,585.1086,68,4.787574
1,475.0916,585.9488,98,7.695067
1,711.8246,586.4817,122,8.516584
1,27.8449,588.5163,178,13.866872
1,93.9221,586.9477,98,7.757285
1,222.8150,586.8182,97,7.546046
1,294.4331,586.8269,123,10.051290
1,865.9863,588.2795,132,10.849042
1,135.5295,585.1883,29,1.234664
1,260.5598,588.6944,81,5.945741
1,360.0146,588.0696,54,3.266306
1,584.6446,588.0243,59,3.821402
1,519.1207,587.8499,24,0.697431
1,544.1089,590.6518,190,15.628186
1,5.4664,590.0763,71,4.844238
1,57.3748,596.8143,192,15.442262
1,118.2074,590.2651,75,5.362578
1,380.2147,592.5308,141,12.621207
1,762.1618,590.6353,69,4.785376
1,75.5306,590.9378,74,5.308901
1,198.3562,591.6129,140,9.634547
1,688.9184,590.8618,47,2.613494
1,929.8777,591.4323,81,5.749182
1,796.0447,592.6842,71,4.780292
1,147.2478,592.7153,69,4.601237
1,670.6757,592.5935,52,2.946577
1,731.0672,592.9249,53,3.194209
1,1000.6442,593.8918,86,6.736365
1,959.0296,596.3145,173,14.700288
1,244.4353,598.1635,124,10.704721
1,176.6624,598.1411,109,8.959623
1,567.9027,597.6825,71,4.770223
1,625.4986,596.1421,41,2.250081
1,839.2375,596.4515,52,3.146644
1,272.8056,603.0184,131,8.690417
1,343.6562,598.9292,95,7.408125
1,411.7925,599.5114,99,7.721531
1,886.6252,599.0978,86,6.582737
1,816.2644,601.3541,134,11.831108
1,984.0434,603.4093,135,9.230131
1,131.1333,602.5224,108,8.982726
1,326.4935,608.1907,199,14.886522
1,508.3177,602.3922,117,9.651517
1,773.1938,603.4185,175,15.070302
1,460.6096,602.2424,70,4.703257
1,657.0536,602.4405,74,5.260940
1,698.1199,602.4115,86,6.001131
1,586.2049,603.9258,83,6.232576
1,680.6051,603.8875,87,6.480020
1,747.3837,604.6267,110,8.850591
1,105.3661,606.1637,129,10.965533
1,363.3043,604.9733,81,5.970198
1,80.9616,607.9364,135,10.105744
1,306.2938,605.3884,72,4.930730
1,391.6334,605.7618,96,7.331128
1,530.0077,606.2009,83,6.163741
1,712.4443,605.0502,69,4.353815
1,290.2737,608.1354,116,10.065242
1,639.5820,606.8973,105,8.292910
1,919.2178,606.7282,91,6.949213
1,935.7085,606.1243,75,5.214602
1,12.3348,607.7080,195,14.883515
1,227.3236,609.6661,130,10.989882
1,729.4275,608.1048,88,6.613855
1,850.0210,609.2737,154,13.657977
1,1014.5865,607.8540,90,6.824009
1,205.5824,609.7493,117,9.988501
1,39.2275,609.6183,98,7.934447
1,158.2443,610.6163,127,10.870617
1,479.9971,616.7625,257,21.675881
1,556.6244,610.1693,98,7.647596
1,871.1481,609.3925,64,4.229978
1,903.2414,609.4722,62,4.169504
1,252.0760,612.4095,67,4.206149
1,429.8198,620.4243,229,17.267184
1,802.9843,614.6962,108,8.925431
1,183.7791,615.2623,94,7.303458
1,962.7697,614.8896,75,5.464753
1,998.4751,619.4106,145,9.134101
1,596.7332,616.3546,88,6.967341
1,887.8670,615.7183,62,3.868934
1,378.0387,617.4249,73,4.961279
1,451.2352,618.3772,103,8.255846
1,662.5536,622.6962,229,18.702450
1,827.5907,618.8973,118,9.376690
1,785.6621,618.5866,91,6.956987
1,346.8430,619.5318,75,5.155661
1,499.6578,618.2071,40,2.109789
1,540.5344,617.1245,19,0.596790
1,621.7533,620.6209,180,16.618421
1,117.1193,621.1291,99,7.573866
1,136.8165,622.1664,138,11.448248
1,406.4089,617.8558,19,0.653834
1,519.1041,621.1995,122,10.200971
1,574.6682,621.3858,115,9.429792
1,362.1831,622.1245,83,6.064715
1,305.0877,621.6858,44,2.449714
1,700.3609,623.4769,149,11.467352
1,58.7784,624.6554,132,11.796942
1,262.9628,624.4242,104,8.196251
1,766.8146,624.3192,108,8.554622
1,929.1927,622.8143,61,3.765074
1,88.3770,626.0005,128,11.265531
1,196.6755,625.3268,75,5.287325
1,950.9607,627.0903,133,11.322721
1,723.8736,625.8077,59,3.595634
1,744.2229,629.6584,163,12.639519
1,871.9944,630.0562,175,15.112242
1,901.3508,626.1738,76,5.234713
1,240.7102,627.8212,106,8.864409
1,393.5407,627.9199,99,7.745556
1,553.5075,629.0024,116,9.736117
1,976.9601,628.9937,122,9.996861
1,290.6619,628.9931,105,8.097123
1,850.6249,628.3601,81,5.950225
1,28.4408,630.1210,245,20.993706
1,168.8131,631.7567,218,14.836571
1,215.4303,629.9824,106,8.970895
1,319.2724,630.6631,109,8.834352
1,1014.2016,629.7780,100,7.750737
1,414.6594,633.3323,132,11.221062
1,534.8232,627.9646,21,0.740578
1,917.3671,629.2656,64,3.994764
1,640.4188,632.0295,78,5.810561
1,816.8729,631.0205,37,1.887004
1,469.7533,635.9602,163,14.708889
1,504.9169,634.6660,85,6.231025
1,598.7529,635.0022,153,9.952467
1,832.1891,633.5260,45,2.389733
1,336.5149,636.4663,67,4.543765
1,935.0429,635.1720,37,1.707206
1,375.1888,638.1915,82,5.888267
1,674.9454,638.2624,96,7.522987
1,711.7801,637.0316,58,3.569223
1,270.8228,637.8258,67,4.365938
1,2.6237,639.6221,90,6.782954
1,71.2270,640.5604,132,11.574505
1,103.1307,641.2909,177,15.182946
1,525.8061,640.9367,107,8.613020
1,574.5093,642.2753,128,11.198852
1,802.0759,642.4041,132,10.990094
1,891.6790,640.1611,82,6.148647
1,696.7957,640.4649,48,2.515174
1,784.3399,640.9101,63,3.988560
1,966.0996,641.2082,60,3.637980
1,231.0955,642.5245,90,6.898129
1,728.7710,643.2793,103,8.155887
1,141.6635,644.7176,156,13.397262
1,256.5534,641.5792,38,1.954818
1,907.1188,641.8447,34,1.521363
1,195.3722,645.2639,99,8.014702
1,450.6730,645.4334,103,7.971606
1,626.1879,647.1390,133,11.062450
1,761.0392,644.1242,69,4.760449
1,993.1027,645.1748,95,7.454728
1,285.9015,645.8663,82,5.985285
1,302.7640,645.0642,48,2.700691
1,546.0413,646.0538,79,5.715161
1,853.2400,644.8782,43,2.361101
1,924.1312,648.1797,133,11.168982
1,49.0228,649.6490,141,12.456152
1,345.0384,649.6213,129,10.563062
1,433.0091,647.5574,71,4.808375
1,837.8872,649.2053,124,10.312561
1,948.9661,648.6547,99,7.813740
1,320.0356,649.4188,109,9.214468
1,364.4993,648.5322,69,4.661711
1,396.5288,648.9417,177,12.254964
1,646.7277,649.1544,110,9.117217
1,818.5338,648.7526,73,4.948897
1,1009.5568,649.9856,87,6.625856
1,162.7735,652.1948,133,11.657451
1,213.2262,652.4839,127,10.789149
1,17.9666,654.0846,181,17.033579
1,509.2043,654.9177,201,14.506993
1,118.4898,652.7166,78,5.443304
1,559.7471,651.6551,57,3.697090
1,607.9768,653.6592,78,5.740927
1,680.9008,654.5307,130,11.345736
1,744.0997,654.0863,86,6.178870
1,776.5889,652.7548,65,4.392973
1,863.1501,654.8200,71,5.104952
1,880.0900,655.2234,103,8.293804
1,269.3360,656.9226,125,10.325424
1,703.7328,656.0093,108,9.132769
1,251.4152,667.2489,317,23.167604
1,482.9132,655.4319,62,3.591084
1,983.8489,664.1568,250,19.942280
1,83.6220,661.5490,166,14.639515
1,415.8651,659.4996,112,7.336138
1,534.3916,654.7022,16,0.464570
1,184.4325,659.3459,117,10.083998
1,468.2576,658.7131,113,9.160092
1,726.0898,657.8004,54,3.321564
1,590.4965,664.9034,224,17.761652
1,763.0151,659.1200,66,4.103983
1,898.3217,662.9399,156,13.934324
1,64.7097,659.7715,42,2.351845
1,306.0037,659.9113,45,2.567715
1,790.7425,660.9994,76,5.771874
1,137.0400,663.2059,84,6.267515
1,285.9184,666.0198,115,6.462323
1,657.6391,663.6322,122,10.282288
1,356.0792,662.2236,40,1.941316
1,448.0759,664.4687,112,9.531233
1,807.8225,663.3167,76,5.292837
1,963.0286,663.3433,66,4.532666
1,103.4191,664.4044,82,5.891101
1,375.4657,665.8019,166,15.129974
1,830.2846,663.6620,58,3.701122
1,916.6975,663.5358,39,1.998962
1,935.2375,664.2951,88,6.658325
1,39.4345,667.4619,141,12.327880
1,617.8867,665.5952,81,6.063468
1,1009.9549,666.7484,113,9.218696
1,225.5038,667.6414,101,8.081252
1,330.4443,667.9103,107,8.743386
1,549.3786,670.5330,138,11.501809
1,5.7635,666.9647,42,2.398009
1,493.2113,669.0467,110,9.065754
1,747.8380,667.4113,42,2.149113
1,121.0272,670.4223,108,9.017580
1,429.1468,669.4813,80,6.136152
1,530.8167,670.1966,96,7.417555
1,159.2076,671.6064,125,10.009814
1,637.9211,672.7988,118,9.852601
1,855.2191,672.9050,114,9.260973
1,871.6380,670.1109,42,2.340459
1,202.4839,672.9548,89,6.782041
1,694.2649,673.1009,102,8.326380
1,714.0074,672.5310,87,6.631396
1,949.3521,673.2151,103,8.221532
1,68.1075,674.6900,81,5.877874
1,396.0810,675.3221,114,9.416870
1,568.7913,675.8315,114,9.668949
1,673.4416,675.3712,92,7.280947
1,763.0436,675.2859,88,6.382888
1,729.0293,680.0249,149,11.569911
1,301.5047,677.8476,138,11.788424
1,347.7885,678.1656,122,10.216065
1,821.6461,677.7722,104,8.217513
1,780.9635,678.2493,116,9.676375
1,840.2235,676.9444,76,5.763571
1,923.5557,677.1300,58,3.714468
1,183.0778,680.2733,150,13.196843
1,800.5613,677.7857,58,3.757314
1,21.2668,680.5241,113,9.176585
1,318.4483,677.6706,40,2.115409
1,469.5976,678.9666,78,5.662741
1,0.6323,680.6049,74,4.996431
1,413.7250,680.7513,78,5.513010
1,516.2246,681.4252,119,9.568239
1,909.1307,679.8525,64,4.103743
1,975.0420,681.4457,100,8.027331
1,240.1660,681.3503,67,4.622686
1,454.7003,680.7510,70,4.790920
1,49.3600,679.6442,15,0.485630
1,653.4188,681.6799,29,1.161476
1,882.0799,684.5341,180,15.348169
1,1008.8852,681.6846,31,1.424757
1,93.0569,684.5415,97,7.531962
1,487.0060,684.6129,71,4.893001
1,617.2514,685.7656,133,11.661009
1,370.6390,685.6427,97,7.893182
1,430.8324,684.5183,56,3.555123
1,143.2532,688.6279,120,9.986562
1,217.8071,687.8540,194,15.233576
1,595.2228,687.0522,82,5.628083
1,684.3650,686.3418,41,2.087526
1,746.4393,689.3848,125,10.943565
1,283.1547,686.7458,42,2.173266
1,502.0063,687.8990,47,2.672895
1,59.5008,687.9542,48,2.795915
1,335.4996,688.4089,54,3.310440
1,539.4342,688.7001,67,4.386117
1,112.5156,691.6325,116,9.070641
1,639.8387,690.8758,81,5.829614
1,705.1848,691.0293,85,6.201882
1,941.0753,691.7828,114,9.682017
1,161.7887,696.1484,145,10.258904
1,388.1787,691.6765,93,7.058182
1,578.1422,693.6519,114,9.442893
1,663.2072,692.1845,77,5.602228
1,41.5674,694.3589,124,10.719295
1,447.4719,693.4007,79,5.506054
1,765.6873,693.3529,70,4.810580
1,790.3093,693.7977,75,5.261769
1,807.2730,694.6263,111,8.967699
1,319.9060,694.4783,80,5.674880
1,555.4919,695.1291,92,7.227832
1,959.1775,696.1232,102,7.501982
1,991.6408,695.4942,115,9.240903
1,74.3607,698.2335,168,15.043814
1,273.8418,701.6436,143,9.101488
1,921.9629,699.7447,149,12.130541
1,1012.1794,694.5412,47,2.607308
1,2.6183,696.7766,79,5.779088
1,296.6538,697.8059,112,9.254677
1,843.4257,699.4360,165,15.075293
1,411.0821,695.7640,42,2.348439
1,824.7590,695.5515,32,1.603151
1,863.5872,697.7948,86,6.488354
1,902.6793,698.9772,118,9.845070
1,428.3587,698.9971,82,5.936409
1,474.2987,700.1573,118,9.810414
1,22.5855,700.3590,96,7.638806
1,185.2831,699.9055,80,6.178805
1,352.1080,701.3091,134,11.717845
1,687.1577,700.0351,91,6.813920
1,973.5102,698.7315,56,3.393542
1,254.1325,701.9975,140,12.044240
1,124.4627,701.1771,59,3.785019
1,501.0015,700.8917,49,3.063126
1,93.1035,701.0665,43,2.481991
1,521.3298,702.8264,108,8.890828
1,717.5669,703.2604,116,9.475933
1,623.8777,704.6943,140,11.854819
1,232.2562,704.3771,84,6.237244
1,202.7404,705.5394,80,5.863846
1,373.0689,705.8239,100,8.003862
1,646.3155,705.7157,73,4.910965
1,781.1650,710.0058,164,10.691891
1,332.7430,707.1450,106,8.532377
1,458.1249,706.7736,68,4.774792
1,753.3836,706.9134,69,4.840775
1,879.6410,708.5223,125,10.795630
1,138.9201,708.4449,79,5.638179
1,541.5283,709.5988,123,10.411246
1,661.8607,708.7477,100,7.831565
1,826.1887,709.1309,77,5.687147
1,392.0363,709.8272,81,6.047162
1,566.0727,708.9718,69,4.924049
1,600.6076,710.7752,106,8.424215
1,945.2120,708.6767,54,3.177320
1,411.8907,712.2608,127,10.670095
1,489.2982,710.2750,85,6.255157
1,57.5628,712.3524,119,10.017767
1,101.3320,718.2126,197,14.384227
1,701.4221,711.6554,88,7.022824
1,1010.0478,713.3092,146,13.339227
1,216.7268,712.8380,92,6.949530
1,311.4344,713.9928,135,12.408384
1,443.9753,711.5636,42,2.264632
1,736.2233,716.3286,164,14.280678
1,991.0668,711.6406,52,3.151453
1,38.7707,713.9345,92,7.104523
1,168.2548,713.6659,95,7.451846
1,13.5594,714.9590,105,8.473137
1,430.8177,715.0197,68,4.566135
1,582.1636,715.7939,103,8.279059
1,860.6294,715.4232,77,5.342184
1,189.8433,716.8102,96,7.576532
1,124.2188,715.7606,35,1.604313
1,247.2303,717.5112,79,5.614207
1,677.5274,718.5001,120,10.502025
1,972.4133,719.8187,171,15.705889
1,290.2565,719.6861,115,9.712959
1,509.0681,720.0111,114,9.443264
1,910.4284,719.9548,124,10.473718
1,801.4462,721.2079,119,9.877873
1,936.4067,721.1062,133,11.066631
1,556.7884,721.2101,59,3.599025
1,614.6624,720.5102,57,3.609643
1,770.8132,720.9617,62,3.789513
1,151.9901,722.6335,99,7.634242
1,358.6464,724.1211,131,11.518412
1,462.4406,721.4549,68,4.451420
1,380.3791,725.2508,106,8.460759
1,524.8570,722.9057,44,2.528629
1,888.3008,724.7369,98,7.977694
1,77.9663,727.0347,131,11.102000
1,135.5315,723.9962,44,2.475228
1,270.1123,727.6354,154,12.965520
1,842.2343,727.1744,161,14.904783
1,325.9705,725.3006,48,2.781300
1,340.8948,725.7733,55,3.456311
1,489.2525,727.6744,127,10.551213
1,819.5733,727.9384,131,11.401463
1,225.0353,731.3475,191,13.574884
1,753.9531,729.0151,122,10.272950
1,0.5787,728.7041,88,6.739012
1,206.0231,726.4148,36,1.697606
1,643.6874,736.7969,235,20.097285
1,662.0604,728.7309,87,6.484863
1,177.7766,727.8068,43,2.357060
1,444.5889,730.4436,119,10.029551
1,692.1432,729.8053,85,6.284902
1,711.3867,729.7003,78,5.591506
1,41.7729,731.4928,115,9.221409
1,986.5474,729.6808,52,3.136870
1,541.0054,733.3628,141,12.338381
1,953.2582,733.2600,113,9.279459
1,1002.7950,731.0162,72,4.997796
1,397.4380,734.2009,154,13.972847
1,422.8602,733.8726,128,10.884677
1,576.0264,732.2061,77,5.354511
1,622.0535,733.7203,119,9.793570
1,115.0923,734.5105,112,9.373368
1,250.2434,732.1998,38,1.906868
1,595.1624,736.9277,158,10.472743
1,20.1681,736.3096,156,13.769394
1,724.2068,732.8429,43,2.187377
1,870.8022,734.8897,92,6.843914
1,161.9193,733.9675,29,1.229388
1,561.1327,733.0791,22,0.840733
1,191.5261,737.0715,103,7.962947
1,903.5990,736.0893,80,6.085750
1,64.3812,737.0888,76,5.047197
1,310.2533,737.1178,67,4.756063
1,520.2167,736.4145,52,3.145947
1,771.1498,739.2820,124,10.354399
1,292.6208,739.3798,95,7.686660
1,464.9008,739.4192,108,8.892781
1,132.5753,739.4871,83,6.224894
1,327.1806,740.0143,78,5.570538
1,92.2037,739.9302,71,4.855479
1,147.3795,738.0588,18,0.558739
1,504.1857,738.7717,43,2.451578
1,791.3050,741.9368,116,9.582822
1,853.3735,740.8317,77,5.397578
1,918.7135,738.5854,38,2.030544
1,738.0075,741.8498,94,6.977454
1,935.3268,741.7576,86,6.568708
1,374.4947,749.8813,205,15.488387
1,680.1621,743.0937,77,5.470502
1,807.3058,741.8459,41,2.137019
1,175.3710,744.2805,85,6.354149
1,349.4019,745.7205,135,11.740743
1,976.7510,744.2849,134,7.996866
1,1011.2817,742.3857,17,0.480950
1,252.9762,748.2769,167,14.129120
1,884.0426,745.6462,93,7.115858
1,3.8836,748.1377,103,8.187591
1,412.2001,746.5134,58,3.491815
1,699.1074,749.1686,140,11.942910
1,158.8586,745.8899,13,0.276175
1,230.3965,748.7943,98,7.579032
1,483.8925,750.2014,139,12.179004
1,561.4604,747.6221,140,8.577330
1,208.9688,748.6674,63,4.380534
1,718.5693,750.7034,101,8.126127
1,46.1471,750.6411,85,6.197209
1,279.4307,751.9338,143,12.233236
1,447.6512,750.6494,101,8.390314
1,818.6927,749.9113,60,3.764061
1,951.4631,749.2477,37,1.936876
1,998.3268,750.2840,81,5.813602
1,603.1686,751.5273,79,5.494816
1,111.9911,754.0649,122,9.896795
1,511.2680,753.0980,111,9.271728
1,529.9460,752.0535,69,5.135005
1,626.4288,752.7950,86,6.423363
1,753.0939,752.3216,85,6.323737
1,834.9726,753.8202,107,8.923430
1,147.0263,752.8363,66,4.183337
1,865.9486,753.8974,77,5.635187
1,923.1628,752.6712,63,4.079307
1,68.1507,755.1988,126,10.498194
1,93.3538,754.0850,71,4.767689
1,902.3158,755.6100,121,10.194788
1,311.7751,757.1404,132,11.363445
1,777.5665,754.4563,47,2.459269
1,31.0460,757.2513,97,7.601718
1,658.8416,762.8600,170,12.783196
1,1012.9073,754.3599,29,1.194473
1,333.7756,759.3512,133,11.355456
1,581.1209,758.5395,103,7.892234
1,405.1840,763.1345,204,17.118985
1,678.4396,759.4047,94,7.294237
1,129.6120,765.9714,196,15.735698
1,170.0842,765.8098,196,14.828029
1,193.9838,761.3184,142,12.359902
1,430.4565,760.9702,124,10.259179
1,805.2320,759.4280,75,5.336573
1,462.4990,762.7876,131,10.778920
1,543.0087,762.5705,91,6.606494
1,852.0817,761.4605,81,5.925586
1,961.8789,761.2983,158,12.892891
1,733.5001,763.6055,126,10.533172
1,239.4038,763.3823,72,4.951250
1,294.7670,763.4619,58,3.843533
1,614.8942,765.0993,104,8.411397
1,881.3638,765.4785,103,8.167327
1,933.2344,765.2877,112,9.080934
1,986.4751,764.4513,71,4.801450
1,51.9862,765.2688,59,3.701166
1,1.1837,766.8289,104,7.864745
1,565.3530,767.4716,92,7.334674
1,597.1057,766.3867,63,4.195434
1,704.6716,765.7172,48,2.639904
1,218.5521,769.8729,148,13.254202
1,360.6758,771.7000,194,15.239870
1,770.7119,767.4881,76,5.250442
1,790.0958,768.5307,124,10.337979
1,824.0105,767.6258,75,5.228197
1,913.2263,766.4857,26,0.899022
1,84.1685,769.0978,56,3.450944
1,101.3090,769.9198,81,6.075185
1,275.3700,768.3458,49,2.646733
1,485.0098,771.0145,88,6.377110
1,1002.3401,771.7719,146,12.888012
1,20.9194,771.4281,90,6.867871
1,152.6101,775.0785,132,9.833350
1,384.2893,772.9159,108,8.931108
1,502.9829,775.7330,163,13.311556
1,523.6065,774.3024,154,14.059461
1,640.2630,772.2622,146,11.334653
1,261.4480,772.5187,84,6.240336
1,327.0001,774.2151,69,4.748654
1,759.9468,778.7519,190,13.361772
1,36.0388,774.3597,60,3.877257
1,65.5245,776.7684,129,11.380190
1,444.9273,776.5236,100,7.862119
1,303.2128,777.0636,79,6.002023
1,717.6786,779.3233,135,10.661006
1,843.0965,777.1832,94,7.310275
1,471.7361,776.4743,38,2.009376
1,552.0896,777.7446,80,3.556079
1,866.9385,778.6391,141,10.689800
1,677.2185,780.6233,130,10.785310
1,696.9304,779.5558,100,7.923319
1,966.0354,779.2473,102,8.375016
1,246.0580,780.0412,116,9.608820
1,423.8618,779.9163,83,6.107452
1,811.0467,780.8084,142,12.899611
1,920.6119,778.4959,52,3.211344
1,193.3091,782.0685,139,12.159935
1,982.8027,779.0273,38,1.833993
1,939.6860,783.8702,164,14.228062
1,590.7418,783.4794,110,8.585642
1,906.5723,781.6704,54,3.019485
1,8.7892,785.4725,90,7.048579
1,85.7175,784.5903,87,6.815772
1,286.9479,785.6776,108,8.783919
1,460.6733,783.0227,37,1.738649
1,740.2284,786.6271,138,12.062104
1,891.1556,785.3098,111,9.124046
1,400.8418,786.2845,131,11.474586
1,656.7394,785.1426,62,3.815808
1,113.8531,786.9448,105,8.439328
1,228.1590,786.5350,70,4.616294
1,609.3336,786.8192,95,7.242969
1,45.5833,788.0306,107,8.758695
1,332.5682,788.4250,79,5.493262
1,790.7929,785.7627,24,0.684421
1,167.6784,788.7679,63,4.008886
1,211.8743,787.3764,30,1.384938
1,352.7439,791.1436,156,14.286284
1,567.6846,790.3253,95,7.350634
1,314.3397,791.0014,102,8.327563
1,133.2428,791.4127,128,10.236268
1,271.3051,791.7124,106,8.521987
1,485.3574,791.5927,97,7.436446
1,625.6382,793.2829,120,9.950871
1,547.5100,793.1313,86,6.515967
1,831.3095,793.7132,113,9.506736
1,1014.1639,794.3922,168,15.612674
1,26.3895,794.2149,115,9.680442
1,381.3733,794.7759,116,9.531640
1,437.8879,793.6326,98,7.757699
1,850.8354,793.7374,93,6.920900
1,984.9080,796.9852,192,14.250398
1,97.8372,794.8322,67,4.508155
1,464.0966,796.5828,76,5.366498
1,531.5486,797.3691,112,8.696980
1,153.5524,797.4468,83,6.080266
1,255.9005,795.8626,42,2.223615
1,504.6241,798.4826,92,7.207120
1,948.0126,804.1874,281,19.575154
1,178.2405,798.5878,75,5.080501
1,640.7506,798.8820,84,6.211954
1,78.4985,799.0490,60,4.022914
1,580.4565,798.1096,44,2.365985
1,701.9079,801.3836,152,13.468157
1,761.4709,800.1949,93,7.311474
1,783.5474,800.5666,117,9.854523
1,802.1730,800.2657,92,6.867551
1,878.1174,801.2702,149,13.324019
1,920.8078,800.7363,112,9.301287
1,417.6356,806.1879,158,11.040946
1,597.2643,799.0597,42,2.394000
1,659.3590,800.9811,110,8.821867
1,241.5963,802.4653,114,8.300937
1,294.5522,801.2764,58,3.847108
1,734.0585,802.5596,104,8.267146
1,199.7956,804.2327,187,17.241820
1,224.4663,801.6071,57,3.675276
1,903.9403,805.8287,131,9.808424
1,62.4226,805.1905,121,10.203055
1,451.3820,805.9944,81,5.927079
1,673.9548,804.7293,47,2.600119
1,112.9122,806.6454,79,5.859452
1,341.0718,804.9015,43,2.385598
1,612.0478,806.6754,76,5.235744
1,140.2422,807.2401,77,5.473375
1,485.2717,811.6012,178,11.923584
1,309.1768,810.1391,129,11.134223
1,397.1849,809.5547,114,9.641742
1,519.2805,809.4496,108,8.517229
1,563.1827,808.6528,90,6.822684
1,44.2119,810.1530,100,8.025965
1,819.0778,811.0052,154,13.344709
1,858.7077,809.5193,88,6.818916
1,19.5632,810.6644,83,6.056717
1,91.4299,810.5015,78,5.399343
1,265.3575,809.9787,65,4.103473
1,840.2829,808.9433,41,2.240911
1,1023.3235,811.3685,81,5.807793
1,353.9886,811.1587,61,3.801248
1,687.2608,809.4840,35,1.600383
1,326.5296,813.1216,93,7.226783
1,369.9561,813.7896,118,9.851087
1,279.9086,813.5930,84,6.144788
1,546.6032,812.7756,71,4.866212
1,581.1035,813.3143,74,5.079478
1,170.7815,815.7727,139,12.108036
1,435.6264,816.0345,115,9.264545
1,753.2926,814.0023,76,5.398066
1,598.2452,814.2348,42,2.301043
1,962.8951,820.9518,204,16.940787
1,1008.7393,815.9372,49,2.986534
1,648.3071,821.9062,181,14.653345
1,710.5052,822.1094,300,24.811950
1,991.5366,818.8634,135,11.816205
1,212.1126,819.3776,95,7.224965
1,467.7357,818.1125,73,5.274428
1,781.3485,818.2531,65,4.394089
1,74.0577,820.8588,122,10.523059
1,665.0842,818.2259,40,1.855735
1,123.6848,820.0147,67,4.591666
1,229.9564,824.7776,150,11.722773
1,629.1648,821.0858,72,5.178027
1,106.4570,822.8945,87,6.631090
1,141.0789,824.6680,129,10.037733
1,255.9285,823.5865,103,8.126995
1,342.2106,822.4253,75,5.269765
1,612.5625,821.8253,59,3.881535
1,678.8627,822.4803,69,4.560672
1,796.8963,822.5356,88,6.682412
1,894.4482,822.4711,87,6.788794
1,766.0283,824.2821,107,8.199948
1,846.4778,822.8592,72,5.073525
1,874.0012,826.7957,177,15.030628
1,291.0768,826.6048,156,12.681243
1,454.0417,824.3530,66,4.450322
1,740.5838,825.1078,102,7.806817
1,916.7766,825.5143,116,9.745773
1,27.2475,826.5260,103,7.922729
1,535.9125,827.0582,116,9.583416
1,7.5936,826.0941,79,5.824288
1,46.5736,826.6766,85,6.531990
1,387.7290,827.5909,118,9.970703
1,500.9970,825.7544,51,2.940730
1,517.0539,826.8421,86,6.387640
1,579.1836,828.3094,76,5.481232
1,557.6942,829.7795,134,11.691383
1,813.1378,827.8936,70,5.072298
1,89.0255,827.2035,17,0.446057
1,324.7891,827.8849,34,1.486949
1,595.7568,829.4766,66,4.183199
1,184.1039,832.5920,103,7.833721
1,423.0952,832.4883,148,11.426839
1,833.5255,832.0258,87,6.557288
1,935.9119,834.9096,161,10.948517
1,360.3150,833.1522,98,7.594006
1,1014.1134,836.2195,166,14.892084
1,482.3694,837.1156,179,16.701643
1,619.6049,840.0380,156,12.303471
1,203.4261,837.1648,105,8.121818
1,401.5561,835.4608,54,3.533931
1,161.1951,837.3710,189,14.244008
1,780.7089,836.9501,76,5.499482
1,65.0848,842.3418,172,15.036638
1,94.0891,841.9702,181,16.466899
1,120.4882,840.1249,130,11.386887
1,684.6094,838.1548,82,5.676877
1,982.7388,838.4832,182,15.048304
1,246.2682,841.0626,138,12.155526
1,267.5238,841.0380,133,11.617454
1,853.0092,840.1607,95,6.903834
1,317.0454,840.7146,92,6.639026
1,337.5453,841.8214,140,12.246457
1,796.0464,840.1253,63,3.873685
1,376.1248,840.8422,69,4.807967
1,456.9816,842.8326,136,11.710181
1,956.1943,842.0743,109,8.930181
1,302.0005,841.7828,67,4.753792
1,886.0511,849.2117,182,12.776260
1,910.2875,842.7677,94,7.068750
1,15.5629,843.4556,81,5.623153
1,639.4474,846.8115,169,14.456071
1,754.1958,842.5176,62,4.095252
1,28.7254,842.1578,27,1.037401
1,43.1953,845.4098,96,7.693826
1,437.6448,845.4311,106,8.391442
1,521.8838,845.1348,101,8.176305
1,570.1275,844.4538,78,5.496225
1,669.3316,844.9769,85,6.089607
1,737.0788,844.1665,85,6.161865
1,599.4402,845.3769,81,5.987898
1,823.9916,846.6380,124,10.443233
1,139.8356,845.7060,44,2.421254
1,225.9649,846.3015,85,6.458892
1,502.4387,846.2329,82,5.889109
1,717.5180,847.6053,126,10.175271
1,284.7338,847.7751,79,5.727456
1,538.5013,846.7823,69,4.779544
1,391.9993,848.8738,53,3.187937
1,361.9803,849.5826,56,3.561169
1,656.1957,849.5052,36,1.792077
1,691.9570,852.2366,111,8.585802
1,192.9824,851.9693,69,4.810067
1,843.4707,852.3195,78,5.509584
1,767.1013,853.9309,96,7.345895
1,805.3156,854.3109,118,9.931255
1,2.1990,854.9558,82,5.913364
1,177.7299,852.3685,35,1.627732
1,413.3643,854.5482,192,13.988780
1,783.0116,855.2374,77,5.641805
1,1006.8636,856.6119,108,8.514755
1,107.5084,855.5972,46,2.291353
1,861.8433,860.4349,161,12.085818
1,983.8958,856.8345,90,6.470295
1,82.5459,856.8753,54,3.269627
1,208.2074,857.7090,87,6.720365
1,376.9357,858.0040,86,6.066728
1,488.6119,857.0330,80,6.094689
1,556.1953,858.3064,142,12.295066
1,579.7451,858.0921,83,6.171349
1,126.6591,857.7728,70,4.717287
1,147.3420,858.5992,96,6.667540
1,473.2701,856.0361,15,0.350278
1,915.1153,858.6628,84,6.070072
1,940.3397,857.5660,130,9.335160
1,303.9371,858.7512,105,7.297771
1,344.1647,861.0136,124,10.091578
1,748.7505,858.7076,62,3.972669
1,52.1087,861.1796,95,7.331302
1,598.7863,860.5214,71,4.672647
1,17.5509,860.6785,51,2.952234
1,511.4046,861.6776,93,7.327580
1,167.6065,864.2521,154,13.552098
1,235.7636,862.4372,175,11.552845
1,266.4823,862.6434,110,9.254796
1,322.3842,864.7409,120,8.309890
1,440.8949,861.7187,57,3.564802
1,531.9769,862.0492,65,3.989448
1,667.3870,860.5880,34,1.732068
1,733.7501,862.7894,94,6.981046
1,899.4126,859.5146,18,0.584822
1,967.6109,863.2352,115,9.520043
1,30.7004,872.9062,208,15.295508
1,69.9456,862.2149,24,1.041260
1,283.2242,864.9737,51,3.165713
1,624.8090,869.6232,241,16.308089
1,650.4006,865.6505,73,5.044475
1,459.2623,868.2643,151,13.626159
1,821.7495,867.1159,103,8.489067
1,95.9232,865.0925,23,0.935580
1,679.9096,868.4125,63,4.209123
1,110.4889,868.2355,42,2.207284
1,714.4912,872.0694,154,13.924710
1,390.9250,871.5744,124,10.351246
1,478.7053,868.4279,22,0.812207
1,695.8710,870.9817,86,6.222376
1,841.1542,871.8979,91,6.732454
1,884.4817,870.3735,57,3.825789
1,9.2397,872.3158,70,4.836719
1,126.7166,872.6562,86,6.574855
1,188.8315,874.2244,139,12.081501
1,495.7686,872.0116,53,3.114405
1,759.7561,872.7622,89,7.009884
1,780.1178,880.4618,220,14.563669
1,1004.2063,874.3012,105,8.396991
1,80.5606,874.2726,84,6.391112
1,209.6151,875.8866,117,9.887242
1,353.5226,873.1671,38,1.916203
1,408.0793,874.3077,79,5.335638
1,911.6179,877.1398,324,25.129194
1,563.9384,875.2208,78,5.731659
1,585.2271,876.2934,126,10.973375
1,800.2938,877.3027,121,10.415349
1,951.5501,876.7022,140,12.597008
1,58.1364,878.7395,143,12.930515
1,300.2728,877.5382,103,8.137333
1,422.3552,875.9232,64,4.155020
1,440.2130,877.8806,103,8.457201
1,540.9899,878.5516,152,13.576806
1,663.1920,880.9403,169,11.654694
1,143.5778,879.6525,110,8.707134
1,335.5392,877.6307,63,4.137491
1,243.4510,879.6324,95,7.413644
1,869.5108,880.6764,123,10.633910
1,98.7334,880.9066,102,8.387757
1,370.1419,882.8654,153,13.806676
1,608.1309,879.6383,63,4.217327
1,732.6988,880.3432,73,5.110289
1,485.8352,882.0641,94,6.798562
1,513.2173,884.4195,173,15.804109
1,270.8689,883.4774,261,19.969382
1,971.8257,883.1750,93,6.941963
1,988.8895,882.9659,82,5.654754
1,164.6762,884.1426,140,9.878108
1,0.5044,887.6656,156,13.912942
1,746.1033,882.9258,19,0.423039
1,318.8628,887.2890,123,10.365825
1,686.7691,886.1829,115,8.002578
1,816.9906,886.6412,76,5.388486
1,218.4017,893.4785,211,15.988280
1,347.7215,886.6097,45,2.311305
1,465.4422,889.0790,122,10.266760
1,118.8938,888.8375,98,7.838454
1,837.8437,889.5248,130,11.539508
1,646.2312,889.7361,98,7.715789
1,758.8013,890.6023,105,8.424326
1,409.2172,890.1589,72,4.778802
1,556.7888,889.2869,30,1.247608
1,718.8029,891.5466,52,3.053650
1,577.3412,895.7695,185,15.139021
1,1005.4624,893.6647,80,5.625975
1,46.9283,894.7909,79,5.774670
1,83.9579,896.7948,134,11.386251
1,194.8339,892.5024,30,1.365770
1,440.8374,896.4639,114,8.768861
1,534.3303,896.0279,93,7.180285
1,612.1099,897.0178,127,10.652784
1,858.2478,899.1552,171,13.023946
1,239.9136,896.7583,92,7.082805
1,382.0420,897.2826,91,6.912386
1,597.0463,895.5499,41,2.198393
1,630.4834,897.3420,112,8.882062
1,735.8678,895.7202,67,4.578704
1,947.7705,897.1332,125,10.475535
1,30.8921,897.9384,85,6.000530
1,699.6413,897.8303,76,5.164632
1,803.2799,896.4342,53,3.201363
1,921.0625,899.1170,150,13.008346
1,889.8215,898.8804,206,14.888165
1,340.3198,898.3312,48,2.576846
1,481.5033,900.3747,110,8.511388
1,975.5067,900.2419,103,7.819166
1,15.5851,899.4347,52,3.157871
1,65.0334,901.0728,97,7.539448
1,356.5776,901.3380,107,8.192226
1,421.0026,900.5704,81,6.018340
1,105.6473,902.7024,135,11.776478
1,161.6993,901.2635,64,4.234858
1,280.6487,903.8337,135,9.553988
1,301.4813,904.3871,121,9.959158
1,821.5107,903.0418,84,6.271056
1,140.0675,905.8885,224,20.422782
1,176.7603,904.2695,102,7.902497
1,324.4729,905.2258,122,10.401653
1,192.0921,904.6193,52,3.158502
1,513.1682,906.0944,108,9.073627
1,401.4608,907.2858,120,10.047726
1,682.9877,908.9679,167,15.061503
1,774.1269,907.1472,103,8.600498
1,3.1222,906.9147,59,3.489262
1,555.4900,908.8086,124,10.377754
1,725.4926,907.9056,104,8.205870
1,660.3709,909.7879,118,10.004396
1,261.8145,910.5645,105,8.506252
1,794.3153,908.5254,64,4.129281
1,461.1218,911.3624,106,8.063392
1,753.1820,912.5566,139,12.000422
1,962.6860,910.7691,89,6.613744
1,996.3252,912.0977,150,13.373149
1,224.9848,913.2819,97,7.679255
1,247.3306,911.4233,52,3.103894
1,435.6703,911.3313,43,2.214737
1,494.4385,914.2670,123,10.240609
1,40.8886,912.0379,47,2.919801
1,377.9330,913.7046,82,5.948482
1,535.9087,915.4211,160,12.130424
1,836.7852,913.6251,104,7.978249
1,74.0066,914.0710,47,2.905208
1,574.1646,915.2264,110,8.587225
1,705.9090,916.3421,112,9.224943
1,943.9587,915.7834,83,6.002470
1,24.1956,916.5559,93,6.957134
1,56.2759,915.7075,65,4.335092
1,348.0145,916.9191,72,5.243910
1,416.8163,917.6092,83,6.247109
1,615.0973,919.3455,131,11.468264
1,813.0821,917.3201,85,6.320098
1,93.5968,919.6865,114,9.213985
1,203.4593,919.7230,128,10.985887
1,882.0394,919.7102,135,11.805286
1,595.3818,920.6151,109,8.503291
1,913.0796,923.1558,210,18.586966
1,1016.7089,920.1884,110,9.113882
1,319.8178,921.0893,87,6.582634
1,476.6000,918.7474,40,2.142694
1,897.7807,918.4196,35,1.590653
1,122.6353,923.1489,140,12.533301
1,296.4113,921.1518,61,4.123751
1,637.1189,925.4151,206,15.015344
1,733.2151,922.6535,105,8.447690
1,781.3006,920.0257,39,1.912085
1,184.7518,922.4344,79,5.288173
1,857.0530,923.7489,130,11.090772
1,157.6692,924.1028,108,8.751223
1,238.7573,925.4141,107,8.499639
1,443.8874,925.4750,91,6.858774
1,797.3041,924.2310,76,5.293215
1,274.6053,926.0683,107,8.282358
1,12.5824,926.4323,82,5.878563
1,390.7138,926.4846,89,6.829507
1,673.9793,930.3460,160,10.657055
1,763.0189,927.7652,112,9.245354
1,42.7187,926.3436,37,1.861267
1,978.3683,928.8797,117,9.520920
1,335.5416,928.8767,101,7.992919
1,370.5115,929.1123,80,5.669123
1,509.4862,929.0208,110,9.032017
1,959.2689,929.1872,99,7.906876
1,141.9710,927.2173,23,0.856227
1,825.4403,929.1134,70,4.734381
1,465.9303,932.0007,139,12.324854
1,697.8112,929.5988,51,3.032796
1,79.2406,931.6980,89,6.932220
1,423.8057,932.4240,121,10.220351
1,220.1328,931.3934,50,2.982799
1,530.3931,930.6727,43,2.326105
1,943.0406,931.5764,56,3.280548
1,57.9320,934.9564,146,13.179870
1,256.0004,932.9649,72,5.465832
1,574.0727,934.6338,123,10.071138
1,105.8262,935.7441,110,9.183275
1,173.6215,934.2869,66,4.227795
1,354.9802,935.8853,108,9.086292
1,305.7735,936.7903,150,9.922875
1,997.2408,936.1875,132,11.341373
1,29.9194,937.2077,97,7.870826
1,489.7947,937.5871,111,8.424324
1,656.0032,937.2621,81,6.087942
1,780.4092,937.9077,99,7.690366
1,810.8519,936.3419,38,1.817897
1,841.9338,937.9955,105,8.476459
1,926.4619,937.2114,77,5.507709
1,557.1134,938.7354,92,6.662013
1,867.5686,940.6474,142,12.483805
1,1018.9764,939.2101,108,8.930847
1,285.9422,937.9306,27,1.097992
1,606.2692,940.6337,126,11.032056
1,205.5761,937.2700,13,0.288177
1,541.7952,940.4080,80,5.650068
1,742.7921,939.2718,52,3.062103
1,191.5816,942.5720,121,9.758399
1,404.8806,944.2026,139,12.023237
1,727.0967,942.3939,105,8.602527
1,889.1539,942.5648,121,10.287627
1,127.4935,945.1409,150,12.319857
1,383.8831,942.9175,105,8.730134
1,710.5141,941.9968,60,4.176140
1,150.0476,944.1059,117,9.645556
1,446.5980,947.3864,175,14.798825
1,523.7295,943.4629,69,4.418409
1,691.9009,943.5728,88,6.576068
1,796.5157,942.8456,69,4.518116
1,231.5349,943.9314,73,5.088197
1,639.7211,943.9786,54,3.413221
1,825.9978,943.5513,39,1.883509
1,764.7509,946.9067,83,6.131540
1,12.0425,947.9168,103,8.446822
1,71.6842,948.5546,100,7.517018
1,215.2525,949.2210,105,8.240227
1,246.5700,955.2670,167,10.699102
1,274.3241,950.3813,200,18.365886
1,506.9208,948.6508,97,7.679118
1,945.2138,949.0990,146,11.972476
1,96.1505,949.7093,98,7.689162
1,173.9609,949.5198,69,4.695075
1,322.2456,951.3420,97,7.494928
1,341.4100,951.6209,126,11.010493
1,622.3880,951.3807,96,7.736152
1,661.9472,951.9238,107,8.594807
1,906.2362,956.7204,199,16.804078
1,968.8681,951.1072,114,9.524499
1,472.1690,952.7862,113,9.299546
1,590.6826,952.0095,102,8.356088
1,33.7485,956.2165,188,14.678648
1,423.2487,953.5464,103,8.072125
1,812.0694,954.6461,139,12.485134
1,298.0911,956.1570,116,9.104898
1,359.7445,953.4434,47,2.440316
1,742.3778,954.6808,83,6.160029
1,843.5577,954.6556,91,6.772651
1,570.1666,956.2979,97,7.560348
1,786.7328,954.5262,42,2.154471
1,924.5075,955.8603,84,6.065203
1,1002.0322,957.2598,98,7.750594
1,488.9392,955.7239,30,1.249271
1,700.3775,957.8648,76,5.276045
1,1019.2878,957.2540,37,1.872826
1,373.7862,960.0324,97,7.533149
1,545.4729,960.6200,186,13.895454
1,880.4574,959.7830,87,6.689961
1,985.6032,959.8394,78,5.645683
1,637.5429,961.0971,104,8.327462
1,110.0692,961.4008,87,6.615512
1,161.0778,962.6071,121,10.092800
1,720.1575,963.1241,139,11.996678
1,79.0053,960.6778,19,0.593425
1,226.6250,963.8166,95,7.219973
1,393.5458,964.4313,111,8.851444
1,521.7009,964.3085,89,6.997842
1,675.6424,963.9162,103,8.219434
1,754.8285,964.7268,95,6.498239
1,772.3717,966.9404,122,8.240366
1,860.7835,963.0337,72,5.033554
1,66.0057,961.8242,23,0.894908
1,141.9902,963.0484,47,2.860805
1,196.6217,966.9002,161,14.357397
1,439.8281,963.5951,49,2.749877
1,503.0780,965.2648,81,5.966767
1,50.8299,967.9252,137,11.717054
1,600.6367,966.9536,100,8.035381
1,963.7736,967.1373,95,7.405120
1,128.4118,968.3221,95,7.394972
1,177.0111,967.0307,58,3.494264
1,324.8703,968.4753,107,8.658420
1,654.3158,966.3161,55,3.466163
1,825.6682,969.4700,137,9.830108
1,7.2263,969.5626,130,11.441602
1,477.3911,968.4949,85,6.365265
1,92.5273,969.7134,85,6.578125
1,408.7445,970.2386,96,7.155144
1,270.8100,970.5414,87,6.494330
1,794.5197,972.0367,159,11.061842
1,944.4444,971.3677,90,7.208892
1,352.4369,971.1282,130,7.972984
1,455.1686,972.5298,121,10.088969
1,579.6823,971.9499,92,6.988808
1,735.9690,970.2654,41,2.131438
1,846.1576,968.6573,9,0.151039
1,308.0736,972.3141,53,3.119927
1,426.5983,973.5788,79,5.724593
1,617.5038,974.0935,98,7.986272
1,689.8111,974.8773,99,7.646487
1,1008.8182,972.8382,67,4.433376
1,562.5598,974.5508,77,5.439574
1,74.8141,976.5567,104,8.462578
1,286.1055,974.8928,59,3.515135
1,707.3455,975.9578,78,5.759604
1,878.4712,976.6031,134,11.662564
1,985.5139,976.5961,116,9.408583
1,251.0224,984.3836,222,18.774737
1,376.6028,977.5944,73,4.963846
1,923.5990,979.5211,155,14.437885
1,853.4993,979.2744,88,6.303379
1,145.3062,980.2997,99,7.901494
1,215.4713,980.1453,111,8.371991
1,33.5515,980.1817,80,5.821443
1,106.3167,981.3398,95,7.308771
1,490.4649,981.4703,130,11.181183
1,510.2008,979.5685,55,3.264620
1,637.4597,980.5598,131,7.573760
1,900.5249,982.2632,122,10.245128
1,232.6962,981.6895,66,4.524906
1,660.0667,981.7396,77,5.239557
1,836.0216,979.9787,25,1.070235
1,593.6210,983.1440,55,3.309559
1,808.4885,982.3617,50,2.561052
1,164.3867,986.7945,161,14.998854
1,296.5418,985.8588,114,9.179083
1,675.0977,983.4954,58,3.509475
1,1016.3623,984.5146,63,4.071902
1,14.9524,985.9523,92,6.683754
1,122.0279,984.7703,69,5.034452
1,342.0942,986.7290,176,12.350131
1,528.3055,986.5193,162,14.769583
1,548.6086,985.2282,72,5.154096
1,737.4359,986.3317,153,13.210643
1,758.9970,986.0854,91,6.757981
1,963.2118,986.8422,147,12.746351
1,60.0234,986.0400,69,4.846000
1,189.7217,988.2805,137,11.810066
1,315.7361,984.3886,32,1.528766
1,443.0386,988.9485,93,7.071074
1,390.8272,990.2641,139,12.015613
1,423.2607,990.3089,123,9.947215
1,461.3240,989.7060,73,5.097279
1,940.7077,989.8146,89,7.050533
1,997.3507,990.3536,98,7.972390
1,775.2124,992.6588,109,7.384531
1,269.4105,994.7323,166,12.834222
1,795.3553,990.9830,76,5.440123
1,869.7706,991.5917,101,8.189943
1,607.7977,993.0534,102,8.435398
1,93.3244,993.1509,72,5.099245
1,580.3016,995.3319,127,11.248085
1,692.9384,997.9965,160,10.275418
1,716.7429,994.1190,98,7.856691
1,844.8093,994.0409,95,7.186168
1,45.0998,995.6265,105,8.528908
1,366.7792,1000.1494,183,15.689919
1,559.6571,1000.6853,165,12.013843
1,75.6545,996.8943,119,10.275772
1,477.6515,996.5378,107,8.598782
1,828.2017,998.3908,89,6.196534
1,28.6063,997.8536,66,4.458418
1,325.6727,999.1772,111,8.984729
1,650.8913,999.9411,129,10.950054
1,672.1908,998.0770,71,5.201338
1,136.3309,1000.1668,122,10.214071
1,228.2824,1000.9057,123,9.968203
1,503.6214,999.5662,93,7.028525
1,900.3639,1001.0914,128,9.262013
1,113.7274,1002.0002,116,9.913536
1,307.6812,998.4819,32,1.560882
1,623.9958,1001.7339,134,11.493535
1,811.1699,1001.6377,99,7.704751
1,979.8477,1000.0508,78,5.699826
1,1016.5778,1001.9063,128,10.983176
1,175.6280,1001.2548,36,1.721049
1,409.1145,1002.2064,73,5.175058
1,195.0019,1003.5668,62,4.137220
1,211.3034,1003.3770,69,4.647204
1,291.6960,1005.5811,112,9.026315
1,750.8894,1005.0736,101,8.000767
1,13.7944,1008.5125,130,11.143951
1,452.2574,1007.1514,182,13.282309
1,535.4682,1007.6491,128,11.449741
1,921.9381,1008.8039,165,15.303449
1,945.6020,1006.6400,92,7.156764
1,878.3663,1006.8974,73,5.072522
1,962.9897,1006.0417,47,2.986641
1,345.7948,1007.6382,68,4.515055
1,515.7652,1009.4330,100,7.379720
1,733.8227,1009.4621,98,7.862182
1,858.1388,1010.3823,122,9.813315
1,393.4229,1009.0023,75,5.432636
1,593.0957,1009.1566,68,4.645957
1,56.8474,1012.4893,138,11.976856
1,492.7201,1009.9321,79,5.472970
1,797.9665,1010.3087,91,6.800838
1,992.4973,1011.8871,109,9.016201
1,764.3298,1011.8583,57,3.441189
1,828.5806,1013.2089,66,4.291394
1,82.9360,1013.3888,109,8.792382
1,780.4986,1014.2006,103,8.040466
1,422.2260,1015.7419,168,14.386095
1,609.7607,1015.2562,89,6.741564
1,642.5636,1014.7258,95,7.188707
1,668.3615,1016.2525,124,10.802566
1,34.1197,1015.9251,80,5.783436
1,128.1058,1015.4286,63,4.263380
1,249.3467,1016.3770,94,7.132068
1,378.4718,1015.9328,70,4.638491
1,572.5515,1016.4483,94,7.424892
1,272.0025,1017.2088,161,12.702282
1,904.3083,1018.4691,18,0.438262
1,1021.4366,1019.2182,49,2.670113
1,813.8929,1020.1487,34,1.560816
2,5.9591,1020.3840,122,7.417789
2,21.3609,0.0599,13,0.251316
2,55.1169,1020.2646,147,13.070250
2,104.1352,5.6584,171,14.248931
2,135.5284,2.8050,36,1.778417
2,227.4184,1022.0053,79,5.509086
2,244.6769,1020.3498,71,4.834992
2,276.0209,3.3038,104,7.958226
2,312.6329,1022.8228,34,1.512902
2,336.1392,1019.3923,72,4.957779
2,352.8450,4.4050,96,7.208826
2,399.2995,1.9151,83,6.180916
2,435.4072,1020.7201,206,15.483478
2,456.5302,3.8088,134,11.041453
2,503.2115,1020.6994,111,9.143889
2,526.3179,1019.3937,96,7.356748
2,575.2392,1021.8916,31,1.324340
2,604.5700,1021.9577,56,3.152552
2,626.2239,2.9439,87,6.418579
2,643.1862,1021.5040,103,8.219111
2,663.8080,2.2351,201,15.234807
2,684.9200,4.9293,87,6.062518
2,714.7856,1022.5476,76,5.457237
2,735.5015,3.6081,133,11.374751
2,801.6777,1021.8333,95,7.220269
2,819.2217,3.0937,71,4.960215
2,907.4884,1022.9311,24,0.785330
2,926.9696,2.3369,108,8.918063
2,1002.8852,0.7208,74,5.142918
2,152.9755,3.9777,45,2.574169
2,186.6372,7.0541,157,13.966310
2,294.0364,6.3648,87,6.540043
2,553.4019,6.2364,91,7.131814
2,836.4261,4.5360,62,4.069324
2,167.6124,5.8059,49,2.807500
2,589.1962,7.3310,117,9.341075
2,700.1702,5.4384,58,3.669229
2,763.7471,8.3170,136,11.630952
2,784.5032,6.0078,74,4.970534
2,966.9629,8.2815,184,15.989373
2,36.4242,6.6965,54,3.154139
2,84.6786,8.8830,116,9.569841
2,258.5097,8.6940,116,9.661849
2,324.4511,5.8909,29,1.206194
2,474.7642,6.9623,66,4.425722
2,855.7756,9.5061,159,13.809673
2,877.8099,8.6929,37,1.770314
2,336.1255,11.1302,59,3.457571
2,493.7584,11.5315,73,5.015479
2,522.1365,10.7150,57,3.565141
2,208.2282,13.5997,107,8.675064
2,1010.5686,13.6852,104,8.033744
2,366.5351,13.1275,60,3.949041
2,906.5205,14.9918,115,9.210140
2,8.1501,14.9891,103,8.466255
2,569.8456,15.3876,121,10.038370
2,68.7133,15.7615,75,5.297001
2,241.3714,21.4373,226,17.634031
2,312.3941,17.9179,144,12.508128
2,417.5158,16.4563,96,7.746592
2,26.8847,17.1722,92,6.747605
2,135.7977,18.9659,136,11.666015
2,538.1861,16.7249,97,7.543353
2,509.3629,16.5407,64,4.175382
2,714.6292,19.1256,134,11.724488
2,746.1049,16.7368,46,2.623936
2,805.1770,17.6206,102,7.634207
2,940.6290,18.2026,124,10.418610
2,991.1288,17.9161,104,8.533152
2,155.7289,18.7258,86,6.408044
2,617.7323,19.7251,118,9.627555
2,888.3393,19.8929,113,9.167867
2,50.3119,20.6385,123,10.398245
2,384.8578,21.0141,135,11.668338
2,637.5415,19.7527,90,7.077622
2,690.6509,19.5564,68,4.555815
2,825.4000,18.1700,43,2.252700
2,445.7568,20.8622,93,7.038137
2,782.6262,23.3825,143,12.533004
2,120.2099,20.3910,29,1.173291
2,274.2430,19.4747,14,0.362691
2,465.4907,20.8494,40,2.012255
2,656.7575,23.2322,115,9.950778
2,222.2199,23.3762,61,4.016623
2,402.2165,23.7435,98,7.441833
2,482.6784,24.7275,112,9.150666
2,839.3605,23.7230,93,7.120347
2,171.3458,25.6740,90,5.598749
2,922.7309,24.1761,78,5.729477
2,334.8977,26.2134,101,8.237664
2,597.6195,26.8684,126,10.666504
2,763.0322,24.7084,47,2.584316
2,289.8530,28.2622,157,14.200405
2,734.0358,25.9211,71,5.151908
2,869.5816,26.7837,58,3.695553
2,966.7428,27.7903,105,8.398736
2,86.4264,28.0615,75,5.431472
2,264.9525,28.0285,42,2.004347
2,363.4535,32.3725,187,16.311801
2,104.0934,31.1861,112,9.173101
2,204.1193,28.7202,33,1.535456
2,431.2333,31.3369,126,10.541992
2,522.9212,31.8686,125,10.493234
2,674.6061,30.4684,78,5.588541
2,546.1141,31.0920,78,5.697384
2,561.3223,30.3312,46,2.374860
2,751.6916,30.7423,63,3.838476
2,815.0075,31.9217,78,5.810819
2,1017.6611,32.8010,146,12.846838
2,15.8899,31.9449,50,2.969532
2,854.9587,32.1746,76,5.365969
2,67.7416,34.3395,96,7.622393
2,458.0468,33.7948,85,6.120314
2,502.9232,33.9775,98,7.839736
2,986.7933,34.8178,112,9.301543
2,150.0917,34.0476,53,3.220761
2,29.2970,33.8788,41,2.069548
2,582.8170,35.6884,93,7.175051
2,690.9310,36.1394,98,7.458573
2,897.7319,34.9758,59,3.592498
2,47.0713,35.9070,62,3.817696
2,311.5583,36.9006,78,5.624429
2,913.1584,35.0387,43,2.223245
2,118.6419,36.6483,45,2.312641
2,216.4017,36.3325,51,2.885467
2,193.3585,39.7897,102,7.962312
2,709.2566,39.1418,99,7.635189
2,231.2221,36.4432,14,0.369730
2,264.7252,42.4331,123,9.821216
2,628.4822,40.7071,146,12.742194
2,644.2797,39.0078,53,3.250502
2,726.7986,38.9085,59,3.665906
2,879.4003,39.9504,109,8.934701
2,937.5399,39.5144,150,12.768057
2,131.9477,41.5783,91,6.858171
2,800.0287,42.4811,112,8.656668
2,831.3373,42.2005,106,8.663920
2,343.1343,44.8481,164,14.728861
2,389.1599,47.1275,157,12.272858
2,484.2581,42.8683,85,6.179740
2,566.2401,43.7907,104,8.007837
2,177.1092,43.3375,79,5.732286
2,660.7326,43.4468,61,4.206676
2,960.1369,44.5204,109,9.048626
2,411.9734,45.9828,96,7.033017
2,7.4402,44.4180,41,2.098203
2,161.4102,44.9823,57,3.375179
2,244.6402,43.4456,35,1.763676
2,534.4925,44.8296,67,4.404716
2,768.2566,44.9722,69,4.696944
2,86.4036,47.8545,132,10.743833
2,751.8254,46.2778,67,4.602516
2,846.9544,44.8656,43,2.245204
2,24.9342,48.0699,88,6.433526
2,294.1211,47.6018,88,6.533280
2,600.6750,48.5412,114,9.129736
2,1005.9657,50.8691,132,10.437087
2,677.6143,47.8766,64,4.337666
2,454.7164,51.4363,252,15.568556
2,919.7595,50.3064,94,7.170310
2,61.2446,48.8481,40,2.028100
2,323.4190,51.6007,117,9.493584
2,366.8698,50.0848,55,3.294103
2,735.1031,50.1578,74,4.976952
2,45.1636,52.9351,122,10.052645
2,147.0745,52.2018,99,7.486073
2,499.8535,50.7269,64,4.354390
2,513.6976,49.1363,24,0.791739
2,981.0581,58.1814,187,13.318764
2,122.2150,63.0583,345,26.108268
2,210.7969,52.7929,95,7.290973
2,228.9886,53.4789,111,9.342075
2,549.7707,51.4855,63,4.139791
2,782.9709,53.2465,108,8.751963
2,284.5548,61.8609,202,14.013796
2,859.8108,55.3773,103,8.090241
2,619.2928,55.1799,68,4.735153
2,816.2496,56.9093,151,13.331900
2,892.3787,54.1588,55,3.413899
2,584.8516,55.6113,60,3.929980
2,192.5623,56.8159,71,4.903749
2,647.2192,59.1132,132,11.022205
2,873.9847,65.7425,157,10.168917
2,1023.5610,58.3202,78,5.406048
2,718.4298,58.7084,103,8.157809
2,665.4369,58.3390,47,2.515300
2,698.3767,61.5871,124,10.400540
2,839.7881,58.4146,47,2.464807
2,72.4302,61.3489,91,7.097013
2,249.5079,61.5397,155,13.617893
2,424.9864,61.0060,101,8.191416
2,536.5702,60.7993,85,6.028960
2,169.6580,61.6045,110,8.936625
2,762.5237,61.1750,75,5.073178
2,958.2906,61.9815,108,9.282486
2,404.5270,62.8386,94,7.158621
2,563.6330,62.1144,72,4.873282
2,14.7532,63.2433,86,6.439671
2,744.7967,62.5981,60,4.005178
2,938.6201,61.0436,26,1.135291
2,679.8748,64.9197,86,6.304619
2,906.3473,65.8332,121,10.144800
2,32.6443,63.7668,36,1.807007
2,469.2081,67.0955,127,10.635702
2,310.7541,65.5974,56,3.591640
2,368.8634,66.9948,105,8.622853
2,386.8798,66.8029,70,4.515217
2,490.9647,66.6592,88,6.422679
2,94.4116,68.0794,110,8.917656
2,595.9200,67.6653,77,5.594523
2,926.1997,67.4165,84,6.243561
2,57.0008,68.4002,65,4.417115
2,509.9216,70.2744,151,13.271015
2,328.5967,68.3146,56,3.648761
2,999.8227,70.0491,115,7.537506
2,346.9499,72.1149,120,10.037253
2,575.7089,69.8918,72,4.726222
2,152.3861,72.8195,102,8.344303
2,203.5796,70.1525,49,2.950329
2,266.8660,76.3320,163,13.342501
2,448.3335,72.2285,84,6.472947
2,612.5348,71.8174,99,7.505955
2,774.6919,72.3511,91,7.430931
2,795.3276,73.6216,142,12.737663
2,837.5210,73.2853,115,9.034707
2,731.1525,71.7457,51,2.914524
2,632.1120,73.5386,91,7.003596
2,186.5961,75.0610,110,9.418065
2,218.3705,74.9984,104,8.102955
2,0.2335,75.7560,65,4.232026
2,543.9872,77.8007,123,10.293139
2,658.9588,78.3415,160,14.167383
2,754.7585,73.6062,20,0.685449
2,947.1353,77.6727,124,10.635776
2,107.6893,75.5507,39,2.081101
2,238.5395,78.8077,118,9.854890
2,412.1142,75.8588,32,1.327214
2,715.9607,78.4299,101,8.099982
2,854.9510,78.0692,92,6.793653
2,888.2399,81.3176,157,13.222296
2,428.1896,80.1635,117,9.253849
2,562.4332,77.0014,45,2.615016
2,815.5095,79.5895,112,9.259731
2,24.6820,82.6209,187,16.689522
2,76.5652,81.2761,134,10.070766
2,312.2811,83.1236,130,11.108028
2,688.1487,82.4702,125,10.193461
2,983.3360,81.7510,76,5.479014
2,493.7138,82.0360,56,3.478705
2,598.4317,82.3138,57,3.595474
2,740.5707,82.2110,81,6.126735
2,966.3484,81.7518,55,3.405361
2,49.5989,84.9104,140,12.297679
2,166.8610,84.0474,99,7.975632
2,926.2789,82.0854,45,2.666354
2,368.0586,85.8321,105,8.342976
2,384.1768,85.7155,76,5.426161
2,400.1053,86.4369,104,8.420993
2,471.4859,86.7996,114,9.518605
2,522.1968,86.8277,105,8.738353
2,120.2657,86.7234,89,6.897225
2,331.1190,88.3198,131,11.056358
2,96.2831,87.0684,62,3.785793
2,452.2183,87.5957,72,4.978092
2,622.5942,87.9533,97,7.630048
2,761.1204,88.4428,103,7.857696
2,287.5515,90.1230,194,18.996910
2,703.1084,86.0894,22,0.816511
2,831.6685,87.3804,35,1.730963
2,913.6297,94.2425,209,16.459853
2,998.8042,88.7335,65,4.244323
2,1014.5101,89.3092,75,5.233246
2,209.8848,89.1667,41,2.099850
2,581.2390,94.2802,171,15.070157
2,777.9190,88.4226,37,1.751299
2,867.8822,91.7087,90,6.794058
2,189.9672,94.4876,158,12.008173
2,352.3399,95.3004,130,10.239484
2,560.1007,98.1948,163,10.796198
2,640.5690,93.1135,102,8.183039
2,671.9081,91.1403,22,0.895854
2,938.3198,93.4220,74,4.967119
2,6.5116,94.2423,64,4.333885
2,791.7808,100.0745,174,14.829248
2,960.2621,95.7367,93,6.897004
2,149.2723,98.7034,163,15.103116
2,228.3197,97.7017,124,10.562418
2,244.6994,95.1296,40,2.065375
2,416.9855,96.4588,87,4.423980
2,506.7176,95.8580,63,4.100866
2,713.6982,96.5349,84,6.157611
2,436.9332,97.2295,86,6.311755
2,814.4359,98.7265,132,11.743423
2,67.6762,99.1203,121,10.256513
2,108.2161,98.2002,67,4.358702
2,603.2936,99.0859,92,7.007403
2,854.5687,107.8845,221,17.356200
2,258.7291,103.6905,154,13.882765
2,541.7268,101.7783,128,11.120187
2,659.0270,101.1083,117,6.940999
2,690.5048,101.2753,111,8.814570
2,739.7621,99.6157,149,10.565183
2,984.0044,101.7197,143,12.507079
2,897.6157,100.7966,50,3.014084
2,487.5321,103.3916,193,15.961312
2,37.9081,104.6877,148,12.791748
2,93.9199,103.7285,77,5.567356
2,210.7418,102.5972,56,3.370267
2,125.2298,105.6210,104,8.358270
2,170.0687,106.1965,125,9.203706
2,881.0149,105.7572,110,9.324877
2,458.4094,106.9435,145,12.783311
2,523.3322,106.6360,100,7.811863
2,619.3328,103.7734,27,0.983374
2,772.0859,112.3924,171,11.881539
2,391.8056,107.7468,158,13.758618
2,12.3923,105.9483,45,2.229448
2,334.4970,108.4012,104,8.434444
2,675.4139,105.1738,19,0.650745
2,832.6865,108.0462,103,8.511687
2,1010.5324,107.7951,140,10.115103
2,307.8041,111.3500,203,14.501847
2,951.8283,110.1572,108,8.895986
2,278.4412,112.4577,131,11.654048
2,55.3597,110.3851,32,1.413694
2,365.5935,113.4156,108,8.476951
2,418.4515,112.2533,84,6.225966
2,78.2907,113.4127,82,5.874475
2,200.8969,114.1952,100,7.950921
2,440.4664,112.8113,52,2.984675
2,601.8661,114.8261,98,7.673411
2,720.3149,113.7286,160,11.872837
2,931.4622,114.5619,107,8.510665
2,22.1857,111.8792,11,0.211099
2,635.4233,114.7373,104,8.218856
2,753.7347,116.8378,115,9.667622
2,153.9917,115.7699,35,1.658704
2,501.7479,122.8416,219,19.699960
2,619.8051,117.4573,70,4.545501
2,673.3076,117.5689,64,4.069930
2,911.1219,115.5537,39,1.939734
2,96.0445,118.9895,92,6.781789
2,238.9288,120.7504,203,18.750298
2,348.8363,118.2399,61,3.819432
2,975.6691,118.2924,102,7.059561
2,135.4525,121.2055,134,11.853410
2,576.9584,122.7823,217,19.419092
2,893.4388,120.8672,115,9.594123
2,656.3554,121.2487,104,8.091530
2,703.4256,120.3209,52,2.958636
2,60.4709,121.7267,49,2.509707
2,549.7021,123.5841,138,12.102057
2,46.6312,120.9846,26,0.985855
2,687.7040,124.0624,115,9.248696
2,812.2978,128.7452,192,15.360242
2,829.5276,123.7011,70,4.893792
2,0.4379,124.7900,243,19.672513
2,110.7633,132.3349,201,14.575768
2,216.9406,129.1361,160,14.365229
2,431.4317,124.9761,73,5.055024
2,465.4721,126.8135,117,9.798010
2,993.9010,126.2396,106,8.497109
2,447.5062,123.0328,8,0.122919
2,169.6915,128.1564,98,7.721870
2,189.2109,128.3781,122,10.212262
2,378.2643,127.0309,59,3.608046
2,393.6876,128.0853,95,7.291755
2,481.9221,125.6628,39,1.779673
2,36.2726,136.0949,263,21.453910
2,298.7432,129.4703,143,12.620286
2,791.1304,130.4423,135,11.697693
2,873.6219,129.1611,98,7.641300
2,943.0946,128.1934,59,3.702138
2,331.4269,130.0127,156,13.083986
2,532.7466,126.1093,12,0.267932
2,959.4979,129.3894,88,6.825073
2,414.6110,132.7638,155,13.804878
2,728.4779,131.3473,106,8.428616
2,846.9224,132.0854,139,12.191297
2,84.2735,131.1744,55,3.380741
2,911.7958,136.5414,179,16.125281
2,152.8117,132.7320,75,5.381456
2,358.3112,134.5939,142,12.135155
2,260.6257,136.4223,180,16.837090
2,522.5476,139.8539,194,15.522979
2,621.6142,133.1724,57,3.313532
2,66.5091,136.1485,143,12.283906
2,600.3587,135.4293,124,10.850187
2,757.5658,138.4788,154,9.711490
2,279.8984,134.6057,63,4.254367
2,672.9453,135.8896,46,2.788980
2,702.0201,133.9247,22,0.877453
2,929.0347,135.8710,59,3.602386
2,313.4546,136.0263,31,1.403407
2,636.3350,137.8986,78,5.659477
2,443.8525,139.7965,126,10.689156
2,655.6144,141.1418,116,9.831880
2,889.9842,141.8502,117,9.847253
2,132.6562,141.8024,96,7.420603
2,714.7851,141.7900,91,7.038779
2,982.6173,141.1488,77,5.297327
2,1002.5741,140.6677,68,4.557715
2,14.9930,141.4060,55,3.176240
2,239.6177,143.9334,91,7.175191
2,545.1317,145.6310,137,11.680716
2,739.9325,141.3398,19,0.562715
2,688.4983,145.7498,113,8.989100
2,90.7256,146.1915,107,8.401834
2,400.0871,145.5565,84,6.346373
2,565.0563,147.2300,124,10.611562
2,943.4753,146.8274,117,9.968140
2,465.8863,146.2783,70,5.004550
2,490.3050,147.3306,134,10.892363
2,963.7274,155.5505,210,15.423642
2,179.9081,147.5409,90,6.782776
2,199.1564,148.8069,127,10.737311
2,618.2668,149.0947,120,9.918954
2,778.6890,149.9201,154,12.800875
2,827.9781,149.0477,150,13.386895
2,329.3289,148.3001,91,7.031536
2,800.1621,156.1379,141,9.047606
2,160.9785,151.1491,123,10.148984
2,585.2091,149.3927,92,6.924252
2,861.3008,148.9806,200,15.973377
2,278.1726,160.5297,269,21.752321
2,347.6798,147.1367,14,0.311459
2,380.8927,152.3845,114,9.116111
2,4.5811,151.0291,60,3.806221
2,220.0787,151.8757,105,8.529809
2,305.8934,153.7530,147,12.838211
2,360.5362,154.7683,77,3.551942
2,666.9665,152.7733,70,4.726399
2,702.6198,151.9204,29,1.177097
2,22.3458,158.8670,150,10.762345
2,421.4656,156.2352,155,11.737737
2,748.2841,153.7426,60,3.693979
2,67.1341,155.4711,84,6.084705
2,117.6203,156.5229,144,13.228756
2,640.6421,156.1354,102,8.161206
2,1012.1910,158.3573,145,12.889687
2,248.6902,156.0176,48,2.687031
2,448.6933,157.5362,121,9.824925
2,508.5349,161.6660,205,15.712469
2,724.5031,159.6099,198,14.997780
2,982.8993,161.0829,147,12.106335
2,145.9609,159.6067,118,10.023540
2,906.2809,155.5731,14,0.320895
2,925.1658,159.0242,99,7.886869
2,48.9940,163.5164,153,13.710534
2,397.5131,162.4711,104,8.083438
2,472.4749,162.9362,120,9.945992
2,608.1848,162.8919,135,11.458100
2,343.8537,161.4601,59,3.824325
2,878.4031,163.6670,123,10.404345
2,86.8212,164.7968,116,9.534078
2,326.0223,163.1687,78,5.703352
2,531.2313,162.5485,45,2.304084
2,576.4806,163.4155,58,3.816137
2,178.4484,170.5371,135,9.342348
2,676.7271,168.4480,150,12.836757
2,897.9989,166.7307,128,10.320375
2,204.9373,168.5408,144,8.974138
2,371.6210,165.8222,54,3.361143
2,835.1873,167.5713,152,12.010950
2,941.8167,166.1319,80,5.853035
2,229.2990,168.4887,107,8.615472
2,543.5247,165.1485,30,1.390577
2,559.3948,167.0685,80,5.927697
2,997.8990,165.8112,38,1.722594
2,255.8558,170.8058,139,11.974012
2,700.3906,170.4573,115,9.545044
2,752.7150,171.0989,209,15.934648
2,651.6339,170.9227,90,7.036602
2,5.5886,171.2517,81,5.820094
2,632.6366,172.2021,86,6.651219
2,775.3595,171.3555,64,4.221922
2,133.6148,172.6694,96,7.517506
2,811.7000,172.2483,87,6.516672
2,298.6423,174.7588,69,4.717564
2,443.6581,173.6334,74,4.915783
2,487.4218,176.0648,128,10.982028
2,593.2534,177.0522,158,13.844196
2,98.9586,176.3473,102,7.893828
2,160.7492,176.1321,95,7.351582
2,852.1158,175.9471,92,6.653909
2,37.8244,174.2466,22,0.811760
2,67.6524,178.0893,159,14.781795
2,416.1223,180.2032,163,11.580569
2,792.9911,177.0246,114,9.528324
2,117.8982,177.9708,89,6.298726
2,359.0697,178.6861,121,10.260819
2,519.2535,177.7947,97,7.428861
2,928.5932,176.4653,37,1.844440
2,338.0364,180.6819,143,12.875015
2,381.0271,192.2139,243,17.675373
2,915.1649,178.1873,65,4.229828
2,1005.0057,175.5905,12,0.222661
2,314.5286,181.5747,147,12.697471
2,459.3272,180.2970,109,8.693104
2,724.2005,179.7430,95,7.204434
2,396.3512,179.6134,43,2.324531
2,548.3028,181.3942,117,9.520064
2,572.3279,181.0157,84,5.943390
2,951.6722,180.5003,90,7.097216
2,616.9199,188.4402,172,12.523455
2,866.4316,184.6284,144,12.737592
2,973.0120,182.4312,82,5.938822
2,20.0481,184.6546,112,9.478014
2,286.6824,181.4431,26,0.861619
2,662.6261,183.0802,80,6.119352
2,993.9377,183.1618,77,5.586660
2,899.9786,185.7508,71,4.950257
2,147.7512,183.4669,18,0.534036
2,228.9074,186.4187,77,5.585658
2,247.1218,186.4988,80,5.765945
2,687.7465,186.3521,85,6.203781
2,1015.8800,188.6521,146,13.181518
2,192.3750,188.5047,129,11.429904
2,210.5124,187.3505,53,3.335185
2,703.7537,187.1865,45,2.532667
2,773.7264,188.6574,83,5.995438
2,37.0185,190.5399,115,9.330750
2,477.8177,188.8146,47,2.657729
2,642.1076,189.9135,96,7.507500
2,756.2990,194.4336,147,10.503526
2,820.2377,192.2111,148,13.153974
2,930.9198,190.0993,90,6.668447
2,272.8056,190.2005,83,6.049976
2,431.2855,190.9739,88,6.705195
2,882.6922,190.6963,82,5.847374
2,133.4695,188.9565,14,0.309865
2,53.7519,191.2517,46,2.593416
2,104.3094,193.2622,84,6.284661
2,532.2868,194.1074,141,12.150353
2,163.3326,193.2105,82,6.132722
2,503.2502,195.0803,152,13.496033
2,84.1515,196.6081,147,13.126597
2,399.0420,194.2680,67,4.721224
2,462.9016,195.2744,58,3.451970
2,719.6424,195.6157,87,6.579726
2,840.3638,198.5560,139,12.148550
2,955.4545,197.0831,119,9.801527
2,982.8999,195.5321,80,5.822972
2,287.3757,196.1455,79,5.352134
2,358.0329,196.7553,76,5.588545
2,586.4214,196.5412,100,8.005459
2,735.5107,196.0440,78,5.571375
2,798.0691,197.9327,120,10.061924
2,121.1677,197.8603,96,7.015680
2,911.7222,197.6987,98,7.780901
2,552.1658,197.6958,55,3.363568
2,222.1999,200.0984,82,6.009935
2,66.4728,197.8895,14,0.290202
2,142.5174,203.5647,162,14.281566
2,258.0540,200.6305,98,7.606924
2,326.9829,201.5097,103,8.161473
2,673.8739,201.2571,129,11.310875
2,178.2249,202.1067,90,6.588854
2,239.3367,199.7029,30,1.284062
2,478.3254,202.2353,81,5.485169
2,782.4214,200.0355,46,2.616867
2,10.1584,204.4244,149,13.325249
2,445.0868,204.5436,131,11.188944
2,302.9858,204.6321,103,7.841467
2,632.0753,203.0959,78,5.699471
2,652.9805,201.9288,45,2.499577
2,704.1749,210.4023,250,19.436857
2,53.8487,206.6448,100,7.586713
2,345.7693,205.7172,82,6.071667
2,564.0448,207.1356,114,9.338331
2,889.8983,205.6653,78,5.516962
2,1012.5312,205.5350,75,5.162313
2,856.2860,207.6864,106,8.576462
2,926.0632,207.5063,98,7.391877
2,194.2463,207.2552,71,4.758964
2,994.8942,209.2277,117,9.956987
2,410.9066,209.9911,130,10.788360
2,427.7254,207.1439,51,2.998209
2,609.4731,208.5412,54,3.106663
2,973.8168,208.9910,66,4.088516
2,209.3505,209.2724,53,3.134373
2,944.3862,209.5724,55,3.740887
2,37.0296,209.5695,30,1.239100
2,874.4255,212.1398,88,6.624514
2,95.1266,212.8737,97,7.283635
2,159.1121,213.4155,112,8.486418
2,282.1400,212.4819,87,6.676096
2,509.4555,214.9530,193,15.966458
2,773.8596,213.4732,104,8.127480
2,362.0220,215.0646,117,9.547672
2,460.8643,213.4615,82,6.047207
2,540.4994,213.9683,113,9.264854
2,581.2877,214.0332,90,6.750746
2,647.7144,213.5813,57,3.525587
2,728.4361,213.8776,70,4.682768
2,747.8818,216.1537,151,13.724410
2,251.6543,215.5177,84,6.251518
2,266.8615,213.5647,27,1.019176
2,803.2462,215.9917,117,9.694960
2,824.1709,217.0599,149,12.864148
2,314.9864,216.2012,68,4.700081
2,662.8867,215.5512,58,3.642933
2,26.1531,217.8218,102,8.010522
2,74.9404,216.6775,67,4.773124
2,121.9658,218.9047,125,10.637828
2,229.2253,219.2533,161,14.457977
2,484.9014,217.0715,71,5.112391
2,911.6581,215.9189,32,1.424776
2,390.0579,220.2401,136,11.638426
2,599.9406,219.6605,105,8.204140
2,334.9530,220.2594,107,8.676923
2,682.1964,220.2222,94,7.246406
2,957.1670,221.0029,108,8.314969
2,625.2641,221.1342,108,8.718445
2,1020.5363,217.5462,16,0.559623
2,894.6337,223.5224,148,12.612052
2,46.2078,222.2447,78,5.566450
2,933.6212,221.0199,38,1.746678
2,978.9689,224.3607,127,10.493417
2,199.6569,224.9969,129,10.996352
2,300.4562,224.2640,97,7.489947
2,108.0161,222.1725,21,0.688615
2,844.5094,223.1275,43,2.247699
2,865.3071,224.8212,85,6.232593
2,177.6471,225.7654,95,7.413192
2,428.2826,226.9676,133,11.433417
2,472.0622,225.9341,53,3.173791
2,570.6542,225.3982,44,2.203662
2,90.7868,228.3605,99,7.992286
2,141.2902,226.8160,52,3.106972
2,278.6629,227.2767,63,4.238024
2,555.1349,226.8644,71,5.095593
2,64.9680,231.5388,146,12.691372
2,452.4548,230.8936,123,9.380220
2,641.2072,230.0182,120,9.865314
2,773.0642,229.6902,107,8.504495
2,1.4055,230.3611,84,6.025461
2,374.7045,231.4265,110,8.683259
2,411.0685,230.1493,66,4.283909
2,922.9561,229.9718,61,3.793592
2,1008.6618,231.7065,126,10.373777
2,216.1614,230.2707,42,2.244679
2,263.4269,232.4712,92,6.683653
2,666.9728,231.2146,68,4.573236
2,699.2454,232.4692,116,9.716831
2,158.2366,232.8678,98,7.730347
2,537.7404,232.0943,71,4.979609
2,731.7896,233.7352,124,10.679990
2,588.2841,234.9059,114,9.602797
2,19.6221,234.8901,102,7.795435
2,241.1339,233.8033,52,3.268233
2,321.6241,235.9269,127,10.700666
2,487.4946,234.1805,81,5.794652
2,520.3452,234.6912,91,6.817207
2,940.4304,234.7959,105,7.825235
2,611.5026,237.1594,106,6.553658
2,34.9715,234.0909,21,0.818735
2,351.9418,239.3971,193,14.477720
2,835.7425,240.3934,140,9.546793
2,114.1699,236.7115,43,2.413704
2,129.1657,235.7545,42,2.392479
2,503.8883,237.6809,77,5.371670
2,799.8189,238.6521,235,18.005478
2,853.3967,237.7590,92,7.269540
2,910.0129,238.9316,121,9.387928
2,962.9959,237.2579,59,3.603898
2,880.2375,240.4203,116,9.542596
2,50.2875,236.8668,8,0.145739
2,180.2536,242.4318,136,11.827706
2,680.1307,241.1158,91,6.922551
2,714.4217,239.1508,36,1.802918
2,757.1746,239.6046,119,7.126176
2,285.0618,249.7839,236,18.694098
2,437.1658,241.7122,58,3.379400
2,656.8526,242.0802,76,5.604367
2,469.6575,244.9933,126,10.574353
2,984.7211,244.2579,173,12.657226
2,89.2083,246.5928,142,13.024736
2,407.9723,247.2456,141,12.328995
2,574.1373,244.8856,69,4.679959
2,146.2288,247.7486,156,12.993463
2,211.9770,248.5525,148,12.873918
2,251.5921,247.9275,124,10.435602
2,382.2697,246.4496,77,5.180150
2,551.3665,247.1183,119,10.126317
2,233.9526,247.7592,75,5.358106
2,304.7822,248.2529,108,8.859228
2,33.1436,253.2486,208,16.146279
2,108.9900,249.7915,73,5.179940
2,642.8949,257.6629,257,19.071588
2,778.1029,255.6227,182,12.535976
2,933.1719,249.4119,63,4.090816
2,8.8893,252.8782,168,15.137431
2,533.0453,250.1713,85,6.308900
2,619.9203,248.8480,45,2.675431
2,697.6579,262.1046,237,18.572491
2,894.7133,249.7918,64,4.086394
2,492.8436,251.7231,89,6.710443
2,738.1344,250.0248,49,2.949099
2,824.1583,252.5236,113,9.260552
2,339.7322,251.1783,45,2.554071
2,511.1615,258.2207,131,7.792079
2,862.4318,251.6999,51,2.947995
2,68.1073,254.6530,122,10.527918
2,444.5788,250.8953,20,0.632754
2,126.2585,254.1490,72,5.107148
2,591.4964,254.8517,93,7.045319
2,751.7719,253.1239,35,1.748562
2,963.8644,259.1867,162,11.807621
2,321.1254,265.1051,201,14.235880
2,1006.9497,254.9438,71,5.348038
2,194.9498,255.3984,43,2.436552
2,265.6707,256.0504,61,3.998177
2,427.9632,259.1925,146,12.664783
2,876.3508,255.7576,49,2.620852
2,945.6305,256.3814,82,5.894772
2,372.0470,258.5369,74,4.966010
2,620.6288,269.1574,278,19.532588
2,724.0028,261.4484,185,16.684151
2,917.3727,257.8959,96,6.250034
2,355.5073,257.6672,41,2.080874
2,458.3185,259.3995,90,6.803467
2,670.7519,261.5759,167,15.398009
2,393.6366,261.7754,106,8.447073
2,162.5529,260.1249,43,2.386541
2,850.3173,262.1587,105,8.338153
2,179.0958,263.1508,102,8.429895
2,807.2730,263.2957,117,9.973260
2,52.9397,264.9367,125,10.828974
2,574.4850,269.7150,124,7.369333
2,142.7557,265.1377,63,4.046253
2,217.7056,268.8059,306,25.242091
2,758.5238,265.9589,97,7.520559
2,992.9059,267.5090,162,14.649597
2,86.0091,266.9725,103,8.388799
2,482.1750,267.9468,147,13.168610
2,556.8722,266.9141,104,8.675882
2,893.3740,268.8195,165,14.694527
2,1019.9459,271.8908,170,11.105109
2,125.1555,275.6497,322,24.342653
2,533.3142,269.4669,146,12.561354
2,345.0768,274.6527,204,17.702145
2,927.6221,269.9419,82,5.768953
2,251.3870,269.5329,62,4.175952
2,300.8490,270.6559,75,5.277270
2,408.2461,269.5675,63,4.178491
2,442.4410,271.4012,105,7.938691
2,592.6509,271.5594,91,7.179308
2,269.4357,273.2009,99,7.606604
2,793.9218,272.2149,71,5.169333
2,824.5770,274.4374,115,9.437047
2,868.3241,275.6936,150,13.103919
2,383.7411,273.7466,52,3.134150
2,947.0487,275.3934,100,7.820290
2,367.0658,276.0227,99,7.683600
2,744.5875,275.9031,79,5.712375
2,159.5270,278.3559,153,13.546622
2,841.2250,274.5761,36,1.881620
2,36.1386,279.1285,159,13.704044
2,461.9477,279.9538,131,11.261126
2,510.1066,279.8632,135,10.817648
2,717.1522,278.7179,76,5.373099
2,98.2264,279.6171,95,7.172532
2,181.0625,287.8268,164,10.674627
2,418.2105,281.7698,109,8.708597
2,976.9689,283.6140,168,15.427062
2,912.6672,281.6998,94,7.194815
2,670.6583,281.7164,67,4.487202
2,686.3095,282.9555,80,5.957917
2,77.8917,281.8769,43,2.406362
2,776.9600,287.3759,255,17.605031
2,59.0287,284.8536,102,8.440434
2,286.3170,287.3311,187,15.682940
2,655.1866,283.6598,66,4.343046
2,807.7092,287.0860,122,9.848447
2,229.0259,285.6423,99,8.057870
2,313.9644,285.6128,76,5.387796
2,548.3187,286.6343,126,10.876690
2,489.4240,288.4690,139,12.201446
2,732.8370,285.5324,58,3.588435
2,932.4180,285.7351,56,3.516942
2,199.3332,287.7496,82,6.123551
2,254.1870,288.7654,184,12.860408
2,959.3426,286.5839,52,3.036809
2,12.1281,292.1294,192,17.775944
2,396.8358,290.9651,166,15.258204
2,639.7581,289.0939,92,6.835400
2,841.9689,289.9045,103,8.227592
2,529.4022,287.9068,38,1.873400
2,594.7261,290.3219,102,8.438484
2,1006.5539,291.7856,103,7.583438
2,374.9258,288.8302,24,0.925994
2,434.9668,290.0994,68,4.672515
2,577.5224,290.1260,79,5.719678
2,880.7745,291.5628,91,7.145526
2,711.9420,294.9316,135,11.389077
2,117.4435,294.8462,84,6.265200
2,746.2197,291.9103,24,0.879670
2,451.1746,295.5851,94,7.195666
2,612.9772,297.5062,147,12.903323
2,825.7424,293.8422,34,1.633905
2,72.1710,297.0118,106,8.674011
2,900.6968,298.4891,163,15.044907
2,947.5733,296.0432,77,5.464600
2,991.5866,295.1634,49,2.769283
2,100.4658,298.4880,107,8.344970
2,562.8408,298.2238,87,6.348916
2,695.9194,295.8381,35,1.471371
2,865.5510,295.4372,36,1.804845
2,923.3608,297.3921,64,4.237115
2,35.3482,299.7949,112,9.434549
2,161.0404,298.2460,87,6.437495
2,303.6297,298.6457,75,5.181482
2,341.6886,299.1407,99,7.650718
2,756.8731,305.0734,166,10.944215
2,325.2644,299.1264,73,4.943645
2,361.4730,300.9389,125,10.513184
2,679.0253,299.4685,81,5.824189
2,503.3967,300.8814,93,6.968111
2,662.1384,301.3984,110,8.832595
2,853.0187,302.0938,104,8.115661
2,137.0794,303.4988,130,11.331136
2,236.4763,301.6644,56,3.563969
2,539.0621,303.1741,93,7.103243
2,206.7425,303.3318,78,5.427268
2,519.4764,304.0005,91,6.887253
2,272.9636,303.0158,45,2.516727
2,381.3670,304.9165,101,8.105898
2,634.2637,307.9161,141,9.018678
2,734.1114,306.6566,149,13.470896
2,193.9695,303.3447,20,0.673710
2,222.0390,305.2644,73,5.090925
2,425.7617,305.9157,139,11.587909
2,475.6694,307.5216,170,13.492820
2,801.6424,305.5990,69,4.732423
2,935.7834,304.1130,38,1.753126
2,971.6807,307.4357,119,10.130611
2,1014.1498,308.6830,153,10.860904
2,53.7147,307.9873,107,8.966596
2,817.4170,314.2305,223,17.270700
2,177.2732,308.0298,55,3.301011
2,256.1272,308.7395,75,5.386421
2,875.4685,306.9005,36,1.726969
2,85.5034,309.5997,78,5.595428
2,594.7483,311.5540,127,10.848168
2,18.1437,309.8035,25,0.954796
2,289.3728,313.0007,161,12.645216
2,991.0714,311.9570,81,5.785128
2,403.8692,317.1310,214,20.505900
2,784.6301,314.3617,160,14.662736
2,953.4613,310.8959,42,2.242508
2,153.8240,312.9339,65,4.079775
2,314.6486,313.2983,74,5.312523
2,574.4702,314.2481,110,8.857093
2,124.1320,313.6524,42,2.241669
2,334.5377,312.3457,22,0.733565
2,708.9547,316.1257,147,12.635238
2,890.3000,313.4287,47,2.442003
2,444.3615,316.3310,127,10.669151
2,685.2095,316.6449,119,10.062494
2,69.2309,314.8463,42,2.265268
2,106.6511,317.0612,107,8.442554
2,557.6788,315.5894,63,4.216229
2,243.5225,316.1242,40,2.060290
2,353.2293,317.7069,79,5.666676
2,913.6624,320.1547,177,16.647377
2,191.6575,319.7930,113,9.176777
2,526.3003,321.1347,163,14.902880
2,7.4166,317.8580,38,1.835447
2,36.3855,319.1589,79,5.716450
2,459.6859,318.8953,66,4.060852
2,836.5486,325.0892,225,19.043938
2,939.0529,320.7908,128,10.849976
2,613.5399,321.1976,101,7.810451
2,645.3927,320.4578,88,6.967471
2,663.4047,321.2311,100,7.899713
2,862.7073,322.4957,148,13.225122
2,165.4237,321.0934,64,4.036409
2,209.6814,321.2264,56,3.461482
2,371.2934,322.4052,92,6.981503
2,498.0802,325.7362,176,16.504063
2,226.7309,325.0960,150,13.586127
2,262.6590,326.4179,128,11.272907
2,746.2629,323.0231,48,2.906282
2,769.1020,325.8086,100,7.666223
2,963.0130,325.1882,100,8.013241
2,22.3371,325.3290,88,6.755341
2,136.8997,324.3876,55,3.113446
2,722.3349,323.3068,18,0.492217
2,981.1715,324.5148,39,2.016647
2,328.9162,333.8538,227,17.003893
2,882.6050,326.9905,106,8.265537
2,81.3928,332.5870,171,13.957363
2,387.2501,324.7532,8,0.140070
2,549.4776,329.0286,108,8.838710
2,996.3745,335.7311,222,18.040941
2,63.5117,328.4439,52,2.790720
2,118.2323,328.8503,52,3.047306
2,305.7844,331.5821,136,11.651884
2,1020.3808,330.7711,109,8.785925
2,48.7054,330.9059,79,5.833574
2,149.2549,330.7245,82,5.656444
2,176.6911,330.9710,86,6.339295
2,586.0125,330.8631,125,10.557886
2,426.1464,333.5027,167,15.015075
2,282.0511,332.9962,78,5.685516
2,627.9057,332.0525,62,3.944955
2,897.4190,329.7631,14,0.296779
2,474.2054,334.6978,114,9.358862
2,792.2723,334.7892,130,11.373730
2,692.1367,335.7017,141,12.360340
2,727.2769,335.7085,115,9.170494
2,246.4154,335.3216,81,5.854412
2,358.1979,335.8699,156,11.358527
2,101.9850,337.8620,137,12.129174
2,204.5403,334.9789,39,2.045952
2,455.8327,338.0733,119,9.861444
2,511.6223,337.3332,62,4.187182
2,641.5781,337.2272,62,3.745172
2,528.9805,336.6590,24,0.750432
2,664.6485,339.5177,150,10.120859
2,753.1112,338.4127,181,14.007602
2,910.6612,337.6337,54,3.409123
2,390.5095,341.7904,166,14.669436
2,848.2225,340.2502,63,4.146267
2,928.5601,341.6754,134,11.736752
2,972.0559,340.2007,74,5.298237
2,132.0034,343.3459,156,13.786450
2,561.1715,343.2551,120,9.867079
2,613.5964,342.9361,131,11.053577
2,814.8379,342.1335,98,7.664552
2,949.9371,342.1608,122,10.154837
2,13.7670,342.6157,96,7.453526
2,161.7635,343.4754,107,8.380452
2,32.1881,343.8598,101,8.331430
2,863.6236,342.8981,48,2.798383
2,885.9965,344.2426,102,8.142960
2,192.9373,344.2767,80,5.752073
2,408.0620,344.2209,64,4.048668
2,58.2858,345.8974,96,7.375559
2,224.1505,345.4888,68,4.743554
2,267.4598,354.8956,238,18.777128
2,710.6543,347.4053,127,10.480436
2,290.3047,347.1175,110,7.704659
2,486.2401,348.6470,123,10.369424
2,208.0132,347.6516,43,2.290845
2,539.6806,358.8066,206,15.500332
2,592.7653,348.9914,102,7.876807
2,1022.3404,347.9894,54,3.174431
2,829.2031,349.0715,58,3.549806
2,313.7851,351.1029,86,6.368994
2,349.6577,349.9211,74,5.175179
2,441.6554,348.4265,35,1.738003
2,519.2349,351.1696,113,9.263615
2,787.2384,350.7291,97,7.334928
2,178.4421,351.8576,82,6.177891
2,238.2602,351.2666,93,7.035759
2,424.2976,351.3182,43,2.156637
2,648.3233,351.5399,59,3.613919
2,681.7369,355.3107,115,9.616309
2,72.5314,356.1726,117,9.819360
2,371.4398,355.4848,89,7.103218
2,576.0662,356.9425,109,9.007037
2,767.4110,356.4928,107,8.591598
2,869.1306,355.4985,96,4.846107
2,844.8638,356.5445,91,6.938873
2,470.0672,364.0479,151,10.219240
2,726.1039,357.6539,84,6.270940
2,747.0875,358.3148,109,9.166238
2,965.9604,361.5127,154,12.841825
2,990.9210,358.4375,111,9.196926
2,1010.5779,357.1138,79,5.849495
2,103.8040,360.1305,144,12.857953
2,630.9222,357.9778,96,5.745898
2,893.1135,359.5561,103,8.094169
2,912.4684,359.4670,128,11.361355
2,41.7687,361.4562,147,13.193779
2,502.1218,359.0083,71,5.073942
2,660.6058,358.7341,50,2.895274
2,434.5871,360.0983,79,5.453097
2,807.0191,360.8107,111,8.529472
2,130.8903,363.2457,197,14.424373
2,157.5227,362.6179,92,6.875410
2,607.2879,358.8785,17,0.465343
2,948.3502,360.1804,47,2.620824
2,5.7140,361.2610,55,3.474633
2,335.1886,362.6601,87,6.588295
2,931.0317,362.5186,87,6.592780
2,194.4395,364.1632,87,6.960549
2,219.8643,364.3844,171,13.565140
2,294.2116,372.6926,255,19.861319
2,395.0972,366.7992,160,11.385241
2,452.5342,364.7604,67,4.524454
2,711.0674,371.3481,231,14.724138
2,20.4588,366.1937,85,6.463205
2,85.7135,367.5734,74,5.230876
2,248.1954,371.3343,164,14.069289
2,787.4123,367.5123,86,6.374666
2,831.0136,367.9524,101,7.998084
2,357.0096,371.8070,169,14.793886
2,417.5732,369.3533,91,7.046487
2,490.7229,367.4174,62,4.090080
2,561.3100,368.7765,94,7.370647
2,319.1065,370.6913,92,7.130092
2,649.3868,370.2988,86,6.644552
2,174.6251,372.5289,140,12.204049
2,619.1683,371.7809,93,6.733005
2,858.6478,376.9168,179,11.788926
2,517.2853,376.2054,157,13.321595
2,667.2217,372.5158,78,5.468922
2,736.6685,371.9835,57,3.463024
2,1017.9756,372.5002,62,4.342546
2,67.7831,377.0060,157,14.316206
2,581.3110,375.5196,117,9.882617
2,754.2106,373.2450,33,1.581310
2,880.7637,376.5183,139,12.166499
2,983.8236,373.5581,53,3.131523
2,375.7412,376.0940,105,8.358858
2,603.6586,376.8023,119,9.217243
2,684.7476,375.6267,77,5.335949
2,941.9258,375.8185,96,7.486879
2,803.5672,377.6976,86,6.770083
2,906.9475,378.7307,119,9.654626
2,341.0115,377.1295,32,1.390880
2,435.6315,379.4869,152,12.653700
2,546.2257,378.0566,60,3.782598
2,772.8286,378.7380,109,8.915641
2,1002.5153,381.5446,160,14.513832
2,47.9006,381.6647,103,8.132552
2,102.7790,379.9934,68,4.781391
2,142.5289,381.7127,113,9.183836
2,207.7365,381.3277,84,6.399808
2,270.5115,382.3675,90,7.320394
2,823.1097,382.6853,110,8.821254
2,969.6247,381.3678,73,5.152196
2,8.5547,384.3905,122,10.291822
2,28.4848,384.9306,135,11.981714
2,193.3448,391.2654,147,9.455063
2,462.5631,384.9834,140,11.924509
2,484.9670,383.7775,75,5.421313
2,120.5117,384.3001,100,7.724090
2,229.7868,384.4888,94,7.386199
2,308.7141,384.2643,55,3.600178
2,405.4666,386.4922,113,9.330844
2,629.6371,387.8309,156,14.136012
2,925.9167,386.1432,96,7.381961
2,327.0979,388.5042,115,9.531490
2,697.4581,392.2766,133,9.697002
2,753.8197,387.7829,85,6.387765
2,89.4083,389.1366,85,6.423400
2,501.0850,389.3449,119,9.951213
2,654.1308,389.5909,122,10.077242
2,735.6687,387.9980,61,3.852516
2,675.8927,389.5953,86,6.848615
2,531.9219,391.2744,95,7.295700
2,552.7430,391.1940,81,5.883350
2,569.8157,391.2878,80,5.684732
2,895.1589,389.4520,35,1.645274
2,984.8462,392.1301,85,6.439247
2,156.3012,394.8092,178,15.740779
2,588.8984,389.3451,16,0.410206
2,786.0727,393.3757,110,9.246765
2,720.6353,394.0284,87,6.510504
2,844.8779,397.3747,161,13.183004
2,959.6770,391.7148,24,0.866137
2,347.4512,393.1753,54,3.211524
2,243.0736,395.0810,72,5.377493
2,260.0247,396.4165,96,7.371558
2,363.1933,396.4918,81,5.748624
2,419.5395,397.1837,92,6.912195
2,809.1023,396.2926,73,5.137678
2,881.4038,397.7181,110,8.827564
2,107.5780,397.1805,70,4.839589
2,449.2219,398.3102,99,7.998463
2,601.7046,400.6501,168,14.539936
2,944.8726,399.6425,153,12.299904
2,213.7183,397.8162,70,4.804435
2,304.0554,398.7499,92,6.711794
2,480.8264,397.2814,38,1.723643
2,62.3520,401.1143,167,15.925343
2,280.3716,401.2801,124,10.664797
2,385.6479,400.8076,179,15.010961
2,766.0147,401.1874,101,8.017590
2,826.3111,399.4847,39,1.999278
2,1011.9153,400.6361,85,6.149418
2,515.0397,399.9627,45,2.619455
2,1.6498,399.9531,23,0.696488
2,125.5656,402.9202,94,7.366274
2,177.0572,404.7067,161,14.888478
2,739.7298,404.0545,124,7.170353
2,971.9486,402.9931,112,9.308141
2,579.4807,403.3163,84,6.137157
2,863.0954,403.7261,86,6.418099
2,332.4710,404.7148,98,7.799587
2,644.6682,404.9018,85,6.459638
2,906.3452,407.5352,141,11.803916
2,925.3777,404.4890,70,4.787712
2,542.9489,407.0615,126,10.590710
2,620.0479,405.1918,54,3.300351
2,19.1197,408.3795,128,11.084995
2,88.4768,407.7029,130,11.423445
2,669.1565,408.1976,136,11.467921
2,42.0804,408.6070,103,7.994897
2,226.0943,408.8988,110,9.065923
2,433.8750,409.5548,130,11.474037
2,690.7160,408.9353,73,5.066714
2,492.3544,410.5786,134,11.647771
2,709.3241,410.4240,100,7.778953
2,798.6219,410.7143,131,11.175237
2,351.6607,411.2647,97,7.757253
2,248.0172,411.6786,91,6.855143
2,999.8644,410.8279,68,4.518485
2,462.2318,414.5992,220,17.573244
2,778.7758,409.8487,22,0.838790
2,143.7622,414.8106,130,10.812749
2,296.1182,414.7551,112,9.577024
2,404.2706,413.5802,96,7.449429
2,563.5714,414.9528,121,9.999785
2,829.3168,413.9356,87,6.391942
2,202.9075,415.5907,106,7.892945
2,816.0475,411.9761,21,0.807151
2,512.0033,417.3395,131,11.245041
2,162.1036,415.7185,56,3.452067
2,879.3054,418.0332,185,12.655911
2,3.3209,418.6829,126,10.623767
2,111.1743,418.7247,175,16.151750
2,754.4236,421.9499,186,13.041115
2,934.0268,418.4538,98,7.699005
2,274.8531,428.0685,195,13.977543
2,319.4618,420.1486,166,15.429522
2,371.4142,418.8924,104,8.347652
2,952.9432,416.4055,31,1.357325
2,985.4628,422.1633,160,14.485097
2,611.6392,420.2402,96,7.521806
2,531.1213,420.6814,96,7.588949
2,638.5739,421.4365,191,16.641190
2,845.4262,419.8205,58,3.564297
2,31.4350,420.9320,73,4.871752
2,590.8172,422.0790,108,8.889940
2,62.2594,423.7385,151,13.539058
2,675.2496,423.1177,70,4.976127
2,723.3013,423.6706,143,12.381367
2,1010.2721,421.4738,54,3.181111
2,965.6126,430.8565,170,12.263934
2,186.4060,425.7894,112,9.198193
2,388.6105,424.8817,90,6.742732
2,258.8738,423.3101,29,1.142678
2,86.6508,426.4553,88,6.746376
2,219.3258,427.5776,112,9.220630
2,779.1874,429.9717,207,16.784357
2,344.2571,427.1015,73,4.993282
2,419.7813,430.0801,167,15.397817
2,694.6912,427.4791,97,7.956319
2,132.7031,427.6732,62,3.971773
2,240.5334,430.2151,136,11.968485
2,898.6499,427.8990,62,4.057571
2,917.2670,429.3808,115,9.803763
2,470.1506,433.1607,222,14.373657
2,816.8815,430.2726,104,8.151522
2,359.0570,430.0949,56,3.430368
2,564.9526,431.1764,96,7.417088
2,856.2968,431.3590,96,7.806899
2,439.9445,431.3310,71,4.848551
2,834.6460,431.9192,67,4.715571
2,546.5839,433.7822,100,7.730250
2,661.2377,434.9814,107,8.789337
2,945.1185,433.9822,103,8.354956
2,164.8833,435.8873,138,12.046926
2,294.8570,436.4507,100,7.959567
2,499.3422,436.9779,101,7.883456
2,736.6655,436.8959,86,6.695955
2,799.4322,436.5320,88,7.047719
2,881.0743,435.8898,69,4.947736
2,45.1885,439.3309,120,9.800699
2,74.6569,436.3811,46,2.374085
2,200.1964,437.5124,82,6.070286
2,620.7197,439.2886,158,14.325822
2,98.5663,438.1675,80,5.789694
2,121.9627,438.3108,76,5.489897
2,145.3608,436.9012,42,2.326004
2,592.7140,438.3027,89,6.644612
2,1005.5390,442.3251,256,21.927388
2,19.5538,442.6166,198,16.270044
2,257.5135,438.4373,52,3.177855
2,372.8550,440.1546,90,6.638649
2,398.5331,440.1391,118,10.237731
2,530.9610,440.0101,71,5.486040
2,338.5861,442.9222,191,13.179855
2,681.3103,442.2017,121,10.361516
2,311.8560,442.3532,81,6.073121
2,514.6817,442.0267,75,5.256759
2,714.9551,442.6318,99,7.761220
2,897.4630,443.1301,60,4.063956
2,183.5562,442.9729,39,1.892763
2,448.3328,441.9263,17,0.465578
2,645.6902,446.4176,135,11.697351
2,756.4227,445.6800,96,7.634912
2,981.0488,444.9270,63,3.975653
2,485.2134,445.8618,64,4.289093
2,575.5620,450.3403,168,12.863175
2,701.8455,450.2737,116,6.247489
2,864.2995,446.4173,77,5.494030
2,918.0312,447.9118,126,10.979657
2,59.9110,444.0490,11,0.252915
2,134.8834,447.7843,80,5.816611
2,847.7622,448.1663,81,5.815422
2,938.2177,448.1808,73,4.985656
2,217.3976,450.2173,121,10.134447
2,782.1149,448.7916,66,4.337496
2,235.8574,450.1349,81,5.997763
2,827.9695,451.9217,136,11.589756
2,109.4183,452.1850,98,7.586834
2,433.5729,454.7130,156,14.266938
2,957.6477,450.9169,74,5.020324
2,71.2601,452.7004,87,6.160426
2,272.1794,453.0709,100,8.102813
2,195.9015,453.5266,69,4.528734
2,470.7168,454.0748,100,8.147476
2,553.4203,455.2927,130,11.552290
2,598.5681,455.1441,124,10.576710
2,169.0806,456.2544,156,14.107929
2,383.6533,454.4776,80,5.773736
2,740.6535,455.3645,118,10.290805
2,803.6813,456.3169,132,11.387888
2,881.1819,456.3770,126,10.794880
2,1023.7340,455.7657,133,10.456525
2,88.2014,456.6587,126,10.516976
2,769.0887,454.5022,44,2.412151
2,252.8162,457.3286,115,9.206122
2,291.3743,457.4949,152,12.605181
2,527.1440,457.9058,134,11.260412
2,147.9315,456.9525,69,5.178509
2,326.5726,456.0866,43,2.349885
2,363.0816,458.8025,140,12.466266
2,418.0041,465.2717,187,13.131786
2,627.8989,457.0200,45,2.656528
2,58.6229,457.3061,27,0.966641
2,397.8480,459.3974,63,4.410892
2,499.6431,460.2824,118,8.810711
2,41.9025,461.9294,158,14.439274
2,453.1491,461.2676,94,7.223561
2,666.0355,460.1666,85,6.037118
2,991.6609,460.6931,54,3.260600
2,24.2474,461.0831,41,2.098767
2,342.6383,461.7121,62,4.196324
2,900.5915,463.5604,109,8.624575
2,612.6859,464.3611,88,7.057404
2,645.8046,461.7769,25,0.973946
2,679.9552,461.7629,41,2.139864
2,718.8997,463.4589,63,4.421146
2,975.5164,464.8795,133,11.780207
2,314.1595,464.8407,97,7.667573
2,935.6342,462.2938,26,0.909726
2,125.5540,466.4339,109,9.022743
2,840.4724,464.6363,68,4.523453
2,950.5852,467.9699,118,10.168103
2,482.7164,466.7496,53,3.234501
2,866.8756,467.2039,83,5.962450
2,919.0103,468.2223,109,9.035146
2,195.3591,468.7426,93,4.298203
2,790.3398,468.6631,95,7.399275
2,106.3915,468.6424,55,3.681584
2,233.0104,469.9449,75,5.589561
2,764.5500,470.4918,118,9.598872
2,213.7767,470.7276,108,8.618416
2,692.2528,472.3829,136,11.786764
2,821.0561,468.5931,28,1.178964
2,631.4681,471.8140,101,7.755345
2,274.0685,473.1823,110,8.996513
2,536.2505,470.8781,42,2.084261
2,733.2122,472.7856,99,7.970380
2,549.4431,472.8917,60,3.755569
2,567.9645,475.9768,158,14.039961
2,1020.0499,474.8809,135,11.852412
2,148.2031,473.1187,100,6.511842
2,333.4591,475.0339,90,7.064307
2,383.2505,475.4758,135,11.563204
2,465.8210,473.5075,46,2.618762
2,509.5762,475.7629,144,12.312953
2,653.0966,476.2262,134,11.442911
2,56.8482,474.9684,70,5.265976
2,74.8731,476.8694,124,10.255518
2,850.7869,476.3638,111,8.926394
2,999.3217,476.4040,92,7.200135
2,596.4283,477.2460,90,6.722691
2,808.9917,473.8955,22,0.875438
2,15.5212,477.4925,76,5.082241
2,174.2918,478.2973,144,12.538290
2,247.4119,478.7364,137,11.828404
2,709.8613,478.4074,96,7.400007
2,446.1519,480.4530,146,13.103646
2,672.4845,477.8052,70,4.790117
2,891.3000,483.8911,172,13.796143
2,300.0742,479.9300,114,9.221925
2,963.9958,478.6345,42,2.483624
2,94.0440,482.6682,139,12.177181
2,354.2759,481.5105,175,15.774915
2,401.1307,481.6246,104,8.425058
2,31.5799,482.6052,124,11.016657
2,749.2211,483.7853,154,13.696138
2,482.4686,483.0706,99,7.359640
2,583.3741,480.9765,46,2.515019
2,825.2428,483.4765,119,10.228747
2,132.9387,481.4311,25,0.864227
2,779.5867,483.7966,109,8.539079
2,937.7449,486.1127,235,18.069438
2,117.5913,485.3617,100,8.021139
2,318.8126,486.9971,125,10.661836
2,529.2949,486.7024,99,8.014287
2,796.6183,483.2378,28,1.116538
2,873.6729,485.1045,71,4.611246
2,210.9758,486.6255,64,4.213940
2,420.9501,489.1217,116,9.433796
2,265.3283,488.5237,86,6.228753
2,160.2259,488.4842,50,2.960651
2,467.5549,486.9718,24,0.800974
2,722.5752,489.7850,86,6.560582
2,987.3787,490.6570,113,9.028284
2,227.0712,491.3787,89,6.372455
2,611.9351,491.9309,158,14.041707
2,632.0801,490.4273,89,6.564161
2,860.7182,489.2373,49,2.668174
2,195.6352,492.5471,101,8.015630
2,547.9199,493.8185,146,12.744930
2,687.5887,491.9071,83,6.116119
2,911.6806,492.3783,102,8.065924
2,52.6375,493.1516,108,8.754520
2,287.3546,492.5402,86,6.506501
2,498.6016,498.0591,171,11.050097
2,1008.7245,493.0026,86,6.421468
2,808.7557,495.5598,126,10.399629
2,2.9867,494.5979,83,6.276554
2,142.1937,495.5037,138,11.380590
2,668.1435,497.2786,174,13.588029
2,79.4844,495.6754,88,6.367659
2,382.6392,498.2079,119,8.200984
2,844.0723,496.8990,128,10.739570
2,966.2453,496.1558,105,8.628752
2,251.6347,496.2788,50,2.830457
2,458.8972,498.1851,96,7.295861
2,579.8588,497.7116,106,8.287633
2,106.8616,497.3472,44,2.490861
2,20.0247,499.9467,94,7.171846
2,176.7053,498.8631,66,4.381762
2,351.1591,498.4732,58,3.618155
2,407.5760,498.1145,34,1.550746
2,788.0701,501.1713,106,8.767794
2,274.3857,499.4594,30,1.045777
2,641.8524,508.6244,172,13.676245
2,701.5500,502.1332,92,6.895627
2,763.2792,502.5686,110,8.823279
2,476.7370,503.2449,99,8.031363
2,40.4929,503.1841,61,4.100859
2,304.7861,507.3784,183,12.908981
2,365.2059,503.8174,100,8.073249
2,733.8801,503.1868,76,5.465136
2,324.9738,504.4692,74,5.166269
2,439.4760,510.8541,202,16.871291
2,520.4381,505.0372,108,8.486692
2,564.7951,504.0266,66,4.414730
2,871.2499,505.1522,72,4.913962
2,887.9311,505.9780,100,7.904581
2,121.2197,508.3153,123,10.715527
2,209.9890,509.1800,171,15.602299
2,238.4362,507.7664,135,11.819717
2,827.2132,508.8070,148,13.299119
2,162.8809,509.0041,121,10.332182
2,715.9417,507.9627,84,6.160191
2,922.8984,505.8792,39,1.934871
2,935.8934,506.9959,67,4.139514
2,952.3626,506.7150,49,2.855532
2,62.0569,510.3131,138,11.811043
2,599.4533,508.7578,136,11.356632
2,907.8475,508.3222,60,3.849903
2,83.2153,510.3652,73,4.706585
2,397.7091,511.1856,100,8.053055
2,418.6135,511.1463,108,8.656238
2,537.6689,508.2958,20,0.570182
2,748.7047,511.5827,107,8.590560
2,977.6552,510.5179,92,7.160121
2,994.5984,511.3960,123,10.144593
2,1016.8323,510.2238,77,5.484825
2,99.4105,512.8190,112,9.101324
2,339.4688,511.8165,110,9.121821
2,282.2173,513.2005,92,6.938337
2,142.0337,513.5985,75,5.532317
2,858.5852,512.8197,74,4.756994
2,662.7011,517.2608,136,11.583304
2,11.1581,516.4251,85,6.477439
2,31.6700,516.7006,103,8.068844
2,187.0766,518.9247,172,15.492405
2,264.7259,517.5178,103,8.026610
2,553.4096,520.8677,169,13.706648
2,621.8380,517.3901,117,9.831641
2,581.6992,517.7838,79,5.452172
2,378.2923,517.5753,56,3.506943
2,486.1869,519.9025,130,11.088847
2,784.4390,518.2123,61,3.990049
2,457.3896,520.6604,124,10.911543
2,725.8575,518.6946,45,2.545764
2,804.3373,521.9889,186,17.351044
2,963.7256,519.0613,63,3.918340
2,691.7309,522.5212,154,13.504020
2,530.8578,520.6308,58,3.643229
2,765.6138,522.8773,126,7.669031
2,510.0519,523.7381,153,13.823934
2,927.0327,522.5918,82,6.102053
2,77.7274,522.9053,49,2.615307
2,227.5697,523.2571,80,5.867247
2,324.6370,524.9752,124,10.102804
2,907.8030,524.1124,110,8.956115
2,946.6333,524.4046,116,9.820024
2,152.3211,525.1362,78,5.144204
2,248.9315,526.4019,104,8.409562
2,361.1526,526.1071,104,7.902802
2,887.7093,525.9593,100,7.721458
2,128.9120,527.2296,98,7.942440
2,421.9784,527.5027,64,4.428295
2,852.0100,528.9767,118,9.819695
2,1005.7733,529.8616,156,14.007148
2,45.6432,529.8619,125,10.460039
2,345.5064,527.0871,47,2.782956
2,403.0954,527.3924,52,2.978068
2,601.0387,529.2138,122,10.173844
2,710.1566,529.9482,113,9.490939
2,389.1973,528.0580,51,3.125607
2,570.6943,528.3468,48,2.681597
2,113.4663,529.5414,52,3.394559
2,218.3919,539.9572,179,13.046895
2,283.5923,531.1393,92,6.960110
2,650.5287,529.4445,52,2.786838
2,734.6346,532.6867,128,11.076569
2,832.3280,534.4236,157,14.032545
2,1023.6299,532.5386,84,6.149702
2,173.9661,534.1577,115,9.472150
2,469.1014,530.7275,25,0.992233
2,634.6171,530.4484,32,1.560097
2,871.0781,533.3077,100,7.716044
2,21.7328,537.0127,151,13.542440
2,373.6056,532.1363,31,1.423641
2,64.7616,537.0858,122,9.965466
2,95.8424,536.1541,134,11.529377
2,308.9471,537.2504,134,11.100875
2,968.3659,536.4147,115,9.231446
2,783.8775,538.4013,132,11.428995
2,266.8192,537.4341,89,6.837719
2,539.8941,539.0812,147,9.338160
2,585.6104,537.4987,90,7.108937
2,145.2383,536.2413,29,1.111428
2,193.5842,538.4963,78,5.610762
2,481.2608,548.1534,203,14.994833
2,663.4587,536.1343,29,1.263189
2,750.8042,539.0338,87,6.177137
2,811.2767,536.6249,34,1.637399
2,438.9960,541.2494,117,9.070848
2,618.2322,541.2015,134,11.520460
2,989.0479,540.7365,104,8.371662
2,412.3993,542.2910,118,10.078026
2,459.5943,541.9131,91,6.970877
2,520.7374,541.0125,68,4.596186
2,643.1187,540.8810,67,4.395804
2,929.6271,541.0891,156,9.869044
2,903.7638,544.9327,123,9.033650
2,243.1203,543.5173,104,8.420794
2,355.0600,543.3621,68,4.818568
2,564.1955,543.0214,72,5.136317
2,679.3842,545.1939,172,13.734282
2,156.5108,545.4012,83,6.143961
2,116.6659,548.9360,170,15.673182
2,387.0801,547.8832,192,14.813895
2,504.1880,551.7510,189,16.743428
2,952.4246,553.5184,180,13.607875
2,295.4069,548.0010,90,6.743087
2,339.4962,548.7685,146,12.790084
2,884.9060,546.6600,67,4.590853
2,48.3678,548.8272,91,6.806354
2,2.6005,549.3744,88,6.336156
2,138.6638,549.0201,69,4.735665
2,321.4229,548.6215,52,3.168615
2,709.3117,551.3759,196,14.130556
2,769.2445,550.5215,59,3.363226
2,76.3098,551.9135,103,8.305947
2,279.6594,550.7100,66,4.411691
2,867.4192,551.9335,80,6.002743
2,655.7912,552.1890,76,5.400815
2,811.8791,553.2057,225,18.939507
2,846.5908,552.6051,141,11.024497
2,976.8011,551.1480,40,2.041064
2,180.6594,556.5415,92,6.217137
2,733.0186,554.0937,81,5.871248
2,1004.8434,555.8047,118,9.920539
2,201.4452,556.9187,159,14.575624
2,261.9233,556.8850,113,9.398638
2,448.0128,553.6033,34,1.487346
2,591.2688,553.9755,42,2.325186
2,20.5255,557.1313,94,7.310251
2,575.8218,557.9416,126,10.149798
2,608.8288,558.5312,131,10.905410
2,166.8613,556.5177,42,2.090090
2,426.1885,557.8839,93,7.077904
2,526.2977,555.0891,17,0.446933
2,634.7090,562.0094,192,16.285713
2,750.6329,559.0026,116,9.707187
2,785.7761,556.4420,40,2.067401
2,540.3968,558.7502,95,7.124805
2,556.4943,557.8758,58,3.332482
2,233.3600,561.1782,144,12.744952
2,365.8203,564.0418,193,17.827070
2,930.9913,561.0430,101,8.163437
2,40.8294,562.9383,110,8.704842
2,690.2311,560.7861,67,4.449222
2,88.7725,563.5528,141,12.340080
2,457.1694,562.5079,73,4.722420
2,150.5764,565.0369,129,10.972499
2,772.6551,563.5123,58,3.593985
2,989.0228,562.4163,45,2.609355
2,109.9490,565.0293,93,7.042514
2,408.7655,569.7556,170,13.047920
2,0.6231,565.1321,63,4.059911
2,304.9396,567.2792,143,12.780601
2,327.0044,566.9076,109,9.028932
2,881.6445,566.6611,164,11.263453
2,63.6156,568.0281,119,9.779355
2,672.2476,567.3882,105,8.488998
2,907.5629,573.8127,232,20.153190
2,972.3080,568.6611,130,11.463930
2,283.7218,567.5218,60,3.976701
2,131.7553,570.3660,95,7.547758
2,388.6194,569.9369,88,6.811566
2,518.2362,569.4206,83,5.944077
2,721.6736,570.1704,86,6.344981
2,344.8449,570.5009,78,5.422993
2,476.0823,571.7881,110,9.139685
2,840.2333,570.7223,145,9.222476
2,438.8715,571.1433,68,4.515065
2,786.5871,570.7685,61,4.041996
2,817.4287,570.1200,50,2.984937
2,496.1765,576.3599,141,10.498370
2,652.0877,572.6629,86,6.491361
2,610.4732,575.1612,97,7.802304
2,1006.8635,573.1411,72,5.046174
2,264.4272,576.0821,147,12.999135
2,27.4599,577.4613,136,11.860697
2,245.4020,575.3012,59,3.920297
2,583.3556,577.2152,156,13.977837
2,802.5849,574.9683,78,5.771750
2,191.1208,578.3321,137,11.318199
2,223.6762,582.7568,242,20.385261
2,533.1519,577.8512,129,10.873539
2,170.9958,578.2621,112,9.509271
2,456.4024,578.0277,90,7.055058
2,561.0145,578.9583,136,11.670900
2,863.1643,582.3050,167,13.379359
2,942.9927,576.0280,45,2.688787
2,955.1981,584.4211,118,6.356728
2,689.7102,580.4708,142,12.558377
2,709.7111,578.9505,91,6.720273
2,3.2612,580.8921,127,10.692707
2,48.8248,578.3335,43,2.405619
2,926.9014,579.8503,99,7.985122
2,989.6798,579.6362,78,5.477793
2,425.7263,580.6338,79,5.586807
2,762.1680,581.2798,216,18.421657
2,290.9320,581.8163,99,7.736184
2,320.0307,583.7941,84,6.117905
2,633.5663,583.9246,100,7.830091
2,662.0961,590.3067,144,8.889030
2,64.1451,584.1671,54,3.304801
2,103.7805,586.9741,142,12.355688
2,151.2302,585.9285,141,12.616790
2,378.5767,586.2408,150,11.934014
2,123.0671,587.2446,112,8.991804
2,337.3723,585.3785,40,2.171983
2,350.0779,595.9573,154,11.020867
2,516.7060,585.4088,20,0.686219
2,736.5582,592.4132,209,19.446229
2,841.3945,587.9450,85,6.228134
2,885.5686,588.4643,92,7.449917
2,83.6382,590.0397,132,11.671639
2,816.0301,591.4373,183,13.474313
2,1004.4480,588.4769,65,4.270866
2,397.4402,586.5520,15,0.360759
2,472.0675,589.5709,66,4.420023
2,438.9690,589.4867,60,3.974400
2,790.0656,592.2986,155,13.930204
2,973.0346,591.9452,103,8.384871
2,244.9993,590.6069,32,1.482596
2,414.9303,593.5917,108,8.989738
2,592.2062,592.2088,79,5.633629
2,608.2439,592.3310,67,4.509997
2,273.4135,593.6211,97,7.777774
2,485.8336,590.6869,14,0.296240
2,202.3230,595.9826,103,8.144583
2,17.8262,594.9923,65,4.150561
2,46.3142,596.6708,118,9.465368
2,544.7094,595.7320,145,11.409680
2,455.4180,598.0608,123,10.264733
2,297.1763,595.2090,18,0.473281
2,501.8903,597.4453,71,4.874031
2,1018.0371,597.1628,68,4.699983
2,66.9476,597.7574,43,2.409902
2,311.2777,598.5655,88,6.476266
2,705.8951,599.6763,151,13.505760
2,917.6982,599.2974,96,7.429197
2,992.1567,597.2265,45,2.569676
2,181.7014,601.1171,134,11.787020
2,519.8010,604.2993,182,13.752258
2,898.7984,599.6441,77,5.426145
2,939.3431,602.2950,158,14.388735
2,329.0109,599.7548,62,3.794125
2,369.4345,599.1241,45,2.486410
2,623.1000,601.3287,113,9.086725
2,677.7300,601.7982,115,9.429684
2,643.5598,603.0450,133,8.706221
2,256.8762,604.1935,129,10.764529
2,141.0020,606.3444,161,10.915111
2,567.7835,605.0650,132,11.522383
2,759.6212,602.6844,151,10.460867
2,836.2885,600.4517,18,0.509146
2,854.7307,605.0297,122,10.131120
2,162.6641,603.1359,51,3.143775
2,879.2299,608.3344,186,14.861226
2,963.4879,602.6652,35,1.737898
2,115.4087,607.1231,124,10.348733
2,287.4926,606.2177,87,6.438816
2,393.9057,607.0995,156,14.514356
2,234.3745,606.9820,98,7.686277
2,487.8337,606.9642,107,8.582672
2,9.4502,608.3743,90,7.068979
2,436.4057,608.6168,112,8.944619
2,31.9908,608.3924,76,5.371079
2,214.4515,607.6599,56,3.665238
2,586.2187,608.1749,70,4.953724
2,983.3955,607.4967,62,4.132141
2,607.3412,608.6422,60,3.750392
2,93.5935,612.5999,134,11.142137
2,58.9079,611.7524,77,5.662878
2,76.8184,611.3531,78,5.683460
2,725.2197,609.8165,39,1.927629
2,803.8112,612.1549,84,6.331379
2,324.8660,614.5649,117,9.555163
2,360.2043,612.7041,98,7.394514
2,546.1114,612.9694,97,7.553347
2,690.0469,613.3140,107,8.691708
2,1013.9775,613.3035,109,9.015878
2,419.2689,614.1812,97,7.599855
2,777.9038,615.0152,152,13.509475
2,822.1050,614.9413,128,10.799395
2,921.2941,614.3269,75,5.275129
2,996.8809,613.8401,38,1.826866
2,198.5827,615.5743,63,4.167063
2,273.2752,615.5205,55,3.458312
2,958.3343,618.9079,162,14.669233
2,842.3066,617.4750,73,4.908130
2,344.6990,617.2825,44,2.312793
2,469.2259,620.3829,123,10.394610
2,662.6580,623.5972,176,14.467773
2,163.7200,621.2213,147,12.946212
2,185.0032,616.8548,14,0.332639
2,305.6714,619.4159,83,6.139896
2,451.8892,619.9443,96,7.673303
2,500.6150,618.6575,59,3.633134
2,713.7897,617.9349,48,2.744065
2,250.7435,620.5413,84,6.475841
2,629.8120,620.0675,64,4.142286
2,746.0862,617.8448,22,0.799781
2,290.4389,622.4988,78,5.598753
2,731.9280,622.8602,78,5.585222
2,903.2625,623.5278,118,10.200793
2,18.3614,624.0242,91,6.912621
2,37.0406,624.1333,93,7.098905
2,213.9521,624.4532,111,9.558976
2,593.3330,624.4131,117,9.960486
2,613.5052,622.3959,54,3.371945
2,978.8230,624.8755,110,9.112545
2,144.5695,623.2421,50,2.862078
2,403.3005,624.8789,103,8.394458
2,576.3015,623.3963,57,3.761198
2,644.2000,625.2283,89,6.521691
2,56.0408,627.7888,103,8.132688
2,233.7177,627.4376,105,8.432262
2,377.8941,626.8118,138,11.080305
2,536.1310,626.1200,65,4.216565
2,797.1105,631.0817,160,10.780651
2,932.7968,628.0207,133,11.184444
2,129.8949,626.0822,39,1.703932
2,515.4558,628.8381,120,9.989279
2,852.3087,627.6286,72,4.760479
2,701.9956,628.4263,73,4.931367
2,758.4776,627.9831,78,5.927677
2,998.3199,630.5849,119,10.252857
2,117.3446,630.6538,99,6.983855
2,184.7063,632.6704,137,11.815869
2,270.9519,631.2733,100,7.894052
2,355.7720,629.2943,39,1.967572
2,869.1289,630.0817,75,5.575635
2,885.1388,630.1807,70,5.157435
2,338.1859,632.0783,111,9.156055
2,549.3394,629.9658,34,1.581932
2,1023.4555,633.4067,114,9.163579
2,318.2522,629.8762,22,0.813256
2,484.5868,632.4732,93,6.850037
2,683.5590,633.9899,124,10.256463
2,98.2320,634.5440,110,8.880415
2,834.5219,635.3924,119,9.163377
2,76.7308,635.7348,129,11.292055
2,430.4918,636.6046,191,13.892181
2,716.4997,636.4943,113,9.450311
2,740.3301,639.6081,146,10.448919
2,564.4249,638.2613,124,10.693822
2,774.0819,636.7090,94,7.263675
2,608.1561,635.0831,26,1.060281
2,623.9537,638.0816,116,9.559583
2,818.9608,637.7317,92,6.894493
2,392.5857,638.3177,63,4.229552
2,204.9974,641.5528,142,12.305162
2,294.7358,640.1088,149,9.428919
2,911.7019,639.4701,81,5.880942
2,33.8456,645.3747,132,8.030228
2,145.6898,645.0753,130,8.880075
2,162.3613,640.6401,79,5.717380
2,455.3537,641.5557,103,7.894601
2,948.7355,641.2013,149,9.233276
2,14.1884,640.5581,53,3.057417
2,256.2677,641.3987,77,5.539519
2,362.4270,642.6756,102,7.862579
2,534.9582,643.9060,164,14.876829
2,409.0247,640.9997,37,1.856676
2,584.4153,642.9821,78,5.748756
2,53.7473,644.9681,109,8.932099
2,318.7181,643.4032,77,5.396491
2,471.1953,642.7747,71,4.998004
2,236.1143,645.7378,137,12.102341
2,858.8183,644.6587,99,8.184392
2,128.3534,645.9881,95,7.503239
2,1008.7994,656.5908,211,12.281089
2,971.3977,646.3780,76,5.314112
2,670.1667,648.4151,112,9.120455
2,890.2119,647.7540,162,13.472557
2,506.4209,651.4991,181,17.195848
2,649.7634,648.9772,75,5.514870
2,339.4801,648.4093,53,3.272204
2,757.3179,650.5264,119,10.251317
2,990.4061,655.8272,181,14.910603
2,606.2695,652.5475,172,11.957220
2,86.4270,650.9469,61,4.143352
2,108.5704,659.9532,194,14.417202
2,177.2261,652.1728,121,9.950238
2,377.4665,652.2033,106,8.522617
2,699.7368,657.2102,188,14.336485
2,487.3880,652.8978,85,6.505082
2,268.8186,654.3921,112,9.460815
2,439.0423,654.5027,101,7.705846
2,783.5323,654.9350,141,12.846753
2,803.9727,654.1525,99,7.928612
2,557.9587,655.4580,106,8.924214
2,913.8443,654.8177,69,4.860872
2,69.3715,656.0914,84,6.166113
2,402.7272,656.5540,112,9.032955
2,722.4021,656.7417,115,9.432108
2,5.3952,657.4981,123,10.874475
2,931.4533,658.3641,133,11.714425
2,287.7906,658.7510,114,9.526683
2,308.1712,658.3757,99,7.642175
2,421.0373,658.0219,89,6.380908
2,849.1764,662.9584,236,19.286286
2,870.7671,656.9504,51,2.933273
2,634.2261,660.4673,146,12.838511
2,222.5875,660.4559,103,8.110322
2,355.6567,659.3793,76,5.482838
2,583.1098,660.0176,90,6.569238
2,950.4648,659.1582,78,5.521936
2,327.9766,660.5534,91,6.995447
2,127.7640,661.5406,58,3.927552
2,194.8972,662.4455,77,5.404518
2,659.7305,663.6848,116,9.405931
2,681.1074,661.7901,38,1.802137
2,741.4107,664.3441,111,8.858705
2,246.8959,665.4017,166,12.220814
2,343.0839,661.1739,11,0.261993
2,451.5725,663.6956,61,3.460136
2,469.8883,666.2613,160,14.326426
2,526.9163,664.6060,87,6.779136
2,966.9785,664.9867,139,11.778914
2,20.6875,667.5858,120,9.773773
2,143.8941,663.5202,32,1.446344
2,390.3607,664.6680,26,0.937494
2,819.7710,666.3982,137,8.252853
2,39.4492,669.1020,121,9.960049
2,158.1814,669.6008,141,11.956580
2,84.9188,670.3582,134,11.875718
2,179.7915,668.0940,58,3.543476
2,544.3025,669.1329,110,8.978157
2,57.9654,670.5735,110,9.195458
2,208.7022,671.0359,100,8.073317
2,762.8177,671.4249,131,11.891542
2,893.2729,670.3712,272,20.473880
2,373.1661,673.0570,134,11.445587
2,617.7844,671.9492,81,6.061381
2,792.0869,671.9547,99,7.858155
2,568.0577,674.7548,130,10.624059
2,348.7651,673.5897,66,4.186690
2,417.7327,671.0829,22,0.734078
2,488.7399,673.5398,96,7.613358
2,296.6696,672.5520,32,1.469422
2,316.9490,674.6929,78,5.902491
2,510.0133,674.5684,88,6.658767
2,726.2721,673.1375,34,1.574212
2,688.0407,676.5386,124,10.132734
2,401.3169,677.5375,116,9.669914
2,593.0865,677.0307,170,15.379798
2,270.2955,679.1608,159,14.177758
2,1023.6414,679.5475,111,8.724332
2,948.2941,677.1467,32,1.443498
2,129.8848,681.1705,198,13.938142
2,226.9310,679.9072,78,5.552267
2,835.4686,680.0095,97,7.293031
2,928.3459,681.2629,169,14.033863
2,443.1820,681.7796,117,9.587367
2,634.8166,681.5032,97,7.505151
2,984.3073,681.5853,115,9.501431
2,711.4729,682.9895,125,10.866916
2,189.7167,685.3784,126,9.861866
2,334.3252,683.5892,109,8.807775
2,526.6669,681.8801,71,4.904329
2,963.0009,681.6162,49,2.862209
2,106.5309,683.0191,56,3.295965
2,653.2652,683.9590,85,6.279902
2,670.9589,682.8309,69,5.021646
2,805.1214,683.2238,70,4.426388
2,291.7066,687.0046,122,8.606906
2,423.2134,684.2458,100,7.604878
2,551.8243,683.0974,32,1.220709
2,868.2808,683.4816,104,5.437610
2,242.1396,688.0858,120,7.950677
2,730.3152,686.6913,95,6.861413
2,77.1643,686.7475,78,5.280833
2,999.9333,684.5863,39,1.831981
2,615.6859,687.6944,73,5.063004
2,755.8571,687.2739,67,4.890362
2,57.2909,690.1838,134,11.457860
2,170.2985,690.4745,134,11.663899
2,384.2657,688.9434,107,8.848560
2,463.4674,689.8581,131,11.593919
2,774.6575,689.2912,116,9.600716
2,506.6848,689.4944,71,4.647174
2,818.0703,689.9405,90,6.511651
2,894.8903,690.6361,106,8.679197
2,313.2237,690.9744,100,7.838667
2,21.5647,693.6789,171,15.272366
2,92.0295,691.3859,74,5.076731
2,357.1172,691.3952,161,12.944307
2,790.4818,690.1233,46,2.581220
2,483.3627,697.9999,221,15.939857
2,571.7145,691.7931,48,2.619199
2,948.9243,691.6444,58,3.595874
2,206.8404,694.0540,98,7.563750
2,546.4211,693.1428,98,4.266305
2,151.3435,694.4155,82,6.013047
2,256.1753,692.8165,36,1.677465
2,594.5034,694.3859,85,6.262112
2,912.5753,694.1730,58,3.414570
2,224.1772,694.0313,45,2.673360
2,1021.8019,696.4869,102,7.982780
2,685.1343,697.5164,108,8.958111
2,970.2821,698.6311,140,12.534162
2,740.7059,698.1193,110,8.567564
2,997.2526,699.4640,122,10.244503
2,39.3710,698.7964,69,4.643544
2,526.6556,700.2896,129,11.100385
2,445.3329,699.7771,88,6.713871
2,701.9645,699.7238,85,6.172271
2,856.3224,702.2787,166,14.881443
2,107.4062,701.7033,133,11.234736
2,129.7351,700.8750,109,9.074373
2,274.4324,702.8957,177,15.794276
2,412.2321,702.0389,148,13.100353
2,667.2305,700.7241,84,6.371552
2,833.9451,701.3177,123,10.344171
2,876.3205,700.9049,84,6.131138
2,928.7524,701.1512,100,7.925446
2,649.6043,707.3222,187,15.085167
2,628.9445,704.0160,111,9.446815
2,802.4090,703.2237,89,6.825230
2,329.8907,704.3960,119,6.897836
2,430.5523,702.0153,35,1.586875
2,391.4040,704.4927,80,5.900565
2,583.1578,703.8469,31,1.298866
2,76.0510,708.2266,128,10.900728
2,255.9020,704.3920,18,0.506477
2,560.3805,707.9166,142,12.342130
2,607.5764,706.8682,114,9.755994
2,779.7625,707.8896,115,9.707593
2,161.7029,707.3173,63,4.337406
2,193.6955,714.7001,172,12.312425
2,229.1559,708.4599,91,6.965581
2,894.7610,708.1863,102,8.226705
2,54.2689,708.0304,66,4.639309
2,506.0013,710.3441,128,11.367124
2,725.5480,708.8977,85,6.555316
2,818.8118,707.3394,39,1.850187
2,372.8532,710.4973,113,9.581789
2,756.0041,711.0202,138,11.936472
2,306.7889,711.7140,133,11.572656
2,956.2674,711.6849,120,9.820771
2,176.7542,711.2297,64,4.017522
2,212.7398,711.8564,80,5.639882
2,913.1157,710.9485,60,3.804007
2,1020.4033,712.8234,90,6.832346
2,94.6306,712.6702,60,3.897536
2,354.7568,713.8521,99,7.731907
2,709.7861,712.9417,65,4.201839
2,983.0232,715.2513,95,7.180966
2,29.2195,715.8023,98,7.824428
2,142.8110,717.8287,141,12.672306
2,246.2239,718.0747,136,11.773546
2,433.9984,713.2651,10,0.210422
2,449.1011,722.0846,223,16.748650
2,940.6043,716.1399,74,5.018571
2,12.4570,717.3579,77,5.418595
2,576.0012,719.4933,123,10.491347
2,684.2347,716.3290,50,2.886038
2,998.5212,717.1992,67,4.302755
2,529.5166,718.4310,78,5.439679
2,119.6044,722.1361,143,12.118534
2,876.7385,718.2242,53,3.289500
2,491.2442,720.2373,89,6.675941
2,594.5884,721.4697,108,8.341207
2,621.7025,720.7849,77,5.302590
2,669.4347,721.0840,85,6.455843
2,844.2689,717.6905,20,0.662837
2,325.3620,721.8188,103,8.256271
2,406.2425,724.0610,156,13.402647
2,798.5569,724.7686,153,12.253519
2,57.2615,724.6433,127,10.651933
2,292.4011,723.3899,92,7.025648
2,386.5832,722.7975,62,4.182186
2,823.0861,725.2580,135,11.529300
2,928.6134,729.6632,154,10.899034
2,472.2344,726.1201,124,10.500445
2,698.6110,723.9301,75,5.109730
2,83.9135,726.3245,92,6.862589
2,160.2433,723.8644,42,2.366147
2,343.3568,725.3022,81,5.754191
2,546.6470,726.7472,134,11.857877
2,768.0430,723.4378,28,1.095591
2,780.6245,724.6150,47,2.384030
2,892.0301,725.2940,73,5.130166
2,731.8398,726.7018,144,10.873072
2,910.2857,727.1257,84,6.222544
2,262.2674,728.0371,112,9.262794
2,211.1710,726.1842,29,1.148523
2,639.5936,731.3991,144,12.464364
2,861.7593,727.5737,121,6.825973
2,1013.1255,730.0915,133,11.287722
2,424.0823,731.2243,136,11.757772
2,174.4418,731.0107,108,8.721416
2,512.7441,735.7929,185,13.934128
2,971.8129,732.6502,160,11.339720
2,712.0856,731.5416,76,5.093280
2,101.6057,738.6097,181,13.383454
2,225.0336,733.8258,123,9.894691
2,362.5281,734.4387,155,10.971411
2,685.3875,733.4159,92,7.359034
2,754.1210,734.0779,136,12.122651
2,839.5688,731.9932,58,3.642678
2,15.2817,736.4519,126,10.619380
2,40.5975,736.8543,175,15.271866
2,278.1744,733.8859,59,3.714066
2,304.2390,733.1661,35,1.554583
2,607.8151,733.6586,57,3.548408
2,658.7439,734.4876,69,4.611771
2,994.5243,737.0725,90,6.998377
2,385.9399,737.1910,66,4.274983
2,489.6175,737.6833,72,4.968393
2,948.4783,737.7459,102,7.960836
2,190.5177,737.7351,69,4.651476
2,206.2617,738.3984,63,4.122400
2,242.4678,738.1160,58,3.824915
2,536.4613,741.4703,85,3.500071
2,76.1531,739.7037,94,6.914679
2,155.5429,739.1405,75,5.265670
2,316.9763,739.6828,81,5.783662
2,775.3454,739.1325,76,5.388367
2,879.9526,741.6867,145,12.967116
2,132.0136,741.8090,183,13.450099
2,334.8369,740.2031,64,4.089715
2,591.5122,742.0046,92,7.199314
2,624.3455,742.1293,108,8.665315
2,813.0738,742.1769,98,7.948374
2,557.7734,742.4903,92,7.037083
2,900.3442,741.6977,66,4.346100
2,293.1447,742.7241,61,3.827246
2,472.2773,743.7885,56,3.542741
2,725.1096,744.2293,66,4.401346
2,856.7561,746.4013,135,11.938255
2,573.6287,746.0599,91,6.610375
2,454.6355,747.6921,127,10.204110
2,60.4676,747.6010,74,5.207352
2,787.8888,747.6150,94,7.104090
2,254.9316,747.9795,49,2.990971
2,270.9982,748.4634,89,6.658263
2,672.0027,748.2160,76,5.602209
2,831.8402,750.4273,139,11.878438
2,961.5828,746.8674,43,2.473834
2,171.6779,749.5463,82,5.955736
2,707.1894,750.8652,115,9.661416
2,432.6353,750.5572,96,7.610885
2,917.5817,751.7827,133,11.778104
2,1008.3011,749.5867,54,3.463698
2,361.4186,749.3122,31,1.262846
2,390.4545,751.4081,88,6.461267
2,487.5694,752.0717,79,5.362876
2,607.6198,751.2835,78,5.574022
2,759.5653,751.2819,68,4.610349
2,986.0534,752.1975,101,8.283667
2,0.7279,753.7985,101,7.821401
2,30.8345,752.8766,73,5.109607
2,373.1675,751.7142,56,3.255734
2,413.0913,753.8346,115,9.187151
2,521.1032,752.4831,96,7.593145
2,649.8959,754.3495,147,13.242353
2,225.0276,751.9117,37,1.646134
2,687.0145,754.3856,97,7.406001
2,736.5748,754.6513,109,8.280813
2,939.4311,756.2752,127,10.670750
2,328.4677,755.0553,106,8.427923
2,209.5908,756.0002,108,8.780520
2,241.7646,755.7676,108,8.578200
2,75.2010,755.6329,49,2.751226
2,192.3731,756.5165,78,5.420102
2,308.7166,755.5996,51,3.043429
2,540.7243,759.7565,96,7.302142
2,803.0667,759.3840,91,6.807394
2,107.2558,760.0439,85,6.242699
2,137.6995,759.1422,121,8.982899
2,18.9489,761.3459,97,7.091884
2,49.9281,761.0191,104,8.467337
2,158.0269,760.6886,102,8.274502
2,294.2620,762.3044,140,12.110553
2,557.9770,758.6917,24,0.953071
2,967.1877,761.8128,129,10.988501
2,88.5498,761.4884,83,6.064995
2,349.7458,764.0782,157,14.183961
2,501.1118,761.6602,68,4.779163
2,595.5439,758.8015,14,0.352113
2,622.7118,762.2227,106,8.704982
2,877.1712,759.4453,36,1.815221
2,895.2715,763.3827,138,11.945200
2,577.6167,764.0331,138,12.018360
2,665.8069,762.7770,65,4.312883
2,847.6035,764.5875,120,10.437593
2,271.7140,765.4353,97,7.603672
2,768.6192,763.2758,49,2.641003
2,751.0915,766.1283,97,7.574248
2,785.4240,765.9306,101,7.793211
2,997.1848,762.8404,22,0.796359
2,382.4666,767.6499,110,8.827591
2,439.9225,764.9183,37,1.856681
2,460.2732,767.8872,191,17.801269
2,401.7810,766.4541,58,3.683857
2,709.6322,767.9661,95,7.308563
2,817.1377,767.3708,71,4.708804
2,120.3349,768.7996,81,5.775850
2,175.5125,769.7205,111,8.990222
2,484.5238,769.7732,104,8.387210
2,1010.4173,769.8760,106,8.173480
2,315.7582,770.2129,73,5.169684
2,602.2224,770.7491,89,6.958630
2,925.1197,770.3058,88,6.542606
2,254.8692,771.4774,87,6.647049
2,864.9090,773.0553,116,9.646448
2,6.8941,772.7301,88,6.350150
2,234.8321,773.2874,97,7.315657
2,416.7809,773.0329,95,7.151034
2,521.7596,772.8207,124,10.169452
2,690.5360,773.9227,122,9.970490
2,196.9868,774.7095,103,8.161129
2,65.2189,775.0983,146,11.360768
2,218.0204,774.9155,94,7.294491
2,643.6639,775.8968,111,9.167491
2,149.2914,777.0864,90,6.645155
2,331.4989,777.4701,112,8.804536
2,558.8775,777.9469,113,9.251419
2,907.9112,775.4333,44,2.458255
2,984.9307,778.3895,158,14.662050
2,108.9829,776.7952,49,2.800995
2,362.8440,779.3363,121,10.348541
2,431.2966,776.3712,48,2.564818
2,541.8350,777.6481,81,5.808659
2,670.2996,778.2737,117,9.767902
2,727.4516,778.8292,128,10.922453
2,943.7003,778.0674,101,8.267626
2,962.4715,778.8279,95,7.547396
2,763.7436,781.3652,132,11.712790
2,40.3734,782.0083,142,12.430677
2,90.8055,783.2003,164,12.168038
2,616.8263,783.5794,196,15.353694
2,802.8148,777.4977,18,0.527374
2,837.3069,781.6416,97,7.528170
2,882.0234,781.4337,123,9.003947
2,503.7305,783.0740,136,11.463239
2,580.2445,782.2879,97,7.843005
2,291.5607,794.3439,273,20.333187
2,394.8216,785.3279,129,11.053162
2,787.2379,784.2075,125,10.644887
2,816.3979,788.3894,172,14.535719
2,16.1446,783.8826,54,3.269785
2,275.6993,784.8916,78,5.779217
2,130.0782,786.4140,137,12.187207
2,1004.0221,787.0081,102,8.409976
2,183.1685,788.5059,106,8.525234
2,314.7709,787.8885,84,6.094647
2,457.5338,786.8974,61,4.258155
2,1021.6265,785.0669,16,0.475960
2,206.4143,788.1544,73,5.059519
2,237.4136,787.4257,47,2.454644
2,259.7371,797.4151,243,20.665257
2,438.6594,789.6649,112,8.946357
2,476.5365,789.3531,119,10.189545
2,917.5787,789.3789,117,9.628537
2,708.6958,790.4029,126,10.936798
2,742.6470,791.5629,113,9.037254
2,341.9884,792.9520,123,10.387906
2,853.7509,792.2497,92,6.985807
2,417.9142,794.6059,147,13.110119
2,594.4997,791.4175,32,1.445646
2,644.4808,793.7707,79,5.667863
2,28.2875,795.1689,92,6.815086
2,112.9520,799.8569,113,5.937500
2,151.6265,798.3380,149,11.363312
2,368.0698,794.9132,76,5.391216
2,548.2639,793.9110,70,4.871087
2,661.5156,794.4659,85,6.509614
2,895.2448,796.6101,180,16.451767
2,938.1730,799.6548,197,14.273739
2,54.2246,796.4004,123,10.297881
2,687.8786,796.9974,139,12.139218
2,169.8198,796.2470,66,4.235262
2,491.9290,796.0034,69,4.452731
2,519.9021,797.8205,137,11.993458
2,6.8776,798.3329,104,7.916524
2,78.7998,797.6937,120,8.705062
2,563.8889,796.1650,43,2.369409
2,223.0285,799.8005,101,7.678855
2,834.8347,798.4171,70,4.690635
2,384.6237,799.5446,77,5.396052
2,624.0368,800.0934,118,10.113827
2,761.4955,797.9963,34,1.550874
2,961.2354,806.4874,189,15.038406
2,577.6869,800.2034,79,5.576133
2,777.6083,800.4729,79,5.685702
2,983.0037,803.5543,136,12.081683
2,727.2581,802.7720,99,7.804092
2,309.4857,804.3144,92,7.354088
2,453.8704,812.7639,262,19.947996
2,869.3459,805.4888,144,12.873250
2,1007.9103,804.8646,120,10.248339
2,200.7761,805.3345,96,7.277011
2,132.2765,805.6305,92,7.165201
2,239.4637,806.0319,103,8.099702
2,597.8561,808.4783,164,14.530222
2,798.5599,807.1936,165,15.261586
2,96.9221,805.5421,43,2.250123
2,185.6623,806.1857,41,2.133913
2,540.3956,808.2071,119,9.664342
2,749.3800,807.3548,62,4.117429
2,326.1221,810.5451,83,6.037284
2,398.7067,810.7200,110,8.933751
2,660.1406,810.5167,69,4.677176
2,845.4039,810.6483,88,6.974023
2,344.8542,811.7549,79,5.528476
2,371.5673,811.7622,84,6.460615
2,644.7071,811.0658,79,5.894873
2,15.8155,810.7811,41,2.197964
2,62.6641,813.0916,89,6.741500
2,492.0821,813.4124,102,8.178946
2,0.8068,811.0559,21,0.555569
2,417.2953,814.5151,102,8.266015
2,434.0203,813.3146,65,4.252509
2,677.5066,814.9017,113,8.750200
2,714.0916,814.4265,102,7.961194
2,767.1960,812.6315,65,4.451157
2,917.5285,815.6775,196,14.705460
2,45.9007,815.1410,66,4.182174
2,170.5565,816.7637,124,10.712378
2,509.1961,815.4970,86,6.722264
2,31.1226,815.9332,77,5.355995
2,212.1179,814.5933,37,1.697105
2,275.3099,816.2335,85,6.602158
2,566.4280,817.1412,102,7.935776
2,697.1734,817.2673,103,8.161422
2,827.4871,818.4029,130,10.976079
2,85.8669,818.9890,126,10.823035
2,472.2923,818.7854,128,10.887623
2,525.3967,816.1338,48,2.709236
2,622.0541,821.8062,153,10.368551
2,888.7571,819.5670,113,9.243070
2,106.7743,823.7754,156,11.386485
2,737.8295,820.0907,98,7.780749
2,152.9291,819.9893,54,3.183582
2,224.8431,820.1835,79,5.479239
2,357.1453,820.0242,57,3.386432
2,311.8434,819.8977,41,2.177658
2,1001.6153,822.1153,118,10.319698
2,122.5310,820.5241,32,1.517218
2,191.9720,823.6296,110,9.373301
2,248.9958,822.5824,61,3.709424
2,584.2916,823.7779,100,8.073750
2,978.7547,824.2345,111,8.691853
2,784.1671,827.4509,166,15.450693
2,811.2029,829.2809,161,10.418125
2,20.0684,824.9164,71,4.604048
2,291.7056,825.9900,98,7.695460
2,135.3218,828.5820,142,10.819918
2,381.5427,826.6795,141,9.220268
2,852.7768,826.6622,99,7.808408
2,870.0419,826.3387,79,5.779067
2,943.9895,827.8369,136,11.610757
2,324.4779,824.6255,15,0.407848
2,552.9020,828.0858,105,8.654469
2,0.5856,829.8654,145,12.826825
2,651.2144,828.6257,87,6.550999
2,339.7774,829.9766,103,8.158421
2,57.5364,830.7984,77,5.539072
2,263.1412,829.9520,76,5.575957
2,603.2452,829.6310,62,4.138718
2,759.6559,830.7022,157,12.502256
2,965.3832,828.1996,30,1.240776
2,40.0225,831.3364,71,4.963088
2,238.7550,830.1605,44,2.400268
2,159.7556,831.5450,55,3.417281
2,208.5584,832.0488,76,5.114844
2,502.5545,831.8415,64,4.310328
2,522.7546,832.3485,87,6.465753
2,684.3564,832.3361,81,5.816731
2,713.8565,832.8013,73,5.251134
2,904.4036,833.9906,118,9.822003
2,415.0470,833.3660,81,5.940899
2,307.1980,834.4075,79,5.541178
2,481.6353,835.2115,132,11.367253
2,538.0780,834.2367,69,4.755046
2,832.6664,833.0000,40,2.023715
2,397.8803,836.0618,84,6.221833
2,439.2494,838.9884,208,17.827614
2,82.5443,838.4650,159,11.902884
2,357.7491,837.8275,97,7.501974
2,889.4946,835.6227,32,1.590977
2,630.3450,841.5064,172,15.757597
2,665.2340,840.1182,114,9.342990
2,734.3652,839.2736,120,10.296553
2,224.1398,840.0581,107,8.741028
2,698.4187,839.1569,66,4.332428
2,576.8460,839.7322,66,4.520859
2,250.1652,841.9285,87,6.352952
2,286.2907,841.3982,83,5.978999
2,321.8203,843.8264,147,12.910648
2,988.5546,841.6285,96,7.434655
2,189.2755,846.8549,175,15.572644
2,866.4427,842.9676,80,6.012099
2,919.5985,842.5189,82,6.034760
2,955.4061,842.3955,74,5.015021
2,12.8457,841.4957,36,1.720214
2,146.1181,842.3458,42,2.231729
2,168.3547,844.6073,113,9.110929
2,592.9986,844.3437,75,5.211908
2,850.0873,842.9550,45,2.440723
2,935.1640,844.7907,87,6.396700
2,52.6088,845.6336,88,6.494880
2,119.2014,846.6405,133,11.291486
2,380.0822,846.0881,98,7.671494
2,559.6586,845.0395,79,5.774086
2,973.5040,845.9708,93,6.884575
2,1008.9090,850.1208,205,16.839469
2,267.5610,853.8453,197,13.405028
2,609.2991,846.9129,80,5.944133
2,343.1369,846.6246,44,2.409123
2,464.7357,848.1438,105,7.889324
2,517.1448,847.3772,66,4.548688
2,645.9450,846.2163,38,1.811740
2,759.5988,847.1663,55,3.499444
2,784.8447,847.0795,69,4.741519
2,825.9985,846.3436,53,3.094241
2,31.9480,848.9934,104,8.383645
2,494.4527,854.1031,201,15.284940
2,803.9812,849.3855,121,10.207464
2,881.7483,848.1900,65,4.330502
2,541.9164,848.2458,40,1.912837
2,713.1247,849.6404,92,6.984923
2,69.0969,852.3250,87,6.537935
2,415.5391,852.9381,187,15.441869
2,101.2954,853.7805,89,6.919322
2,9.2386,857.8866,185,16.775854
2,135.5738,852.9312,35,1.589613
2,151.4368,855.4427,78,5.508759
2,362.6489,855.9830,91,6.768986
2,682.7747,856.1266,104,8.217703
2,748.2056,856.1195,98,7.532349
2,904.2154,856.9427,112,9.585883
2,241.9439,857.5865,119,9.911962
2,698.2784,854.9878,27,1.160454
2,839.7153,858.5767,145,12.737030
2,220.1844,858.6003,104,8.080660
2,288.3383,857.9286,98,7.129417
2,573.9700,859.6710,165,12.089382
2,730.9237,858.5113,68,4.471938
2,772.5387,860.0776,120,10.199981
2,953.6170,858.8543,95,7.221055
2,475.1243,857.2071,30,1.248126
2,528.5512,860.5558,110,8.722822
2,659.6309,860.0777,160,14.298854
2,392.1886,859.3654,44,2.336963
2,443.6922,861.5286,126,10.542683
2,551.2506,860.2178,75,5.189579
2,860.4225,861.8235,125,10.866311
2,921.6266,857.7446,19,0.592778
2,47.6928,859.9020,46,2.588928
2,84.8755,862.6261,123,10.515299
2,936.9753,860.4424,39,1.975796
2,627.5987,863.1003,105,8.431003
2,202.2639,863.9760,93,6.881762
2,301.8458,861.4448,39,2.034661
2,339.7720,865.0379,149,13.518514
2,604.0942,868.6270,213,15.830247
2,823.7900,861.5685,29,1.265300
2,884.5373,865.0587,137,12.243102
2,163.5436,871.4427,219,16.044465
2,323.6880,862.6212,44,2.256103
2,792.6827,866.7225,102,7.781960
2,974.4789,865.7955,118,9.853197
2,31.5001,864.8290,43,2.165151
2,514.8820,876.5728,200,12.964339
2,123.3599,865.3552,29,1.106665
2,62.6428,867.9939,56,3.495769
2,378.8968,871.2759,156,13.281232
2,714.8534,869.5634,130,11.384611
2,104.8310,874.3039,152,10.662866
2,138.0035,871.0936,130,11.054473
2,926.1537,870.1280,86,6.072322
2,400.7204,869.4142,50,2.706835
2,991.6659,871.0798,91,6.927917
2,185.6741,872.7268,99,7.791399
2,277.2220,870.7470,49,2.775984
2,417.9065,871.0828,79,5.649365
2,692.7140,872.1861,90,6.710928
2,311.1932,873.2793,87,6.338373
2,472.8550,872.0191,69,4.821263
2,812.3842,874.1400,147,13.312048
2,20.0510,871.3056,20,0.643640
2,231.2723,873.4070,69,4.710196
2,731.9729,872.4428,26,0.949253
2,539.2182,876.8194,138,12.073584
2,46.9307,877.6156,120,10.284823
2,357.6592,877.9448,133,11.804982
2,673.0771,876.8390,96,7.487079
2,954.1583,876.6648,97,7.708372
2,293.8842,877.5697,85,6.351866
2,458.5530,878.7122,102,7.917101
2,574.8854,878.1106,104,8.727985
2,752.2437,879.4257,150,13.791649
2,252.3257,878.0469,79,5.600319
2,651.0456,880.4032,145,12.858552
2,1008.2475,881.5353,135,10.803936
2,2.7635,880.5535,103,8.339351
2,494.6945,881.0311,124,10.122537
2,630.5759,879.4333,72,4.945632
2,906.9492,880.0088,118,9.953627
2,438.1602,881.1843,114,9.337238
2,775.6050,882.5729,162,14.862894
2,859.9728,880.2728,82,6.085869
2,216.4454,885.2348,171,14.547787
2,831.7021,883.7897,142,12.429246
2,936.6956,880.6291,52,3.003668
2,324.2527,883.2403,96,7.247692
2,880.3727,883.1790,97,7.733588
2,26.7137,884.8446,104,8.595035
2,70.7337,884.6462,124,10.551657
2,395.8381,883.9296,68,4.763119
2,411.5613,881.8788,17,0.549509
2,267.2976,884.2386,36,1.604153
2,590.8795,887.7950,145,13.397722
2,122.6667,887.4320,107,8.680475
2,557.1594,888.4215,129,11.220445
2,709.0578,888.9868,132,11.562223
2,975.8647,887.5503,131,9.413916
2,732.8808,888.6346,109,8.859044
2,170.1124,887.8021,66,4.360716
2,241.5899,889.6458,119,9.536599
2,279.8703,888.6963,85,5.793423
2,921.0853,886.8539,33,1.350261
2,479.0812,888.0266,45,2.707773
2,686.5133,889.6650,72,5.007288
2,90.0752,891.1627,92,6.993235
2,344.7029,897.3617,168,11.222771
2,375.1746,889.1901,19,0.568575
2,805.8255,891.6605,76,5.135108
2,847.0464,896.1355,141,12.058006
2,952.5614,892.6498,59,3.877684
2,197.3813,896.7164,163,14.843341
2,790.0119,892.6895,41,2.114089
2,421.6352,896.3067,109,8.782770
2,447.1339,894.2773,51,2.961712
2,620.7783,894.5348,61,4.075779
2,993.3099,895.7905,96,7.566880
2,41.3769,897.6986,119,9.982778
2,136.4175,903.5639,211,16.214134
2,259.3781,894.8633,38,1.923907
2,637.3076,896.3321,81,5.811905
2,106.2307,899.1322,123,10.457511
2,158.7873,898.1783,90,5.112109
2,299.8309,896.1384,134,8.614363
2,465.0039,897.8534,89,6.339038
2,659.1661,897.0127,65,4.190528
2,903.2331,900.0432,239,18.672814
2,180.7864,895.6725,20,0.644408
2,387.9385,898.6994,78,5.711881
2,405.2507,899.3911,87,6.615402
2,866.2750,899.2075,111,9.164760
2,935.2182,899.7583,137,11.796325
2,2.8897,899.5918,100,8.012341
2,60.0731,899.0054,69,5.028698
2,323.4469,898.7393,60,3.804489
2,368.1116,901.7369,118,9.606931
2,507.3635,901.6514,165,13.623947
2,536.7338,902.3966,195,14.635936
2,675.4287,904.1080,124,10.320132
2,726.0091,902.9972,74,5.055741
2,763.2145,904.1607,119,10.139116
2,815.9876,902.2086,82,5.874644
2,76.0411,903.7861,81,5.799275
2,225.5347,903.1054,68,4.618491
2,482.6189,904.9430,117,9.545195
2,604.5506,905.5426,147,12.946399
2,18.6718,905.6313,112,8.974613
2,274.9403,907.1065,131,10.803571
2,566.4382,905.7605,98,7.451716
2,971.8357,908.2011,126,9.512431
2,437.3975,905.9194,65,4.277782
2,697.5243,907.2916,134,11.580039
2,779.2217,917.0484,260,21.609634
2,581.5025,906.5739,52,3.434020
2,1002.0621,909.8255,148,8.993618
2,954.4224,907.5774,53,3.422803
2,179.7712,911.9139,108,8.717313
2,631.3828,916.5232,158,10.483613
2,745.2608,913.1936,177,16.323991
2,885.2109,910.8384,93,7.189469
2,253.5133,912.1142,84,6.144376
2,454.4546,910.9087,71,4.658552
2,831.0667,911.1777,75,5.490182
2,117.5026,911.8944,70,4.589173
2,322.0115,913.7435,107,8.541718
2,297.6659,915.2140,135,11.526112
2,654.0834,913.5022,113,9.390522
2,799.1013,912.6090,58,3.787593
2,36.3472,915.5438,88,6.644496
2,151.1808,915.8133,82,6.056043
2,236.7738,916.9588,134,11.719711
2,355.6019,914.9575,34,1.621686
2,717.6748,914.3988,33,1.536844
2,201.5469,918.0859,95,7.208588
2,372.7486,917.1275,62,3.745286
2,844.4829,916.4645,42,2.030339
2,409.5259,919.7215,110,8.836728
2,426.8330,918.2187,76,5.427110
2,87.2575,921.2578,127,9.751587
2,99.6953,916.4122,15,0.403950
2,216.1636,918.9305,69,4.685366
2,499.5937,920.8607,148,13.065012
2,815.9719,919.7903,90,6.481891
2,65.3929,921.9742,120,9.777424
2,340.0529,921.9576,113,9.426679
2,520.6387,919.1687,38,1.780402
2,555.3945,920.4055,71,4.946584
2,866.7763,922.5509,163,15.260954
2,923.9913,921.8923,173,14.180606
2,946.3283,921.1817,94,7.205520
2,1.8412,919.6342,32,1.288174
2,602.0088,922.9323,142,12.041492
2,16.6577,921.3975,36,1.853124
2,265.4742,922.9981,96,7.183096
2,541.9093,919.4644,8,0.149445
2,672.5433,921.8269,43,2.297277
2,1013.0205,923.7309,98,7.638149
2,110.2732,924.6523,69,4.649057
2,393.8464,924.8686,97,7.308351
2,444.1144,925.1586,88,6.424803
2,166.2557,926.0621,96,7.452793
2,480.6549,923.2456,26,0.911310
2,575.9755,928.7724,157,13.458642
2,706.1341,926.4860,105,8.430196
2,726.2716,927.1581,106,7.855815
2,464.7692,927.8178,127,10.566702
2,900.1587,927.1492,93,6.954303
2,531.9630,926.6893,65,4.152519
2,49.3621,928.0358,63,4.051846
2,308.7629,927.3260,27,1.007644
2,885.3630,927.5956,27,1.059278
2,184.2494,930.6508,96,7.496150
2,652.2903,931.8360,120,9.724439
2,688.7280,931.6634,114,9.288178
2,845.1616,931.5714,93,6.932842
2,971.9250,932.4157,163,15.048207
2,799.4761,932.0311,142,10.310938
2,995.1488,933.2812,136,11.878735
2,357.7585,935.1205,150,13.023092
2,10.0241,933.5377,69,4.454352
2,147.9406,934.6518,126,10.328109
2,230.5795,933.7177,83,5.989107
2,322.5409,934.2220,110,8.862803
2,432.0634,932.4632,28,1.204386
2,760.6442,935.0061,106,8.660243
2,829.3159,935.3408,96,7.706172
2,31.0539,935.8000,141,11.639069
2,122.5440,937.4079,135,11.497762
2,378.1482,939.6731,167,14.597659
2,516.9935,938.6939,144,12.329446
2,670.5394,936.8106,74,4.983602
2,277.4871,940.0164,135,11.801122
2,554.4519,937.0343,122,8.595420
2,945.7742,938.1101,100,8.033909
2,256.1292,939.4544,96,7.347487
2,627.8415,940.8183,156,14.178704
2,301.0809,939.7151,95,7.290080
2,410.0209,938.1634,51,3.064080
2,606.7021,940.5641,121,10.233418
2,79.6532,942.9504,160,14.436043
2,216.8401,939.9617,66,4.195598
2,914.5123,941.7872,131,11.412571
2,58.7164,940.8083,70,4.953159
2,482.5532,942.9108,116,9.366737
2,736.4372,941.3164,81,5.945557
2,100.9093,942.6049,84,6.436418
2,856.0013,941.0556,46,2.798983
2,893.0579,942.1395,59,3.601535
2,195.2093,942.9235,69,4.725704
2,498.4959,942.6498,62,4.161587
2,878.3588,943.8805,101,7.773722
2,1020.2409,944.9660,123,10.470879
2,446.3140,946.2360,122,10.290325
2,423.5882,947.3586,136,11.704536
2,537.1659,947.2123,101,7.978095
2,717.6576,947.7691,122,10.440840
2,779.3418,944.8890,35,1.526223
2,340.6961,948.7222,135,11.739458
2,807.1622,950.8069,166,15.428054
2,168.6807,950.8163,226,19.801753
2,393.8693,951.0573,137,12.279883
2,697.6241,953.3276,162,11.291157
2,750.7180,948.6640,55,3.503966
2,244.3210,951.9222,114,9.461757
2,466.2737,951.9894,131,11.437739
2,576.1316,950.9973,100,7.921535
2,657.8567,949.1561,51,3.085833
2,983.4654,948.9458,43,2.289313
2,35.2997,953.1610,96,7.575146
2,322.8195,951.7097,51,2.871376
2,765.4253,951.2221,45,2.333800
2,827.3082,952.1834,73,5.149627
2,966.7545,953.3990,108,8.798250
2,15.5743,953.6179,86,6.612266
2,208.0725,953.6148,93,7.130305
2,865.0269,953.7465,89,6.678305
2,144.7433,955.6333,85,6.279494
2,555.6384,954.3374,46,2.316070
2,594.2517,956.5709,101,7.921509
2,673.5167,955.7792,92,7.216401
2,930.8403,956.5051,197,16.827681
2,950.5169,953.3413,32,1.556616
2,54.3220,958.1952,121,10.225279
2,124.2747,957.2068,135,11.782171
2,262.7940,956.6953,76,5.399932
2,286.9084,956.2577,67,4.676112
2,306.4260,957.3584,112,8.711875
2,848.9382,955.0234,37,1.779705
2,1001.1008,956.6437,135,8.888963
2,99.0460,958.5471,102,7.783474
2,634.2921,957.4460,88,6.903376
2,364.7540,959.2703,117,8.905887
2,499.1212,960.5844,119,9.424563
2,780.1955,960.6263,121,10.219109
2,409.1869,959.4613,48,2.604206
2,526.2339,961.9856,137,11.830511
2,231.3544,962.9082,90,6.514302
2,438.9465,960.6479,30,1.329961
2,732.9478,964.3951,174,15.655122
2,897.3395,963.4257,140,12.551969
2,837.9537,963.8600,80,5.823333
2,1023.8344,964.7308,80,5.758005
2,76.3140,965.6026,127,9.248434
2,198.3882,964.4648,50,2.698149
2,567.7672,966.2882,127,7.891160
2,657.8304,967.2670,123,10.411655
2,754.8592,966.6820,107,8.938411
2,183.4388,966.7212,80,5.742762
2,483.7527,966.1240,67,4.538227
2,615.6962,966.3109,156,13.273435
2,345.4249,967.7549,85,6.467536
2,546.9862,966.7817,68,4.540237
2,973.9883,977.2722,216,16.718142
2,275.3752,971.3165,155,13.906971
2,35.6883,970.4866,73,4.764539
2,418.6016,967.9791,25,0.917671
2,446.4838,969.9595,51,2.883087
2,707.0648,971.3766,98,7.532702
2,914.8687,967.3865,15,0.417319
2,324.9714,974.6108,148,11.800272
2,394.4147,979.1657,185,12.857600
2,464.9456,972.0992,92,7.073781
2,949.8836,972.8511,118,9.480303
2,111.7998,971.7383,69,4.765081
2,688.9935,972.5669,79,5.324352
2,794.0807,971.0112,46,2.799438
2,872.2129,972.1766,81,5.758205
2,16.0619,974.4977,124,10.532022
2,154.9287,980.3943,220,18.028857
2,212.4030,975.8118,122,9.468212
2,593.6111,972.7565,62,4.138442
2,809.9937,974.2999,107,8.607591
2,854.7495,975.4641,128,11.044271
2,995.5657,974.0030,84,6.101663
2,250.7433,977.3091,148,12.431368
2,305.5923,973.3696,52,2.831844
2,134.1797,976.4376,118,10.164011
2,373.1592,977.0927,131,11.032304
2,430.9499,975.9184,105,8.644813
2,60.9480,977.8142,82,6.024568
2,99.1258,975.7063,41,2.008946
2,642.4238,977.9039,87,6.474312
2,825.4081,976.9745,64,4.216316
2,522.1738,976.6165,29,1.309042
2,675.6337,979.2161,97,7.441790
2,778.4437,981.2340,125,9.327759
2,505.6450,981.4554,117,9.671030
2,924.4515,980.8983,101,7.758866
2,353.9230,980.4521,59,3.740823
2,482.5303,982.5548,94,6.959909
2,761.4059,981.6689,70,4.816530
2,886.0389,981.8413,94,7.100738
2,85.0707,982.2127,61,3.836408
2,195.3883,982.9566,95,7.139617
2,539.9491,982.5738,99,7.652175
2,905.7466,983.2630,107,8.555818
2,1012.9501,983.2361,160,14.363461
2,173.2768,983.5927,75,5.166415
2,288.4125,986.0105,135,11.246780
2,730.8717,982.0235,37,1.774849
2,413.2768,986.0080,133,11.560232
2,340.1511,983.7655,25,0.954820
2,455.1501,985.9282,101,8.091436
2,32.2050,991.7894,154,12.166858
2,229.9327,987.5669,128,11.034366
2,568.9958,986.7251,91,6.960071
2,588.9544,985.9474,104,5.272644
2,612.3338,987.0576,115,9.390246
2,838.5145,987.0080,101,7.796749
2,307.5346,990.2141,92,6.967815
2,629.0544,988.6226,57,3.439131
2,661.1611,988.7540,66,4.347003
2,51.8304,992.4294,119,9.880296
2,119.6950,1002.1275,260,19.263767
2,696.5869,990.9158,99,7.866178
2,717.3536,991.0339,107,8.748166
2,742.5021,991.9271,112,9.041680
2,811.9244,990.3847,46,2.771116
2,73.7761,992.8317,102,8.157725
2,867.9039,1003.1145,245,17.024214
2,953.5258,993.6027,134,11.788458
2,988.2141,994.7478,128,9.631081
2,266.0798,993.8060,82,6.002419
2,553.7595,992.9980,67,4.491106
2,645.9274,994.2461,98,7.754511
2,795.1212,995.7663,131,10.876719
2,368.5941,995.1900,108,8.815539
2,8.7293,996.3177,106,8.489090
2,97.8630,997.4432,174,15.986707
2,479.4809,998.0639,99,7.750798
2,522.8680,999.0355,173,16.181114
2,184.0507,996.8912,84,6.109506
2,322.1832,996.8269,64,4.021589
2,350.0410,995.4069,18,0.545392
2,890.3410,996.7831,65,4.557667
2,931.9645,996.6390,52,3.031996
2,203.2072,998.1598,60,3.627250
2,433.6555,999.1551,183,12.707523
2,674.9885,1000.9162,137,11.855595
2,826.6958,997.4878,35,1.751878
2,917.9214,1007.5136,144,9.963553
2,166.0928,999.0987,33,1.432245
2,336.9527,1000.6635,98,7.403447
2,499.2586,1001.3637,129,11.267137
2,249.4944,1001.9824,113,9.130839
2,761.3737,1004.3018,160,14.367556
2,221.9311,1002.8550,98,7.738526
2,149.4544,1002.6804,53,3.072955
2,461.4575,1003.4665,88,6.691075
2,572.3353,1003.1104,72,5.024965
2,842.4400,1007.9445,224,18.083138
2,398.7461,1004.6494,96,7.250366
2,609.7311,1005.7737,93,7.115585
2,1018.4941,1004.7654,99,7.494033
2,279.6874,1006.8974,109,8.833803
2,631.6794,1007.7038,114,9.338641
2,725.3298,1007.6807,112,9.093887
2,58.7765,1005.2328,27,0.946642
2,308.7014,1007.0085,58,3.403079
2,590.5494,1008.5536,124,10.918918
2,813.2247,1007.8111,97,7.578962
2,1002.6432,1007.2555,64,4.255416
2,20.8471,1007.2613,39,1.818904
2,546.9129,1010.1983,149,13.539044
2,968.9919,1009.8885,119,10.272420
2,696.2850,1010.4025,160,10.654658
2,781.7328,1010.6396,128,10.901808
2,136.2409,1011.1584,106,8.240303
2,353.3234,1010.9438,76,5.233201
2,898.9282,1010.9364,96,7.213490
2,944.1031,1014.0919,162,13.522003
2,79.5157,1013.0820,121,10.203341
2,174.6158,1012.7671,96,7.286172
2,193.0886,1011.7058,45,2.574815
2,746.5451,1012.2887,67,4.461361
2,262.3244,1013.0364,47,2.719343
2,322.2563,1012.7542,28,1.150363
2,34.1184,1015.5817,80,5.816902
2,157.0978,1014.3742,54,3.405425
2,210.0323,1016.2628,113,9.181641
2,297.3652,1015.4311,65,4.129335
2,377.5716,1017.1223,217,19.316422
2,413.0259,1017.5168,98,7.633194
2,474.5566,1015.5159,52,2.848185
2,884.2101,1017.3736,99,7.612416
2,987.8660,1017.7047,94,7.205659
2,563.7702,1017.6175,39,2.113931
2,486.0393,1020.6774,21,0.679456
3,1022.7351,1.5508,87,6.514229
3,20.1370,1022.8118,114,9.008668
3,67.5059,1018.5344,124,10.999701
3,83.8098,5.2958,91,6.826221
3,119.2514,1023.8138,67,4.504450
3,134.9441,1.1367,79,5.637538
3,150.4847,3.5856,42,2.076315
3,176.1312,3.5632,128,11.103829
3,205.6412,1019.6422,97,7.701770
3,287.8330,0.0285,164,11.908127
3,348.0987,1023.3440,66,4.581576
3,364.8143,1022.6325,60,3.952781
3,381.9559,1018.5694,132,11.518212
3,407.9016,0.0938,191,13.665593
3,432.7177,1022.2992,111,9.129127
3,447.8261,3.6549,54,3.207673
3,474.4728,1020.9519,73,4.959970
3,495.3750,0.0539,190,16.939250
3,585.7027,1021.8124,72,4.987857
3,607.1906,4.3483,117,9.812441
3,688.0255,1019.3476,123,10.290206
3,752.5322,1021.3331,118,9.505362
3,770.8716,3.2418,92,6.744741
3,788.0936,1019.6197,105,8.359360
3,808.2313,1023.3671,95,7.500282
3,870.6142,1021.3893,60,3.923023
3,909.4059,1017.9399,175,12.975345
3,926.5455,3.2496,35,1.684617
3,945.8271,4.2865,197,16.994697
3,968.4750,8.4166,158,12.831926
3,986.5006,5.1458,96,7.782789
3,1002.3369,1.0833,82,5.985790
3,308.1899,6.8297,98,7.361118
3,628.8051,7.4924,142,12.128982
3,668.2183,5.3048,84,6.363678
3,713.4560,5.3253,79,5.403861
3,848.0723,5.1667,73,5.223248
3,826.8310,8.2138,120,10.178595
3,885.9113,6.1933,75,5.561551
3,50.9271,10.2976,156,13.337183
3,546.7915,7.8220,91,6.730764
3,263.5192,8.7579,106,8.399025
3,649.7914,15.6960,150,10.984813
3,699.8694,7.1753,22,0.715366
3,201.6185,12.4874,128,11.333532
3,564.6153,9.5199,55,3.516599
3,239.4983,11.9395,108,8.934773
3,462.7396,10.8211,50,2.721220
3,741.7491,11.8060,100,8.215755
3,97.6637,14.8290,115,7.303815
3,386.0089,11.9226,61,3.664480
3,910.8351,12.9118,110,9.154646
3,10.0689,12.4359,44,2.434824
3,277.9097,11.9220,34,1.403359
3,325.1202,14.2565,107,8.432253
3,864.1391,13.8159,95,7.475716
3,29.0655,16.3406,123,10.011007
3,143.4424,13.1705,31,1.334582
3,358.8086,14.8167,97,7.665202
3,519.6006,15.2431,118,9.627529
3,577.8859,12.3689,30,1.327330
3,683.1445,15.0999,109,8.922746
3,341.0776,16.2279,73,5.289634
3,476.0049,16.9780,85,6.088532
3,159.0796,17.8503,97,7.522540
3,223.2692,19.4713,134,11.454973
3,418.0683,17.7724,103,8.476595
3,593.8406,16.8137,71,4.965544
3,809.5592,16.8257,75,5.234740
3,1011.0256,18.7578,138,12.290008
3,779.8182,19.0063,107,8.811499
3,537.1975,16.6313,18,0.469183
3,722.1802,21.7882,155,14.277626
3,760.5428,18.7112,58,3.748513
3,926.8774,20.3090,71,3.032392
3,444.8266,23.3528,182,16.912798
3,498.5494,21.1137,101,7.833079
3,881.9739,21.7580,108,8.639225
3,127.9512,24.9679,252,19.366452
3,396.2272,23.8751,111,9.037148
3,613.7065,22.6372,86,6.732861
3,175.4327,23.1704,63,4.239298
3,297.2664,23.9840,98,7.785379
3,562.8944,23.2985,61,3.874420
3,838.7308,26.4324,168,14.833253
3,75.3219,25.0817,113,9.339905
3,270.2474,23.5714,45,2.386597
3,377.8490,26.3601,86,6.580015
3,5.1362,25.7126,52,3.004154
3,250.7777,26.4886,74,5.119087
3,699.6436,26.6954,90,6.870156
3,945.0545,24.0569,21,0.745419
3,579.4454,28.3433,96,7.612825
3,993.6159,25.8863,34,1.612738
3,43.0625,27.8631,73,5.365727
3,190.1000,28.5346,97,7.556172
3,797.1061,29.7217,122,10.294299
3,901.2646,29.2689,112,9.105757
3,979.9069,28.3177,70,4.869775
3,313.0837,30.0442,82,5.917280
3,546.0768,31.3063,138,12.206345
3,635.3425,31.8006,117,9.727630
3,749.5429,31.0372,109,9.123587
3,961.2788,33.3675,149,13.399931
3,101.3999,30.7817,64,4.449888
3,208.9727,29.6959,32,1.423900
3,464.4190,31.7516,87,6.769956
3,351.6971,33.9817,118,9.678111
3,482.2645,30.8818,43,2.382286
3,857.6289,33.9762,130,11.314913
3,424.5262,35.5924,150,12.953320
3,524.4349,34.3458,116,9.792656
3,660.6530,35.1439,128,11.011270
3,817.5461,33.9322,102,8.077904
3,934.7614,31.2132,19,0.570491
3,21.6880,40.1385,166,11.677958
3,280.8083,33.9031,56,3.477214
3,595.6448,33.9361,66,4.600122
3,679.3262,35.0601,99,8.009708
3,331.5968,37.0284,130,11.005691
3,63.0017,36.9136,63,3.934856
3,154.9081,37.5218,85,6.262502
3,173.1995,36.5242,46,2.504895
3,263.8005,38.3007,108,8.756125
3,502.5103,38.4426,118,9.804672
3,1006.6677,37.1375,72,5.073625
3,238.0692,39.7390,122,10.124593
3,767.0075,41.4866,124,9.789329
3,2.1980,41.0187,83,5.794741
3,85.8663,41.6681,107,8.867441
3,115.3166,40.7689,103,8.196697
3,294.3997,38.1078,21,0.707651
3,609.3764,42.5994,130,11.028350
3,734.7319,40.6933,72,4.968582
3,919.3401,41.7457,120,10.122019
3,944.4526,39.7176,61,3.917402
3,697.5725,41.3498,63,4.207599
3,715.8992,41.6160,78,5.541830
3,881.6325,41.5702,84,6.039833
3,366.6502,44.8025,139,9.428715
3,401.8254,43.0512,88,6.311907
3,46.4560,44.8750,110,9.143981
3,220.9968,43.6124,66,4.564207
3,476.3781,43.1817,63,4.075137
3,202.8522,46.3631,136,11.980395
3,561.5751,45.9024,108,8.964547
3,991.5364,48.5088,142,10.728196
3,630.1294,45.9669,73,4.868358
3,787.2258,46.3788,98,7.723886
3,897.1437,44.3591,51,2.904082
3,975.1004,47.7083,69,4.745722
3,386.9346,49.1688,91,6.861776
3,132.8305,50.9088,122,10.407309
3,303.7057,49.7419,93,6.953247
3,534.5507,48.1476,33,1.515519
3,581.7959,50.2535,112,9.123325
3,805.8088,53.5024,142,9.167021
3,164.2394,50.6161,82,5.915655
3,182.4370,50.3054,81,5.734248
3,72.4743,55.9689,132,8.588193
3,284.6630,52.0107,107,8.624135
3,748.1250,51.6356,76,5.306372
3,1015.2400,51.0822,54,3.175853
3,327.6509,52.6946,74,4.819349
3,441.1127,52.6963,183,15.887673
3,463.4372,52.6640,85,6.185199
3,647.9292,55.4980,168,11.022614
3,853.6548,52.0807,125,8.404139
3,828.2079,54.9336,139,11.769397
3,871.6911,51.4103,33,1.524988
3,104.9423,54.3347,88,6.332644
3,509.0420,56.1559,110,6.306749
3,684.4207,53.3874,54,3.552431
3,934.1047,55.1329,110,8.989354
3,488.5044,56.0344,102,7.612505
3,250.8339,58.3066,125,10.654256
3,706.0761,57.1498,122,10.220991
3,890.9344,56.8860,66,4.066787
3,954.6872,61.1630,132,10.911716
3,8.1491,62.8998,143,11.386699
3,226.4414,64.3031,179,13.420333
3,406.2230,59.5350,84,6.230121
3,546.3624,60.6219,119,10.231717
3,732.4936,60.1856,118,9.948662
3,776.1439,60.5486,85,6.397691
3,32.2983,61.7573,118,9.659972
3,269.9177,61.4897,90,7.150777
3,526.1319,62.2201,87,6.376261
3,620.0563,62.7560,127,10.665195
3,54.5582,63.9815,124,10.199128
3,314.9733,63.1034,90,6.390776
3,422.0405,61.3818,44,2.451024
3,915.5379,63.4321,120,10.198423
3,146.7853,62.8010,52,3.132702
3,352.4853,65.1285,121,9.824677
3,373.3047,63.4159,84,6.227336
3,602.3363,61.7754,41,2.221405
3,758.5352,62.8424,51,2.941716
3,91.6370,64.0924,69,4.750540
3,202.0437,64.7727,78,5.714755
3,975.9851,63.9749,69,4.746012
3,1006.2126,65.4787,124,10.783061
3,176.4400,64.2999,34,1.650591
3,335.1313,64.8227,66,4.286183
3,569.1000,65.9263,103,8.559244
3,669.4502,69.1609,164,14.895566
3,873.6094,68.2255,129,10.977610
3,161.1903,67.9572,99,7.548431
3,588.7904,67.8924,88,6.688889
3,687.2897,67.1544,61,3.786506
3,130.5172,72.8915,173,14.827899
3,389.5461,69.6777,101,8.008167
3,106.4563,72.0147,83,5.959523
3,287.7698,73.2904,153,13.596259
3,463.4163,73.3601,132,11.459419
3,791.0726,74.5810,131,10.006352
3,820.3082,70.6863,74,5.105841
3,898.0295,71.9270,96,7.541796
3,713.6481,72.3624,86,6.585443
3,444.9684,72.7959,66,4.500735
3,484.6782,73.2584,67,4.624988
3,848.8834,74.3644,146,12.826954
3,428.0839,75.3960,93,7.185949
3,737.9434,78.7897,110,5.950155
3,769.6319,74.2777,58,3.639280
3,190.2492,75.5965,102,8.195642
3,500.1532,73.8767,43,2.506007
3,258.9689,75.0371,47,2.954577
3,306.0203,76.1280,60,3.598710
3,408.8757,76.6087,87,6.730457
3,536.7222,75.3285,56,3.598676
3,635.6647,75.9895,77,5.736098
3,652.4466,75.7673,49,2.839353
3,243.0927,78.6764,121,10.097324
3,514.5360,77.1882,81,5.827082
3,970.0580,79.4841,135,11.738628
3,926.6404,78.0366,65,4.117173
3,19.2845,77.3153,34,1.539822
3,42.4816,78.0562,51,2.909194
3,75.6548,79.8740,108,8.867839
3,946.6049,85.0123,202,15.845323
3,990.7224,79.8678,97,7.770282
3,210.9173,77.6407,22,0.803083
3,375.7578,79.7474,54,3.390188
3,174.5290,80.4177,50,2.637608
3,698.2853,81.2813,81,5.669486
3,1012.6297,79.6515,30,1.246489
3,59.3060,81.1881,42,2.221351
3,149.2885,80.0124,25,0.993073
3,341.5836,82.0417,63,4.348655
3,808.0739,82.3551,78,5.761775
3,322.6435,86.7315,162,14.612177
3,358.3892,85.1591,123,10.596663
3,563.8434,81.7747,43,2.366594
3,608.8876,83.8857,197,16.476245
3,755.2866,84.9867,112,9.282513
3,3.5729,85.2264,103,8.270234
3,91.8085,84.1057,78,5.478929
3,115.3023,85.4642,89,6.355642
3,579.8511,84.4887,91,6.974217
3,549.8011,85.4416,93,7.180864
3,864.2228,84.3721,39,2.066402
3,914.0497,84.2265,55,3.257191
3,879.8353,87.7972,111,9.122183
3,718.4406,86.9417,73,4.918892
3,829.7969,88.8751,127,11.092214
3,30.8579,87.2169,46,2.648320
3,489.8908,88.8856,98,7.676201
3,666.8409,89.4358,117,9.469366
3,896.6579,87.7835,48,2.597937
3,269.2897,90.0732,108,8.648771
3,440.1353,89.5661,80,5.848478
3,160.4961,92.4024,127,11.039981
3,222.1699,90.7741,98,7.762543
3,393.3009,90.9341,78,5.527630
3,527.7909,90.9198,107,8.699124
3,774.6698,95.7195,178,14.644241
3,458.9373,91.6766,99,7.682670
3,505.9704,90.3992,39,1.896028
3,44.3410,92.6683,77,5.528259
3,413.5635,92.5507,88,6.979264
3,637.7134,94.1225,157,13.808756
3,1001.2217,94.6397,176,12.783000
3,204.9951,92.9887,73,5.196938
3,295.8992,95.3863,126,10.660238
3,16.7330,96.7514,111,9.180658
3,102.1366,93.0045,21,0.708532
3,187.2357,94.5968,103,6.542577
3,703.1310,94.3767,52,2.892676
3,852.3910,97.1212,125,10.702700
3,61.4966,98.6359,114,9.401656
3,139.3656,99.0907,122,10.249067
3,680.7264,106.1725,174,11.970522
3,799.9557,98.3994,88,6.639446
3,907.9518,98.1460,73,5.259946
3,238.3109,99.7315,92,7.044740
3,474.5975,100.1037,109,8.589780
3,582.1217,98.5742,54,3.159687
3,732.9241,100.6886,139,12.833348
3,82.2285,100.7941,98,7.880345
3,254.6042,100.3482,89,7.023588
3,559.3590,99.9895,72,4.981942
3,816.0594,99.4005,44,2.514307
3,928.9914,105.3222,172,13.808392
3,336.3587,103.6892,108,8.554038
3,604.4277,104.1556,146,12.608301
3,955.0305,109.7393,296,19.316835
3,384.8200,104.1795,112,8.949182
3,312.7048,105.8622,123,10.293363
3,364.2597,104.4901,153,9.485352
3,891.3990,104.2915,77,5.311193
3,278.2424,106.6673,95,5.918042
3,499.7127,113.3218,197,15.013319
3,518.6954,105.4567,83,6.046538
3,425.7663,108.0620,130,10.701856
3,542.9416,108.4773,144,12.958757
3,659.4923,106.9015,94,7.299012
3,403.0929,105.9796,41,2.145096
3,837.4291,106.5148,52,3.097145
3,101.7087,110.0530,122,10.045355
3,122.7873,110.0715,108,8.510531
3,442.1723,108.3575,84,6.112862
3,624.3469,107.6765,66,4.529319
3,752.8367,109.6909,135,11.703409
3,873.0505,109.0410,110,9.218161
3,1020.7313,108.9682,93,7.060529
3,201.3417,109.9633,79,5.871752
3,219.8904,108.3178,56,3.513986
3,457.1705,107.1694,22,0.816916
3,711.2415,113.8945,172,14.741460
3,30.4058,111.4043,79,5.602217
3,46.3609,111.3188,69,4.593753
3,157.4011,112.9024,126,10.707859
3,180.8510,112.7105,125,10.563594
3,571.8995,112.0977,93,7.118137
3,791.9587,110.9497,39,1.759128
3,644.0897,112.1232,53,3.215258
3,815.7234,121.1761,216,13.760074
3,588.6616,114.4033,83,5.935082
3,909.5945,114.5070,72,4.865490
3,998.7510,114.7573,109,9.043081
3,12.2584,116.1700,95,7.137915
3,802.4386,113.8993,42,1.805386
3,76.7708,116.8096,94,7.197359
3,777.1986,116.9960,82,5.597124
3,981.7945,116.3833,73,5.081919
3,341.1360,118.0862,73,4.837070
3,474.6957,123.6548,170,12.550203
3,257.3957,119.5075,131,10.846726
3,291.4840,119.2256,107,8.379565
3,857.1693,117.6170,54,3.263384
3,60.9863,117.2937,23,0.757084
3,138.7958,117.4808,28,1.111258
3,233.8631,123.0941,125,9.670435
3,731.7353,120.6788,95,7.316545
3,359.4764,121.7405,79,5.698168
3,407.3618,124.5655,204,19.327982
3,526.5518,121.7720,89,6.715794
3,214.5682,122.7881,75,5.091004
3,457.3467,123.1601,106,8.537364
3,694.0253,123.2499,94,6.922015
3,841.1758,123.2494,97,7.644908
3,627.1830,124.0052,115,9.590683
3,382.7894,126.3156,132,10.230537
3,553.5987,126.7604,115,9.548531
3,107.0987,134.3644,214,15.917328
3,599.9184,125.1395,44,2.405916
3,651.4594,126.6381,84,6.241358
3,672.0412,126.6516,99,7.985607
3,30.1920,129.5251,128,10.888550
3,127.0513,127.8797,91,6.662250
3,307.9926,127.9424,102,8.310189
3,870.8902,128.0129,111,9.174252
3,51.7137,130.4335,134,11.529193
3,441.7996,127.7387,52,3.224746
3,969.0628,131.8883,179,17.101741
3,169.5317,129.0689,80,6.019235
3,198.0994,130.1398,94,7.312254
3,328.6095,127.9188,44,2.450152
3,763.5127,130.6765,121,10.437385
3,789.0661,129.5309,83,5.920671
3,922.8302,126.1889,8,0.133194
3,81.4089,132.2956,105,8.378217
3,907.5716,132.7203,139,11.815605
3,150.6114,134.3454,140,12.194365
3,575.4130,134.6195,172,11.734356
3,889.3812,133.0979,74,5.050520
3,1012.4315,135.2038,162,14.221850
3,344.3087,132.4418,56,3.534174
3,989.7508,133.7891,80,5.788676
3,184.2421,132.3082,30,1.305859
3,271.5916,136.2998,166,14.805163
3,513.1315,135.5993,110,9.024542
3,747.1240,134.7639,93,7.058494
3,932.8408,135.5974,127,10.406350
3,367.8708,134.4625,43,2.221121
3,494.0011,135.4491,79,5.883013
3,952.0778,134.5773,53,3.207748
3,429.6717,137.0807,90,6.775207
3,612.5119,139.3908,143,11.471296
3,718.5671,137.9345,122,10.060984
3,851.7604,135.8670,72,5.019637
3,11.9853,139.0258,118,9.885876
3,825.1539,138.3864,99,7.749408
3,218.1364,138.1788,67,4.391272
3,636.9677,139.9925,121,10.337237
3,685.8636,143.7294,156,10.630110
3,320.6962,138.2519,54,3.352253
3,530.0237,139.5289,69,4.502198
3,293.0439,142.3507,108,9.106535
3,240.6502,145.5266,140,11.899350
3,446.6089,143.5711,78,5.353994
3,67.8868,145.5343,120,10.203758
3,133.8555,144.0712,72,5.179380
3,594.0824,145.6333,107,8.614735
3,777.4820,145.3150,100,7.972669
3,334.8473,144.7800,44,2.495130
3,412.0839,142.9142,24,0.994948
3,547.9884,149.3544,142,11.382724
3,666.0867,145.9313,104,8.668620
3,354.2037,148.0200,141,12.141132
3,93.0465,144.4571,16,0.527081
3,185.0697,147.8070,93,7.286794
3,203.6279,147.3881,62,4.040502
3,377.5813,148.8484,126,10.881597
3,396.2282,147.7366,82,6.076681
3,477.7005,150.7363,183,16.280511
3,737.5861,155.7260,200,15.227495
3,880.3201,146.9961,63,4.064629
3,796.8193,150.5667,146,12.809315
3,865.9558,148.3659,71,4.885811
3,896.6620,147.2678,38,1.890375
3,919.3683,145.9032,14,0.279036
3,983.0215,149.3535,61,4.002467
3,704.5494,150.9822,97,7.364128
3,946.2408,151.3589,106,8.136275
3,1001.8192,150.3892,64,4.254454
3,307.1915,152.1379,95,7.369541
3,848.2683,151.7774,89,6.716434
3,166.7812,152.7950,86,6.484529
3,423.5478,152.3676,59,3.882986
3,458.2351,152.8232,79,5.492823
3,49.8063,160.3397,168,13.398873
3,120.6720,151.7398,30,1.317281
3,519.0859,152.6630,55,3.461457
3,30.7302,156.5169,135,11.687978
3,221.3225,154.5225,76,5.299403
3,565.9397,155.4268,100,7.861567
3,650.8866,155.0587,95,7.403708
3,758.9058,157.3741,137,11.094037
3,273.3017,154.9153,84,6.225951
3,499.1609,156.8128,127,10.337947
3,830.9396,155.7590,96,7.592761
3,324.5170,155.9545,71,4.797325
3,439.0977,155.8958,56,3.409181
3,10.3035,164.4521,215,18.390802
3,81.7732,158.4283,84,6.455765
3,146.8933,160.8612,154,14.157246
3,915.3250,162.1704,193,17.794517
3,965.5060,163.3881,156,12.513466
3,101.3162,161.9894,135,11.712730
3,584.8013,159.9853,72,5.006125
3,632.8778,161.5195,113,9.551150
3,408.9157,163.3575,153,13.671683
3,1013.2704,162.3701,104,8.398940
3,202.6106,162.9360,85,6.215795
3,815.9275,162.7991,89,6.458342
3,884.4676,164.2320,151,13.427045
3,935.4554,161.8801,54,3.130451
3,128.5364,163.9142,84,6.106252
3,530.5933,163.9025,120,10.109881
3,257.5600,164.6502,90,6.704596
3,292.8739,165.1126,89,6.476723
3,615.4388,170.0284,201,17.488125
3,719.2299,166.0948,114,9.143937
3,990.0004,166.4073,140,12.301833
3,183.6014,169.0259,151,12.551187
3,233.2557,165.7778,102,8.171505
3,338.7854,167.9606,149,12.785654
3,385.5097,163.1394,16,0.469780
3,780.8803,166.5082,106,8.720572
3,673.8243,166.6462,61,3.817903
3,691.0191,173.8578,218,17.968067
3,363.6394,169.2640,104,8.415293
3,845.7176,170.7832,110,9.039701
3,862.8876,169.1435,69,5.067328
3,68.1896,171.5924,107,8.701323
3,659.0169,170.2160,69,4.865945
3,163.6284,171.0619,76,5.260469
3,436.7832,173.4162,189,14.489088
3,949.8999,172.4388,98,7.862510
3,274.2978,172.8641,84,6.494508
3,314.7345,172.7069,83,6.327968
3,497.8197,170.4961,18,0.523747
3,801.1933,172.3641,85,6.479075
3,462.6469,174.5793,106,8.355069
3,576.4057,176.2921,203,16.822303
3,380.8450,176.3098,116,9.543336
3,87.3608,176.7319,73,5.064741
3,542.2869,175.6564,60,3.693797
3,761.5723,177.1044,104,8.401942
3,906.9388,180.3517,124,7.493711
3,218.7013,180.3959,162,14.831386
3,249.5989,178.9197,90,6.837477
3,481.9279,179.7846,129,10.782020
3,123.5712,179.4466,74,5.063913
3,512.2823,179.3273,80,5.772344
3,645.7023,179.1348,77,5.519221
3,707.2286,178.7034,54,3.299279
3,105.3416,181.1243,95,7.299216
3,200.5555,178.6480,31,1.255632
3,1017.9303,182.5012,155,13.344290
3,299.0436,184.9981,192,14.890859
3,830.6806,185.6856,214,17.188359
3,883.0629,181.0811,46,2.820572
3,149.9019,184.3440,101,7.886532
3,401.6531,187.9437,168,13.525505
3,527.6843,183.8248,84,6.341134
3,970.0889,191.1295,157,10.804597
3,355.6231,184.4391,78,5.638239
3,928.1833,185.5969,114,9.404209
3,36.5881,186.4962,119,9.539848
3,326.2518,187.0225,104,8.305745
3,497.0542,185.3566,51,3.015828
3,601.7579,188.4933,148,13.403126
3,739.0767,189.0451,147,12.529878
3,855.5429,186.3129,60,3.983319
3,19.0477,187.0482,69,5.359635
3,561.4421,186.1126,43,2.319141
3,663.9372,188.7707,115,7.872672
3,777.1358,188.3869,99,7.966137
3,993.1571,189.0031,134,11.607876
3,59.5674,188.2567,79,5.197832
3,177.0866,193.2220,157,9.970169
3,267.9441,190.4319,128,11.100702
3,449.1529,190.1613,97,7.888285
3,630.9474,188.2640,56,3.442706
3,419.6201,192.0564,112,9.222105
3,802.6394,191.8622,174,16.052249
3,871.2762,189.6400,66,4.466493
3,163.4742,188.7913,25,0.907062
3,545.3193,191.1224,71,4.924110
3,720.6688,192.3561,105,8.387954
3,77.5019,193.8426,116,9.555975
3,136.0967,191.1536,46,2.535729
3,950.1271,193.6526,116,9.429897
3,375.7097,193.9703,108,8.990091
3,118.5528,194.8985,95,7.322627
3,198.7077,195.7830,107,8.362457
3,756.8025,195.7848,112,9.203631
3,238.6123,194.1545,103,5.468586
3,468.2942,197.1853,116,9.987836
3,646.5351,196.6119,79,5.765837
3,344.0708,197.9325,102,8.365627
3,508.1912,198.7976,105,8.397439
3,577.5699,194.8830,14,0.301239
3,887.4608,203.2258,194,16.560130
3,97.5479,200.3137,119,10.233528
3,703.2593,200.1260,113,9.258642
3,674.5571,199.1839,83,6.130079
3,907.0177,198.2611,49,2.876911
3,51.4483,197.4565,15,0.443001
3,221.3980,200.6307,76,5.250222
3,561.2241,205.8494,189,13.425018
3,623.0495,202.0356,119,9.875085
3,287.3801,201.9014,101,7.823313
3,488.2653,202.8020,111,9.237372
3,587.7639,200.6209,60,3.887730
3,152.0082,200.6587,32,1.391697
3,1012.7343,202.3770,142,8.918497
3,435.5470,204.3586,100,7.849618
3,937.3734,203.9714,82,6.011871
3,24.5891,205.1294,108,8.744153
3,360.1836,204.5028,86,6.670970
3,782.7826,206.2610,137,12.234878
3,41.5087,205.9215,83,5.868450
3,137.1739,204.5680,46,2.519656
3,324.0837,207.4923,140,8.728945
3,829.5954,204.3502,58,3.744824
3,849.3498,205.1957,59,3.657657
3,863.7347,205.9171,93,6.916279
3,919.9445,206.1948,99,8.030789
3,302.5247,206.4567,72,4.988255
3,524.5405,206.8341,90,6.969042
3,687.6880,206.0792,70,4.677135
3,981.0957,206.2952,78,5.408625
3,540.5982,209.5326,105,8.077474
3,62.2492,208.9606,82,5.779443
3,246.0353,208.5720,73,4.924753
3,396.5475,209.7594,84,6.445607
3,6.8569,210.6044,85,6.316147
3,266.9702,211.3773,138,11.662272
3,451.6193,210.9338,96,7.575258
3,160.8137,210.2869,40,1.950615
3,187.9807,210.3232,42,2.348717
3,205.3147,211.9030,93,6.942759
3,720.0080,211.7429,103,8.601856
3,643.2010,213.2455,100,7.870887
3,812.1417,215.3410,177,16.404841
3,79.5691,214.2550,106,8.722653
3,123.1670,213.3864,87,6.551212
3,994.7891,213.2603,75,5.049307
3,661.5101,213.9247,48,2.830522
3,760.8002,215.7526,117,9.804151
3,954.3836,216.0955,128,11.090663
3,104.6237,214.6688,54,3.149575
3,376.3977,215.9778,139,10.847658
3,578.9254,215.9211,85,6.224957
3,146.6590,217.4006,98,7.113151
3,410.0561,218.4216,112,8.934101
3,742.1930,218.6645,115,9.800865
3,837.8388,219.1450,137,11.366284
3,225.1485,219.9159,120,9.609226
3,469.0619,217.9846,69,4.812579
3,597.1722,220.6365,154,13.675310
3,613.7269,219.1087,92,7.011931
3,902.3003,218.0743,66,4.326854
3,174.5259,220.4817,112,8.666519
3,496.9554,216.5495,17,0.592837
3,676.3430,220.3202,101,8.092859
3,342.2084,221.0787,108,8.748627
3,432.7524,224.9427,168,11.508834
3,696.2549,221.6157,70,4.766409
3,869.1533,220.2216,52,3.008756
3,971.3636,219.8972,45,2.557175
3,511.1193,226.6129,169,14.500131
3,929.5925,223.4374,111,8.915537
3,1018.1353,222.3634,85,6.404481
3,628.1577,223.2623,67,4.273059
3,249.9715,225.1231,101,8.032062
3,289.6883,224.8135,106,8.634026
3,485.8939,224.5695,88,6.418487
3,56.9665,230.4253,222,16.728146
3,529.0016,223.3803,19,0.660318
3,194.8655,225.2935,44,2.305281
3,113.4770,226.4834,52,3.440963
3,307.5137,228.8118,113,9.265564
3,325.9745,226.8339,56,3.421034
3,542.9521,226.7112,45,2.632723
3,793.4337,228.3730,121,10.373142
3,887.7903,228.1124,114,9.504769
3,30.4641,232.2684,174,15.364824
3,773.0986,228.7207,77,5.554589
3,131.7638,230.9236,110,9.013495
3,274.2071,229.1455,72,4.970618
3,386.6675,228.5003,52,3.234748
3,455.5266,228.9497,58,3.619916
3,729.2135,228.9957,67,4.614908
3,10.0135,231.3534,113,9.837011
3,99.3588,228.4657,32,1.541007
3,568.7283,228.1145,20,0.597110
3,710.1528,233.5073,156,13.792020
3,984.4949,234.6677,148,11.826890
3,652.2067,231.5770,171,13.114122
3,860.1871,232.8774,130,10.711518
3,1003.6897,232.6753,113,9.174302
3,83.8352,233.1686,106,8.606262
3,907.1376,238.8030,144,10.105610
3,210.8155,234.2969,139,12.052501
3,365.9950,234.7560,109,8.843158
3,399.6226,236.6085,84,6.247757
3,416.9167,235.9452,54,3.282316
3,580.0896,238.0422,126,10.385629
3,685.2008,236.9129,76,5.568655
3,936.9143,237.5349,99,7.611604
3,963.8034,237.9832,130,11.163269
3,156.4234,239.6465,157,13.722375
3,180.6549,237.7724,104,7.840621
3,472.6564,239.1102,139,12.162108
3,555.3113,238.9446,112,9.125852
3,744.2105,236.8047,47,2.686080
3,236.9689,239.7577,135,11.694862
3,343.1991,239.0784,97,7.651215
3,526.8682,249.2853,248,16.117907
3,494.9618,239.0677,64,4.090949
3,624.8631,238.4622,58,3.667229
3,819.6252,243.0204,180,14.888783
3,762.5222,242.4752,112,9.204348
3,109.4386,243.3562,107,8.224409
3,322.1717,242.8743,93,6.734176
3,604.0281,242.3151,89,6.587858
3,670.3779,242.7890,83,5.539114
3,263.0042,244.9142,143,11.998566
3,453.3181,245.0422,86,6.247631
3,879.4300,245.5978,107,8.156051
3,843.2676,246.4330,117,9.811653
3,1014.8547,245.3127,85,6.335739
3,798.0032,254.4270,334,27.721011
3,49.8542,246.1531,47,2.779610
3,93.7716,246.1255,51,3.031950
3,138.9270,245.8179,29,1.181632
3,294.0135,247.7434,174,14.181825
3,434.8894,248.0522,122,10.092291
3,728.1800,251.7342,145,11.673184
3,923.5840,248.0024,79,5.413954
3,389.2157,258.6077,255,20.874027
3,506.3123,250.2584,80,5.794535
3,634.1650,251.4975,101,7.961405
3,657.0913,249.4873,50,2.957075
3,694.8498,254.4437,168,13.775246
3,947.4348,250.9380,82,5.886127
3,362.8359,252.7549,107,7.560370
3,410.8679,252.4822,105,8.574667
3,75.8986,254.0860,118,9.825018
3,186.4865,253.8106,128,11.048380
3,23.4618,252.5022,52,3.018496
3,543.5296,250.6916,15,0.436300
3,747.0086,253.2927,76,5.551308
3,860.8678,252.0329,45,2.544785
3,4.7256,257.9093,174,16.048631
3,125.8113,256.5123,141,12.308075
3,213.0384,254.1639,87,6.460568
3,560.3977,255.0210,89,6.715965
3,592.5033,256.2158,122,10.498831
3,891.2968,254.5086,55,3.560100
3,228.7047,256.8634,86,6.390554
3,613.7024,256.9602,90,6.965349
3,981.4996,256.4959,88,7.033921
3,41.4804,259.5572,128,11.110893
3,161.6192,257.0493,75,5.270704
3,489.0056,259.0885,157,14.066236
3,339.7036,258.1906,166,12.685915
3,773.9748,258.0831,64,4.056476
3,963.0251,258.7928,101,8.144847
3,146.5776,258.7895,34,1.589390
3,908.2635,262.5791,115,9.271577
3,928.7004,259.3060,20,0.631629
3,257.0539,263.1054,89,6.463238
3,276.7437,263.1046,92,6.984408
3,711.5756,262.0627,71,4.910524
3,826.0674,259.8957,21,0.722236
3,1003.1153,263.3710,160,13.909928
3,93.0817,263.4838,86,6.202204
3,308.1404,266.8418,154,13.819237
3,438.4048,265.1837,90,7.045472
3,654.1055,265.3067,186,14.240886
3,847.7247,264.5948,95,7.488795
3,870.6051,265.6136,128,11.181034
3,62.0440,274.7889,242,19.051106
3,548.3053,271.1228,253,18.174277
3,578.6246,272.3209,221,19.358205
3,677.5749,264.3283,35,1.669443
3,23.0316,266.5650,71,4.567903
3,111.4707,265.4426,46,2.459561
3,420.4730,267.2512,97,7.765181
3,943.4400,265.0694,35,1.660651
3,757.3607,269.2475,135,11.745385
3,173.4689,270.1271,98,8.023132
3,628.1629,269.8348,99,7.966145
3,735.1757,269.5182,77,5.528472
3,193.7015,270.2706,70,4.791623
3,211.9464,272.0222,123,10.145954
3,450.7423,277.6478,289,23.496934
3,143.2457,272.3923,89,6.772097
3,238.4483,274.1717,151,13.303785
3,891.4407,270.6966,66,4.446448
3,80.0226,271.5522,34,1.674240
3,362.2814,276.6727,232,18.787336
3,499.4517,279.7190,225,15.121330
3,986.4327,275.5762,106,8.373477
3,477.1532,275.2276,65,4.385626
3,700.4810,275.1961,64,4.198383
3,778.5312,277.3236,124,10.762961
3,933.2865,275.5872,85,6.214381
3,126.7814,275.6947,58,3.783149
3,334.6422,277.5974,134,11.911971
3,608.9460,277.4136,113,9.059364
3,797.6657,283.3899,132,8.440455
3,823.8597,277.2672,118,9.754194
3,915.1106,276.4303,70,4.617997
3,289.0647,278.3542,112,9.631148
3,407.2316,275.5824,24,0.842211
3,671.5367,280.6835,113,9.211552
3,950.5092,289.0092,279,22.296019
3,35.0153,281.6900,142,12.480981
3,265.9502,282.6891,149,13.412990
3,719.9055,281.6010,122,10.223342
3,971.8461,280.1793,69,4.875073
3,107.5352,282.2723,100,7.943190
3,157.7361,282.7419,104,8.251654
3,844.2208,284.2728,134,11.051920
3,90.5101,281.7700,68,4.331627
3,645.4631,281.0415,43,2.313131
3,1016.3066,282.5851,101,8.029366
3,687.4506,283.8775,80,5.715642
3,861.2680,281.3828,29,1.225242
3,875.9070,283.2909,86,6.300143
3,391.3744,284.3871,86,6.525774
3,519.9875,284.4589,61,4.047244
3,901.7145,281.6931,13,0.242572
3,194.0785,288.8389,133,11.526863
3,302.9625,288.6553,105,8.301291
3,9.7964,289.7026,125,10.625133
3,173.4752,289.1378,67,4.172145
3,536.1007,290.1262,133,11.284305
3,924.7282,287.8938,66,4.569913
3,470.8663,297.1554,176,11.917008
3,747.0169,290.3711,238,15.778109
3,231.2583,288.3814,25,0.835767
3,141.1824,292.0215,89,6.375319
3,247.0994,288.2147,8,0.126777
3,410.8992,293.1345,140,12.127806
3,630.6196,292.6374,168,12.531407
3,323.5259,293.3978,114,9.250982
3,377.0151,290.4475,36,1.708363
3,888.9666,292.5725,81,5.854615
3,706.6173,294.3977,92,7.481396
3,49.6047,293.0145,45,2.672838
3,217.3746,294.7949,96,7.451380
3,553.9841,293.5193,61,4.225721
3,652.7776,294.3211,82,6.042391
3,987.6399,293.4121,36,1.849088
3,119.1141,296.9193,140,11.448414
3,606.1967,296.2858,100,7.951698
3,829.4850,294.7820,72,4.838977
3,509.3805,296.6447,84,6.369322
3,586.2968,296.8842,84,6.013424
3,812.4147,296.8631,88,6.781561
3,906.2445,300.1620,131,11.240456
3,1001.4843,299.3997,137,11.980353
3,92.5300,299.2008,118,9.959956
3,280.9212,300.5096,136,12.306444
3,786.4270,300.4466,137,11.750349
3,858.2075,299.4837,110,8.809834
3,366.1285,303.2850,174,12.238513
3,452.0124,299.1862,64,4.142248
3,569.6183,300.8668,111,8.979415
3,972.6445,301.2174,140,12.403959
3,30.5975,302.2772,150,11.740864
3,253.9692,300.6602,89,6.550399
3,341.8035,303.6721,142,12.908734
3,685.8280,302.1937,135,11.645414
3,427.7504,302.9031,122,9.660638
3,234.3922,304.0092,106,8.715889
3,393.0725,305.3260,141,12.716001
3,156.3998,305.8898,120,9.779455
3,180.4578,305.7791,123,10.767441
3,764.4120,305.7257,112,9.162594
3,1019.2664,306.0243,126,10.853027
3,55.5884,307.2836,107,8.284215
3,663.0450,307.3506,111,8.981560
3,721.1500,305.3655,45,2.543386
3,925.2429,307.2962,95,7.403693
3,311.7840,307.0393,78,5.496098
3,496.2812,311.4542,213,15.294956
3,77.3354,309.9797,123,10.042111
3,616.8629,308.2006,64,4.074578
3,883.0855,308.4299,86,5.974646
3,134.5178,310.9652,115,9.735868
3,547.8465,309.5017,89,6.939716
3,741.7953,313.4589,157,11.861667
3,199.3766,316.0702,235,16.898325
3,523.5158,313.7279,137,12.067638
3,825.7321,311.9420,105,8.382376
3,446.2543,311.9270,61,3.853000
3,634.7004,313.4451,115,9.521891
3,705.4670,312.4327,82,6.032982
3,586.6756,313.9762,90,6.710417
3,946.2341,313.7779,79,5.360514
3,266.9764,315.7403,120,10.171575
3,11.2826,318.0222,126,10.423993
3,808.4637,314.6340,39,2.053387
3,846.6589,317.6951,104,8.440929
3,864.1068,316.4932,83,6.275088
3,104.4765,317.9680,144,11.758359
3,464.9200,319.3768,133,11.640151
3,964.1310,316.4045,45,2.521650
3,221.5309,317.9653,44,2.557653
3,243.7442,321.4872,136,11.800317
3,790.5455,317.5677,32,1.680630
3,993.5197,321.9178,155,14.200673
3,287.2924,320.4029,81,5.727046
3,357.6466,321.3011,97,7.859555
3,897.4071,322.2475,122,10.310630
3,31.8613,322.6912,101,7.684636
3,302.6163,318.9747,26,0.980561
3,433.6144,321.5917,102,7.993636
3,603.8310,322.6943,125,10.629364
3,721.1828,323.0672,118,9.975262
3,316.2383,320.5123,34,1.602042
3,335.7282,323.2473,115,9.597855
3,416.4534,321.7346,58,3.755978
3,555.3317,324.4466,137,11.566125
3,646.6609,326.6066,130,8.336411
3,916.1614,323.1144,98,7.827834
3,121.4456,322.7709,59,3.859673
3,692.9632,324.2472,94,7.063845
3,169.0125,324.4218,92,7.184042
3,381.0823,325.5501,118,10.093949
3,400.0866,325.2957,100,7.941885
3,672.9746,325.0510,135,10.625953
3,760.0311,326.2663,137,12.024471
3,48.1652,324.6755,66,4.404237
3,577.1454,326.7511,103,7.984354
3,66.4265,327.2487,111,8.928585
3,801.4573,328.5879,122,10.583805
3,934.5134,330.6171,134,9.884489
3,1013.4627,327.6861,89,6.872395
3,878.8325,329.7308,125,10.478484
3,974.6611,326.8948,44,2.518786
3,534.2186,330.3433,116,9.532354
3,781.1378,329.5900,74,4.847382
3,83.3803,330.1006,79,5.494322
3,823.3981,336.6252,192,16.418185
3,955.9868,331.1159,110,9.037383
3,138.3114,333.4104,128,10.794525
3,205.6384,334.4408,142,12.393149
3,227.2254,332.3872,77,5.205789
3,619.3127,333.6463,111,9.106568
3,154.2795,332.0067,37,1.797584
3,496.5046,339.7039,191,15.495725
3,843.4959,334.0821,86,6.382499
3,16.4448,334.4774,71,4.811461
3,272.3740,336.5536,115,9.719444
3,108.6493,335.6489,59,3.879539
3,251.3058,335.6266,49,2.837176
3,297.3797,337.1134,154,13.179842
3,323.1815,337.3184,139,10.645343
3,447.3904,336.3606,80,5.607568
3,736.7703,337.2227,61,3.888006
3,363.6752,336.9510,46,2.636659
3,423.5817,338.5215,94,7.418618
3,462.1545,338.6945,84,5.864296
3,477.3755,339.0582,84,5.841412
3,704.0843,340.3258,133,11.194068
3,0.5340,337.3316,32,1.333314
3,594.2722,340.9102,109,8.741058
3,663.9903,339.9815,81,6.031035
3,35.2892,337.0332,8,0.119308
3,517.1020,341.8305,120,10.236214
3,986.9622,340.1891,69,5.038119
3,52.8233,342.1714,93,7.046388
3,122.2483,339.3805,24,0.844834
3,166.9870,342.4188,99,7.527296
3,861.4551,341.9833,103,8.043042
3,971.5263,340.6051,57,3.621738
3,400.3183,347.7403,201,14.449350
3,755.3798,344.1005,123,10.462071
3,183.7158,345.0545,92,6.546298
3,575.8138,343.0000,67,4.583559
3,904.8343,342.9042,56,3.470672
3,88.5850,343.8398,68,4.628372
3,678.9134,344.9593,60,3.578946
3,783.6334,348.6838,104,6.862261
3,1008.7607,346.4558,109,8.757646
3,348.1106,348.5324,125,10.388261
3,377.5534,345.8810,75,5.203783
3,723.5944,347.2878,107,8.534629
3,74.9787,354.8962,148,10.066880
3,644.2461,350.0325,241,17.239427
3,879.6795,345.0679,24,0.931145
3,12.5824,348.2026,78,5.605036
3,220.7515,347.9143,61,3.797344
3,542.4454,351.3827,156,14.109145
3,922.3298,349.6638,131,11.346300
3,255.0615,349.5663,79,5.742077
3,948.3752,350.2269,94,7.215292
3,437.8818,347.8210,22,0.789171
3,562.4553,351.8811,117,9.424902
3,37.3397,352.2951,114,9.205291
3,102.3666,351.8699,98,7.859838
3,144.9330,353.7812,107,8.686641
3,236.6048,353.7296,115,9.459105
3,801.9232,353.7746,136,11.608583
3,843.9850,355.3687,158,14.226232
3,891.2662,354.8315,143,12.659994
3,449.3206,354.6221,86,6.165671
3,124.7228,358.0506,177,16.135378
3,319.1606,356.3729,120,9.500310
3,364.8553,354.8846,68,4.769219
3,614.0104,356.3489,112,9.245177
3,690.2838,352.7576,20,0.652778
3,991.8091,356.1092,97,7.798574
3,198.3693,359.2440,126,10.098903
3,274.3080,357.9455,126,10.920387
3,296.3795,360.9854,175,14.749441
3,477.8370,354.5254,35,1.623591
3,597.1473,355.6350,51,3.056625
3,966.6838,360.7611,157,14.163324
3,162.9525,358.9654,88,6.265224
3,702.4108,358.0206,53,3.311006
3,1022.9226,359.1171,73,5.430915
3,424.6744,360.3294,124,10.805289
3,738.4535,360.6400,118,10.199194
3,767.5548,360.4716,105,8.227747
3,512.8497,360.7797,98,7.542780
3,678.1212,360.8892,74,5.436055
3,868.2895,361.4546,119,10.430013
3,59.8456,369.3699,250,18.742257
3,908.7090,362.2141,78,5.569229
3,217.4673,364.2909,111,8.930455
3,577.7853,363.7917,99,7.861372
3,715.6795,362.2119,55,3.395389
3,816.9603,363.4299,69,4.565938
3,936.9595,361.4173,31,1.339184
3,378.7951,370.1278,178,12.240361
3,489.4026,364.6744,92,7.182346
3,529.0273,364.9681,89,6.583234
3,18.5470,367.2058,148,13.392221
3,337.9764,366.9069,121,10.194971
3,633.1752,366.8200,120,9.958652
3,178.0383,367.5758,106,8.834848
3,463.7711,368.4354,168,14.791879
3,784.5922,365.6392,24,0.841056
3,254.6384,369.8405,155,12.825435
3,1010.9314,368.6439,81,5.844310
3,664.6628,370.1993,97,7.460747
3,830.3649,368.5688,54,3.373354
3,355.4245,372.0674,84,6.490819
3,947.9588,371.5800,97,7.603533
3,87.7266,372.3894,93,7.083478
3,111.7205,372.2025,74,5.237854
3,407.1276,373.3043,122,10.031088
3,594.5159,372.5706,88,6.791154
3,691.2298,373.9782,115,9.517514
3,801.8368,370.7874,38,1.827256
3,439.3738,373.8708,96,7.504145
3,556.4626,375.9997,143,12.420708
3,756.4791,373.2283,82,6.041142
3,846.0213,372.0557,32,1.360223
3,927.0628,376.0795,132,11.282575
3,988.3884,377.6120,172,14.644991
3,156.1099,375.8756,106,6.837732
3,230.6733,373.3242,20,0.562724
3,320.6365,373.9088,29,1.232815
3,889.0884,376.0237,101,8.506926
3,281.5861,377.8289,115,9.566270
3,38.5957,380.0477,141,9.681959
3,614.2450,378.3703,146,12.787665
3,775.3987,378.3343,87,6.239164
3,200.1154,377.8589,66,4.229932
3,133.3693,378.9285,109,6.071473
3,423.7277,378.9022,57,3.501231
3,503.8187,380.1155,121,10.333489
3,647.7953,379.4908,88,6.898887
3,721.0787,380.2691,261,21.413033
3,816.4369,376.9834,19,0.602951
3,869.1734,380.4103,101,8.241722
3,308.3911,380.7902,80,5.875601
3,483.2616,380.6606,78,5.485749
3,392.3711,381.8882,95,7.392994
3,572.5003,380.6558,54,3.398934
3,792.0227,381.1759,76,5.559512
3,534.3046,383.3406,124,10.464657
3,964.8845,383.4966,107,8.715645
3,9.5533,382.7307,54,3.308313
3,96.9126,386.6710,133,11.038950
3,181.5994,384.8572,83,6.150950
3,215.0978,385.9231,111,8.595173
3,829.7506,385.0991,104,8.312303
3,908.4124,385.3430,118,10.280353
3,1010.0064,385.6684,109,9.081113
3,746.9614,384.8134,66,4.333323
3,236.2082,386.3608,83,5.423510
3,680.6685,386.4418,61,3.979751
3,253.7303,384.9767,24,0.905418
3,325.9185,388.0039,94,7.188648
3,853.5440,391.4280,178,14.460539
3,664.5967,388.2774,81,5.781895
3,350.4155,390.3755,105,8.440578
3,808.1671,389.4732,82,5.905429
3,152.0385,390.3860,62,4.249329
3,457.9854,391.1052,205,17.379478
3,24.2915,392.2340,97,7.782812
3,121.4698,391.6591,85,6.384839
3,518.8945,390.2032,49,2.888871
3,632.3684,391.7785,84,6.474245
3,948.2054,390.6598,68,4.776928
3,582.2629,394.2026,138,12.274936
3,762.6351,392.1372,82,6.255833
3,296.3887,391.5672,35,1.836324
3,367.9434,393.5401,82,6.009149
3,72.2482,394.9712,105,8.471638
3,266.1925,394.1757,81,5.879439
3,493.7394,394.5078,73,5.132356
3,882.7064,394.3772,77,5.317944
3,196.4500,393.6605,41,2.009077
3,283.6058,394.0571,49,2.922218
3,422.6320,396.6344,112,9.278268
3,246.3437,396.5151,80,5.101501
3,923.8623,395.3493,51,2.905495
3,994.4956,395.6214,62,4.081221
3,4.8569,398.4648,102,7.923931
3,170.7262,397.4890,94,7.326567
3,43.0314,399.8577,104,8.494560
3,558.9930,402.6764,203,15.892609
3,599.9395,397.8045,64,4.089344
3,689.4891,397.9048,57,3.504243
3,705.6429,398.9720,104,7.968912
3,793.0733,398.2467,67,4.434969
3,896.8338,397.4442,53,3.122456
3,225.1061,399.3698,62,4.064129
3,387.0192,399.5877,88,6.566451
3,406.1979,401.5984,120,9.869918
3,649.9127,402.1328,162,11.888246
3,136.7261,400.6647,62,4.109582
3,311.3066,403.6836,150,13.070988
3,335.4816,401.6176,86,6.563090
3,439.2604,401.9104,78,5.769285
3,616.6385,402.1344,105,8.491372
3,975.8685,404.1379,175,13.818162
3,478.6827,403.3700,112,8.957373
3,100.9409,403.3319,78,5.822846
3,672.7815,403.2374,55,3.345189
3,736.1502,404.4075,126,10.655441
3,834.6005,408.1560,186,14.121592
3,533.8165,406.7790,150,13.629004
3,779.1514,406.3246,86,6.146202
3,807.9738,404.6286,58,3.473916
3,936.5760,406.4721,94,7.584298
3,154.3996,407.7407,109,8.746405
3,207.8232,408.4542,124,10.732202
3,275.6989,407.8521,92,6.809889
3,513.5157,411.8000,186,15.899511
3,1010.3122,409.4330,156,14.281098
3,84.0690,408.5659,80,5.803621
3,718.1366,408.0798,67,4.434216
3,917.0716,409.4080,102,7.723818
3,122.4531,409.8828,104,8.494677
3,353.7931,410.8881,147,12.920715
3,761.2657,412.8046,162,14.237695
3,873.3469,408.1930,54,3.185110
3,952.1507,409.4649,94,7.332577
3,65.8432,410.2733,82,6.089519
3,859.0399,412.2761,96,7.315734
3,237.3437,410.1488,29,1.366452
3,593.2737,413.5836,120,9.970990
3,899.2291,412.8720,82,5.715789
3,630.7029,414.7890,113,9.577549
3,818.8429,411.7575,19,0.517082
3,6.1345,415.5624,72,5.047564
3,25.0435,416.5009,129,11.236204
3,188.9849,417.4784,126,10.520554
3,250.8143,415.4626,87,6.416110
3,389.3014,415.2244,59,3.788977
3,300.6383,420.0395,208,17.309694
3,468.7289,417.7608,111,9.112992
3,683.6027,417.5536,135,11.388263
3,448.8574,419.6976,133,11.467711
3,45.5404,421.6514,189,15.312101
3,140.9351,417.7877,63,3.850295
3,225.5423,418.2326,70,4.791103
3,788.9141,417.1867,43,2.323140
3,169.7657,419.7437,96,7.492116
3,428.3553,420.5988,117,9.754760
3,989.8602,419.2998,76,5.393887
3,106.5612,420.9979,102,7.965288
3,743.8084,421.0612,95,7.176669
3,327.8506,422.3632,103,8.041251
3,491.9012,422.3027,148,11.811566
3,804.9397,423.0448,129,10.769586
3,373.8762,424.8292,151,13.622135
3,407.9619,425.8454,158,12.651026
3,570.3440,424.1015,124,10.365913
3,710.6448,424.5619,146,13.109802
3,881.1064,424.1946,124,10.248986
3,611.4268,424.5044,81,5.851937
3,265.7493,428.1912,174,16.121452
3,971.0741,426.0043,104,8.746900
3,73.3887,426.5940,81,5.848411
3,545.5837,425.9876,153,11.737061
3,650.6262,427.6832,153,12.994228
3,929.1657,426.6043,129,9.148456
3,951.5490,426.8561,81,5.865165
3,89.7247,427.1791,72,5.094657
3,777.8159,426.4112,49,2.801971
3,1017.4667,428.0200,54,2.871628
3,126.4759,429.6520,90,7.259765
3,213.5821,430.0082,89,6.764128
3,238.4644,429.1060,71,4.861377
3,670.9904,429.6860,66,4.487589
3,849.3568,427.4613,22,0.729222
3,863.4438,427.5149,32,1.307555
3,356.6148,427.3613,14,0.340861
3,829.6546,431.1278,167,14.379030
3,903.4629,430.8704,104,5.992637
3,596.7690,437.8746,217,17.303973
3,145.8052,434.6663,106,8.421098
3,287.6667,433.0028,76,5.565884
3,512.7821,433.0683,74,5.237634
3,625.5745,433.8709,78,5.610144
3,692.8569,433.1345,65,4.164726
3,731.0117,434.4499,113,9.702702
3,180.2833,432.9045,42,2.364739
3,4.9035,436.6383,88,6.451917
3,55.5639,439.3856,107,5.720906
3,346.2979,435.2500,38,1.974788
3,995.1797,437.5678,181,14.266385
3,163.2646,437.2217,79,5.711197
3,393.4072,438.6958,115,9.513222
3,766.6971,441.4948,174,12.704149
3,196.5242,439.9601,129,11.437631
3,457.3847,452.5814,313,25.267156
3,791.9471,439.4713,114,9.292001
3,25.9432,441.8089,170,12.138791
3,477.7839,439.9188,87,6.306096
3,109.2815,443.8609,167,12.462210
3,228.9646,437.7959,14,0.324464
3,433.5133,442.9733,160,14.357100
3,529.5618,441.2717,100,7.782269
3,329.9208,443.3828,145,13.132422
3,497.2289,441.6608,81,5.880240
3,812.2774,440.2324,34,1.598824
3,861.8285,443.2118,148,12.404545
3,304.7201,440.9558,47,2.680984
3,361.2221,444.0661,97,7.539283
3,559.1002,443.2738,62,3.906828
3,886.7930,445.5869,164,14.956966
3,947.4794,443.0231,54,2.995248
3,248.1951,445.3362,127,10.765603
3,654.4829,450.5686,173,12.677270
3,928.5070,444.9646,143,12.134089
3,965.4360,445.3634,98,7.705338
3,85.2458,445.8460,96,7.385888
3,574.1834,445.1068,73,5.230463
3,634.9641,445.2595,68,4.409734
3,704.2821,447.5253,137,11.839273
3,132.1647,445.7711,61,3.717244
3,681.5760,448.2442,128,10.901050
3,69.8907,446.8862,69,5.115301
3,748.0508,450.5884,131,10.380231
3,217.8972,450.1546,150,13.068256
3,378.6927,448.9768,90,6.812012
3,269.8294,449.3723,69,4.653452
3,290.9653,450.5706,106,8.589406
3,512.3809,447.9901,39,1.919301
3,176.4948,449.9327,65,3.882597
3,617.1612,450.5607,67,4.369876
3,416.4913,454.8125,164,13.479713
3,546.9389,452.0522,111,9.025808
3,909.0518,452.0488,98,7.778017
3,828.2828,452.3545,153,11.734700
3,1012.0552,454.5851,138,11.579993
3,313.3747,454.6204,106,8.171358
3,724.6312,453.7295,112,7.933299
3,8.8231,454.9184,92,6.787032
3,588.0193,453.6826,66,4.620888
3,848.4533,454.4491,44,2.213497
3,160.8965,457.7923,136,11.953150
3,348.4106,457.0612,82,6.233276
3,47.5962,458.0031,77,5.411679
3,784.4898,458.1043,89,6.873383
3,802.1420,458.0247,108,8.866224
3,979.6052,459.7463,175,16.544888
3,101.2075,460.3350,82,6.175414
3,500.1567,461.8418,147,12.708792
3,634.1031,459.5020,46,2.727329
3,128.0385,462.5369,119,9.670882
3,526.9040,464.3056,170,15.740576
3,671.9497,459.2317,23,0.824843
3,181.2393,459.4403,11,0.151676
3,259.5090,462.3401,86,6.669098
3,333.0402,461.1072,37,1.877071
3,391.3667,464.6646,144,12.945503
3,924.8396,460.3325,20,0.629116
3,957.7463,464.0797,120,10.299191
3,197.1041,465.3063,130,10.950028
3,232.2321,465.6025,187,13.597456
3,480.6136,463.4213,82,5.742650
3,860.3094,463.1652,65,4.335015
3,279.8189,472.5098,197,14.241487
3,566.7620,465.4816,180,15.007411
3,765.9706,465.6977,146,11.926964
3,31.5991,466.9008,108,8.644723
3,63.5705,470.9634,185,15.728198
3,143.6061,465.2643,61,3.915434
3,368.0570,466.6190,126,10.709141
3,433.5748,464.4377,52,3.192014
3,899.2704,466.3183,93,7.166213
3,86.8247,467.1931,96,7.508154
3,617.4488,471.6527,188,16.495818
3,875.5148,468.2273,123,9.894705
3,735.5947,468.9806,110,8.964693
3,694.4786,469.3855,160,12.294836
3,839.3721,470.0706,97,7.586232
3,941.5499,470.4153,90,6.841546
3,595.7008,472.2502,136,9.366315
3,1001.8393,472.5142,160,14.881607
3,12.6799,470.4092,55,3.384597
3,313.5423,471.9474,86,6.697580
3,715.0132,470.0727,46,2.488393
3,813.8759,473.0831,158,9.971239
3,667.8844,472.9697,116,9.478875
3,1023.1923,470.6600,15,0.408357
3,469.8846,473.3061,62,4.070640
3,642.2967,473.5932,112,8.993850
3,298.1563,473.1564,51,2.935077
3,408.7274,475.4718,106,8.566486
3,926.5020,473.8296,70,4.418750
3,114.9816,474.9943,69,5.254677
3,178.4724,476.2570,100,7.956834
3,342.0805,475.3772,143,11.061777
3,155.0667,476.5187,96,7.244513
3,210.4730,476.8596,51,2.705979
3,550.0203,479.9875,138,10.975963
3,438.4353,478.2133,78,5.590919
3,913.0549,476.0691,28,1.220324
3,44.9410,478.1353,45,2.553567
3,99.2481,476.8267,17,0.420164
3,255.9912,482.3660,179,15.416444
3,495.1364,482.1036,141,12.400799
3,28.0111,481.8966,71,4.957836
3,779.0840,481.2819,67,4.585914
3,894.7541,483.2458,136,11.716127
3,513.7713,481.2490,46,2.538293
3,719.7904,483.8823,98,7.597358
3,759.9189,483.7435,115,9.387421
3,857.2890,485.2160,129,10.875096
3,794.7502,481.6699,41,2.121745
3,979.9272,483.0963,54,3.261464
3,76.2114,490.1823,126,7.510670
3,380.5003,485.6098,128,11.296547
3,1018.7419,484.8616,96,7.298431
3,194.2415,486.2544,98,7.662281
3,422.3035,484.8951,65,4.185016
3,458.3147,486.2827,105,8.330759
3,962.7402,486.3132,110,8.908858
3,220.2357,485.5715,53,3.130651
3,529.5050,488.0066,122,10.195738
3,574.0238,488.4357,133,11.652052
3,12.2120,487.6040,70,4.756421
3,129.0806,488.8198,109,8.870157
3,295.1636,488.6254,103,8.009048
3,320.2362,488.9432,124,10.655935
3,357.7765,487.7641,86,6.549371
3,654.9933,487.4979,78,5.954743
3,839.3602,487.3399,83,6.051968
3,677.2542,488.8269,82,6.048190
3,697.8822,493.1497,156,12.419982
3,739.6679,490.8805,138,12.411870
3,108.4430,489.9465,95,7.378496
3,162.5593,489.3176,61,4.046026
3,873.8788,492.2419,104,7.637563
3,925.5801,491.0113,147,13.202673
3,91.4281,489.4738,35,1.820152
3,233.5112,491.0973,102,8.016114
3,594.6208,490.6780,89,7.019261
3,404.3271,491.6924,83,5.987133
3,946.2229,490.3189,46,2.463089
3,477.5267,493.0124,82,6.079376
3,807.4366,492.8781,91,7.097071
3,339.5862,493.5213,47,2.450608
3,636.9720,496.7670,167,15.212771
3,785.5260,495.3577,86,6.396089
3,825.4549,494.9926,90,6.965322
3,990.4667,496.5237,149,13.257387
3,53.3484,497.0307,155,12.817103
3,619.7335,493.9961,45,2.574978
3,145.4024,497.8369,117,9.924526
3,178.5584,498.0858,102,8.149082
3,436.1641,499.3163,166,12.786361
3,511.4108,497.4312,37,1.923536
3,25.2745,500.1039,94,7.058876
3,906.3420,498.3792,57,3.684996
3,1023.6736,500.5393,78,5.372036
3,211.3081,501.1991,111,9.021204
3,664.6467,499.7476,49,2.624988
3,388.0818,504.5052,121,9.041333
3,495.6701,499.9649,31,1.312716
3,550.2033,506.3885,166,13.411107
3,888.6245,501.6786,57,3.616461
3,972.7672,500.4554,28,1.117649
3,266.4541,503.8441,93,7.165993
3,285.0340,503.8861,87,6.327290
3,461.8114,503.1606,73,5.196439
3,608.3281,503.5586,97,7.487881
3,725.8781,503.4055,67,4.567871
3,86.2768,504.0556,55,3.280509
3,119.3498,504.2571,75,5.257873
3,305.0919,504.2005,83,6.140538
3,762.8265,504.7384,82,5.993953
3,958.8932,504.1844,71,5.100077
3,249.1719,506.1010,93,7.144125
3,353.3904,506.4414,138,12.273141
3,526.0584,509.4652,172,13.663669
3,680.8483,506.2281,95,7.470456
3,327.7976,507.0134,113,9.450404
3,372.2707,503.3920,12,0.226169
3,575.4362,515.6080,201,15.041461
3,159.5699,506.5483,52,3.321143
3,845.3923,508.4233,120,10.211021
3,942.0922,510.9042,141,11.224445
3,195.9476,507.2511,55,3.406974
3,410.5961,510.2535,120,10.345882
3,710.2573,508.7408,100,8.115099
3,232.8927,509.8754,94,7.055144
3,744.6320,508.9100,75,5.190923
3,777.5239,509.0777,60,3.982535
3,797.5366,509.9717,101,7.809318
3,819.0943,509.8987,81,5.895627
3,69.7492,509.7013,46,2.499702
3,481.7421,511.1851,114,9.675263
3,594.3121,511.2054,90,6.989398
3,921.0407,511.4161,96,7.292410
3,864.0045,512.3701,104,8.191718
3,37.1959,513.9329,108,8.905614
3,100.7041,512.8803,86,6.348168
3,503.9031,513.0868,104,8.403733
3,1009.7913,514.1901,110,8.791310
3,12.7862,513.2547,83,6.306779
3,130.7439,515.0676,70,4.791973
3,179.5037,516.1021,108,8.738273
3,657.3882,517.6145,183,17.244928
3,882.3199,519.0006,114,6.611141
3,455.5263,518.6676,164,10.670806
3,626.1202,518.1730,146,12.574962
3,899.7186,518.4553,124,10.257322
3,55.7976,517.4319,74,5.247053
3,972.8011,519.1222,133,11.173842
3,148.7979,517.7242,63,3.927387
3,369.5350,519.6245,108,8.509010
3,992.6462,519.5150,120,10.267832
3,84.0005,519.0801,62,3.800017
3,280.6446,518.8733,72,4.869143
3,428.9328,520.2306,110,9.254882
3,722.8289,519.4358,70,4.694110
3,756.1887,523.7316,159,10.400494
3,115.3093,521.3125,61,3.816261
3,202.9930,521.8810,98,7.766507
3,306.8017,523.5438,155,13.426024
3,340.5405,521.3805,82,5.878321
3,261.7551,523.5086,116,9.938938
3,1022.7987,521.4663,42,2.192208
3,389.0889,524.4440,81,6.336254
3,220.3542,524.4171,82,5.981747
3,690.0557,526.3054,149,13.504792
3,781.8444,526.7522,105,8.520812
3,821.3113,526.9512,123,10.190926
3,236.0877,524.6608,39,1.878767
3,924.9395,526.2908,63,3.936548
3,406.3809,527.6788,76,5.325483
3,535.1064,528.7896,117,9.798435
3,607.7055,525.6441,30,1.278286
3,845.7179,530.0269,179,16.502419
3,73.1698,528.0946,54,3.210688
3,555.7327,533.7639,189,14.615877
3,593.7578,528.3958,67,4.548528
3,954.5005,531.3283,136,11.835876
3,12.2113,537.5336,183,13.458726
3,32.3996,531.0038,82,6.422529
3,92.7560,532.6714,118,7.326749
3,136.0249,531.2479,111,9.074071
3,156.5638,528.9697,39,1.842830
3,501.0783,530.7549,78,5.730692
3,802.9418,537.8235,225,19.958218
3,172.0816,532.3404,131,11.322070
3,327.3155,531.9342,106,8.379944
3,477.1631,532.8811,150,13.508207
3,670.1259,530.4331,58,3.508921
3,733.5948,533.1192,115,9.566725
3,446.7470,541.3622,209,15.677653
3,714.9543,534.8236,93,7.053624
3,912.0502,534.3773,76,5.298995
3,59.0224,536.6311,131,11.694940
3,250.4774,537.1542,92,7.250789
3,289.5765,537.9283,133,11.586738
3,624.1947,537.0555,111,9.412383
3,1011.6918,539.0842,151,12.744365
3,112.4274,537.7391,88,6.856070
3,372.0372,537.7977,93,6.906131
3,862.9538,537.6412,80,5.968734
3,203.3080,539.6585,120,10.668496
3,353.4218,539.9907,115,9.123996
3,518.2457,540.3208,129,11.077524
3,644.5321,537.7514,73,5.041108
3,937.2096,538.1888,79,5.760261
3,228.7882,540.8572,111,9.410692
3,271.2950,539.8774,66,4.553872
3,763.8655,539.9951,92,6.824371
3,988.4829,542.2610,152,13.336302
3,417.8639,541.9279,119,10.179561
3,878.4106,542.5713,94,7.251153
3,387.4414,543.5739,92,7.091873
3,571.6054,541.3730,32,1.456960
3,604.2400,544.7733,105,8.155902
3,896.5775,543.4152,88,6.698491
3,699.0942,545.9755,162,10.843886
3,151.0195,544.2653,50,2.986241
3,402.5963,542.9175,18,0.531855
3,586.0397,545.4229,81,5.997710
3,673.6287,547.1786,98,7.540749
3,825.0140,547.6733,105,8.303816
3,325.3066,547.2460,59,3.789208
3,493.9427,547.5042,93,7.176254
3,784.1095,554.2474,241,18.648894
3,44.1937,549.6487,118,9.889946
3,184.3513,549.8542,134,12.203469
3,132.8531,549.4477,140,10.956874
3,919.8471,549.6580,108,8.288605
3,966.9279,553.9384,193,13.743184
3,83.4328,554.1493,166,15.105778
3,305.2852,552.8554,141,12.824699
3,655.3107,552.6811,104,8.355392
3,259.2080,553.2049,105,8.267051
3,471.4021,553.8194,145,13.051413
3,105.4271,554.0526,92,7.108840
3,637.9264,553.3087,76,5.381388
3,23.7783,559.0543,180,15.481570
3,338.3093,553.6490,69,4.644907
3,551.1610,560.4072,172,13.125847
3,865.4644,552.0756,19,0.628217
3,163.2200,557.3632,141,12.313114
3,509.4113,555.3001,74,5.040464
3,618.7711,556.2245,104,8.339122
3,744.5760,555.9396,248,19.395522
3,216.1487,556.2816,82,6.014747
3,234.6339,556.5074,83,5.764570
3,571.0861,556.2007,75,5.523648
3,937.2859,557.3430,101,7.779385
3,428.6175,558.9581,132,11.681184
3,62.7712,559.1350,98,8.031483
3,355.2515,558.8003,88,6.684688
3,376.2911,563.1258,170,12.724958
3,839.3469,558.2003,74,5.069640
3,531.3204,564.6180,200,16.472895
3,718.4377,559.2098,71,4.781801
3,1022.4844,562.5234,180,15.900514
3,854.0396,560.3172,89,6.484824
3,900.7937,561.7968,109,8.773197
3,286.4024,561.3092,94,7.002494
3,394.8093,560.2121,41,2.242078
3,688.0593,562.3524,108,8.952628
3,409.6470,562.3376,87,6.497027
3,587.8841,562.6281,81,5.917726
3,879.5976,563.6271,112,8.703934
3,202.9117,564.7744,99,7.591405
3,452.6310,565.1050,114,9.731806
3,822.8770,562.8831,43,2.307303
3,118.8511,566.6937,120,9.388586
3,322.8632,565.6645,97,7.561698
3,140.5189,565.9130,56,3.396339
3,666.4457,566.0793,59,3.856589
3,1004.1066,572.2835,159,11.837770
3,486.9163,567.0884,71,5.336248
3,185.9213,566.6682,38,1.818370
3,264.0451,568.8363,85,4.970352
3,602.0008,570.7605,106,8.788964
3,921.4548,573.1579,112,8.394844
3,44.1819,570.6728,85,6.381563
3,806.2227,571.5490,127,10.389988
3,343.2603,572.7911,105,8.529041
3,76.3145,572.1678,66,4.602621
3,154.3705,569.7121,20,0.608417
3,247.3107,572.6053,85,6.507980
3,568.7371,573.1349,86,6.217584
3,630.3236,571.8421,76,5.340879
3,756.3443,572.9788,90,6.889015
3,949.5983,574.6959,140,11.992090
3,981.5341,574.1926,127,10.659031
3,96.7238,574.8868,116,9.604157
3,305.9570,573.8853,94,7.319582
3,774.5290,573.7005,102,8.084974
3,401.7011,574.1330,61,3.336645
3,709.4152,577.7324,204,18.231132
3,732.0380,574.1626,75,5.562608
3,506.7023,575.8534,152,9.726111
3,831.9914,575.4932,80,5.155699
3,227.4837,578.2536,129,11.160225
3,471.1545,575.3256,56,3.372705
3,896.0687,576.3445,62,3.863908
3,361.1093,576.9889,67,4.279648
3,867.2539,578.7339,127,10.967823
3,283.9933,579.2589,105,8.659649
3,178.1834,579.9512,120,9.905061
3,437.9501,579.7440,100,8.148679
3,652.1229,581.2177,155,14.118121
3,680.6199,582.8077,198,17.781359
3,27.8727,580.5143,81,5.747409
3,61.1955,579.9859,50,3.027850
3,848.1556,581.7265,112,9.399270
3,149.7131,585.5498,169,15.592078
3,616.9133,581.4023,48,2.754485
3,820.7450,579.9940,27,0.939002
3,421.6862,583.6839,70,4.727770
3,935.1396,582.9522,66,4.246210
3,1021.9251,584.2655,79,5.624516
3,211.1424,587.0309,166,13.777146
3,268.3102,583.8768,52,3.202274
3,324.8321,586.6108,137,11.873248
3,388.6004,581.6359,15,0.375530
3,458.1879,585.0771,90,6.793565
3,122.5106,585.7399,109,8.412402
3,792.8857,585.6781,74,5.167859
3,402.3453,588.0886,90,6.505118
3,488.3139,588.5224,149,13.225629
3,884.4499,585.2773,52,3.107601
3,969.3118,587.3590,115,9.464008
3,549.0537,587.4158,89,6.737545
3,992.9443,586.5741,42,2.292580
3,43.8611,589.0852,115,9.495145
3,76.1320,588.4358,69,4.698222
3,246.0838,588.8409,76,5.563333
3,583.7814,589.9002,117,9.760463
3,601.3847,587.7886,61,4.109162
3,749.0579,588.9625,92,6.815600
3,374.5135,590.4066,121,10.354732
3,516.2451,588.4904,56,3.396706
3,566.0755,589.1731,64,4.073000
3,767.0034,589.7362,76,5.480769
3,908.2666,592.3707,166,15.362551
3,351.9494,589.4393,57,3.337959
3,628.9756,591.0542,104,8.425660
3,729.2024,589.3424,42,2.203614
3,191.5406,591.3622,72,4.965345
3,11.9740,593.1834,105,8.495787
3,296.7928,592.9705,63,3.948831
3,811.6018,595.5460,123,9.613527
3,91.6996,595.6720,95,7.387430
3,534.1126,597.6629,130,11.136683
3,1006.0576,596.0264,73,5.162551
3,172.8952,598.5441,103,7.601626
3,949.3335,599.6473,147,13.089783
3,277.4635,599.3215,99,7.870412
3,434.6749,598.5825,84,6.093488
3,700.1903,604.6569,166,10.997825
3,784.8014,598.1680,88,6.452229
3,843.4405,599.9237,131,10.623285
3,62.0604,601.6845,156,14.080262
3,111.3368,599.0492,62,4.062764
3,133.6745,598.4199,58,3.636049
3,416.8180,600.0188,82,5.705052
3,471.4719,600.4172,117,10.145365
3,611.3049,599.6464,74,5.126912
3,647.2270,597.9880,38,1.765434
3,868.0581,599.2880,76,5.423923
3,258.2903,601.8600,100,8.123542
3,717.9931,598.9889,45,2.696678
3,928.5594,600.8857,93,7.208717
3,885.4297,601.5078,89,7.045970
3,390.9347,603.5795,107,8.654959
3,26.2948,603.8348,103,8.067492
3,312.2040,605.0680,146,13.419251
3,451.8480,603.2748,67,4.601341
3,559.7246,602.9134,62,3.844582
3,678.8010,603.3005,65,4.483100
3,828.1339,601.9768,46,2.705629
3,660.1971,604.9809,114,9.505650
3,753.9471,604.5722,72,4.873424
3,978.0005,608.1732,243,18.547490
3,1018.4887,602.3310,19,0.629039
3,240.1223,605.6812,83,6.385872
3,342.8000,605.5645,188,14.985230
3,515.2420,606.2917,103,8.482824
3,158.4097,605.4456,52,3.297796
3,204.3430,605.6115,48,2.652073
3,496.3786,607.2849,103,8.160989
3,595.5052,603.3932,16,0.452823
3,221.0395,610.1884,147,12.764167
3,367.1039,607.7316,89,6.701339
3,576.7496,607.0804,78,5.824237
3,633.8209,608.1468,97,7.681830
3,144.5460,606.8569,38,1.848290
3,733.2377,610.2589,140,12.128101
3,293.4076,610.9584,95,7.580480
3,771.2005,615.8874,154,10.171022
3,188.6471,612.1227,111,9.296380
3,404.5722,611.1364,68,4.515727
3,85.3709,616.2743,254,20.205138
3,548.6657,614.1954,97,7.500234
3,9.6914,615.8809,117,9.501830
3,47.9448,615.8182,123,10.152469
3,605.9909,613.6681,47,2.727213
3,858.0481,615.2920,112,9.007992
3,916.0885,614.7355,146,10.006519
3,113.7918,616.6983,102,8.107711
3,441.8128,615.3867,82,6.055596
3,716.3836,615.5394,72,4.891205
3,590.6945,615.1267,37,1.724067
3,795.9932,617.9426,206,15.724790
3,1015.5802,617.4737,114,9.387636
3,130.1498,617.4427,82,5.954786
3,272.6079,618.1504,115,9.615837
3,531.0509,614.3090,10,0.155268
3,821.2345,617.9857,102,7.967507
3,462.4706,625.1864,157,10.498494
3,678.4526,618.9306,101,7.734705
3,890.3771,619.5819,140,12.354531
3,28.7497,618.6147,41,1.911730
3,169.1989,618.8999,70,5.103588
3,840.2061,617.1141,25,0.999546
3,987.9726,629.4409,248,17.103963
3,247.7439,620.9605,87,6.474870
3,620.8681,621.0526,101,8.392189
3,148.9856,622.8269,109,9.147496
3,381.1878,619.0630,24,1.068161
3,482.1265,626.0100,170,14.681358
3,752.3080,622.7048,105,8.348039
3,940.8840,624.9471,159,10.443208
3,327.5552,623.0759,75,5.419914
3,507.0291,629.2770,220,17.751480
3,577.3449,623.9227,94,7.065043
3,643.9094,623.5669,75,5.274238
3,203.9005,625.1179,99,7.538652
3,416.6104,624.8089,84,6.190187
3,963.7341,625.3941,81,5.780438
3,365.6554,627.7392,133,11.789263
3,400.0307,626.9915,78,5.737938
3,658.5568,626.1097,76,5.309806
3,308.7455,631.2601,138,11.000742
3,344.4717,631.7512,150,11.637285
3,537.7526,629.5207,131,11.191067
3,561.5284,626.7501,54,3.296087
3,434.4109,629.7954,78,5.545400
3,597.8149,629.5093,83,6.152742
3,102.2174,630.3053,67,4.504611
3,179.5153,631.7464,100,7.997578
3,229.9141,632.2193,138,12.315447
3,834.1983,630.9653,109,8.918519
3,877.1226,637.5730,173,12.318838
3,290.9427,632.0635,99,7.741597
3,18.9351,635.3372,117,7.199836
3,35.7979,628.8118,9,0.158604
3,692.4608,634.3808,130,11.090296
3,733.5988,633.1093,107,8.822222
3,910.5531,631.6749,71,4.964741
3,383.3333,636.0007,116,9.340627
3,712.7319,639.4510,171,15.344457
3,50.8467,637.1297,120,9.862120
3,130.4147,637.1667,113,9.520180
3,853.7206,637.1683,100,7.992568
3,268.5614,639.7616,160,14.723412
3,674.2420,638.9670,123,10.323538
3,898.0081,636.6701,49,2.703900
3,1002.7321,635.3649,24,0.885620
3,84.9520,638.5656,84,6.276253
3,161.3134,638.7650,93,7.265679
3,201.9220,639.3533,65,4.113367
3,248.3247,637.2903,50,2.749968
3,448.8646,638.0435,68,4.746132
3,624.0031,638.9188,97,7.884259
3,1019.5302,640.2814,147,12.715221
3,66.8062,638.7132,70,4.754984
3,775.2023,641.4108,145,12.684345
3,808.7799,640.3655,141,12.447604
3,326.3504,640.9741,86,6.296663
3,555.7317,640.8771,79,5.434071
3,424.0985,642.3756,98,7.546127
3,607.3847,640.9738,66,4.481772
3,955.2120,642.4233,110,8.986559
3,521.5327,643.5804,103,8.215885
3,640.7825,642.8535,98,7.873791
3,924.3970,642.8712,72,4.663598
3,573.4769,643.5081,85,6.201595
3,31.6710,650.7946,163,10.636580
3,589.9588,643.4377,59,3.632635
3,940.1419,642.1995,28,1.123977
3,94.5908,658.0333,340,26.134727
3,751.8538,647.4964,136,11.507579
3,178.4564,646.4420,38,2.010141
3,792.4717,647.6940,67,4.591269
3,402.0835,648.9529,158,10.738525
3,658.1510,649.5454,106,8.647268
3,995.2578,648.5060,89,6.802899
3,144.9249,650.8029,127,11.086577
3,841.5201,650.1666,112,9.113549
3,213.9965,652.5911,170,15.944684
3,461.4057,650.3534,76,5.395051
3,489.8339,651.5954,116,9.350708
3,541.9018,650.5713,85,6.395804
3,908.4200,651.8512,111,9.033151
3,354.2762,650.9779,76,5.406033
3,732.2717,652.5045,100,7.967298
3,235.2620,652.6647,87,6.750316
3,474.5027,650.1064,26,0.897231
3,252.1627,652.3672,44,2.340113
3,123.0726,654.2965,75,5.424419
3,317.1615,654.6128,85,6.487882
3,373.0042,655.2744,125,10.596444
3,439.1686,655.7349,118,9.754819
3,65.8907,657.2440,150,13.576339
3,819.6312,657.8674,145,12.687668
3,861.1367,654.6804,68,4.759638
3,930.0040,654.5659,48,2.485283
3,189.2872,655.6355,57,3.694596
3,296.5973,658.2829,142,12.521353
3,340.8651,656.1859,71,4.771678
3,684.1771,669.7542,377,28.906435
3,888.7851,657.9158,120,9.941618
3,7.0009,659.3988,150,13.609242
3,269.6162,658.1964,78,5.570818
3,582.7866,656.8072,31,1.292756
3,945.1764,657.3629,36,1.703666
3,971.4049,659.0826,204,16.842805
3,171.5636,661.6900,143,10.766135
3,520.1964,658.2444,51,2.946654
3,568.0701,658.8756,68,4.235653
3,616.0835,661.8475,214,16.240213
3,675.0323,656.9610,21,0.790687
3,781.3420,661.0578,102,7.821301
3,505.1343,661.3052,66,4.519652
3,642.0456,660.6810,61,3.963676
3,42.8509,660.3654,28,1.184274
3,391.6192,663.9454,59,3.770526
3,417.0550,665.9080,110,8.861579
3,553.1295,664.6870,89,6.648070
3,763.0517,664.6916,100,7.860761
3,1004.5494,666.3923,171,15.585613
3,251.6820,666.8239,102,8.031049
3,593.5717,665.2828,88,6.459695
3,327.1057,666.2241,73,5.019396
3,469.1853,666.1541,67,4.786055
3,132.4447,668.1525,88,6.783950
3,535.1623,667.0813,61,3.687312
3,723.0301,668.3488,135,11.606894
3,804.3432,667.4946,76,5.249471
3,848.6292,668.2826,88,6.889996
3,110.5874,670.4801,119,9.769273
3,281.6592,669.1965,98,7.708564
3,453.6134,668.8927,95,7.351323
3,869.5871,669.1014,96,7.498298
3,196.5289,670.3147,88,6.919103
3,656.6215,670.6877,118,9.668093
3,915.8907,670.2782,109,8.916538
3,935.0734,669.3142,55,3.272449
3,152.6856,679.0199,220,16.968652
3,489.5763,673.2190,133,11.673388
3,342.2913,672.0811,64,4.131739
3,746.2353,673.6874,120,9.814175
3,949.6019,671.8614,73,5.113519
3,52.2316,676.2176,152,13.596584
3,233.1765,675.0198,120,9.901630
3,360.7956,674.3224,96,7.393111
3,378.2904,673.3214,83,6.175150
3,213.0963,674.8032,78,5.729257
3,835.3526,679.9331,172,12.250479
3,306.2929,681.6692,206,17.788615
3,521.5004,679.2567,179,12.917787
3,568.6504,672.7417,13,0.314538
3,400.8326,677.2295,95,7.195003
3,581.2646,675.7479,64,4.004612
3,886.7568,676.4611,79,5.390580
3,26.7989,677.5362,181,14.194008
3,434.2065,679.3567,142,12.461401
3,636.0961,678.2991,92,7.069042
3,708.6505,676.7843,72,4.962248
3,978.9143,678.8042,118,9.777949
3,1.6802,678.2669,86,6.600262
3,794.2357,678.0825,85,6.231548
3,175.6016,683.5528,147,9.919487
3,546.5808,679.2261,70,4.758176
3,900.5282,679.6989,56,3.612339
3,70.8739,683.3566,124,10.445409
3,270.8064,684.6070,93,6.861096
3,928.8565,684.7612,103,8.091524
3,98.9248,683.8317,55,3.228150
3,251.5733,685.0965,104,8.008940
3,614.6986,686.2558,144,12.335016
3,859.4539,682.9516,38,1.865164
3,468.6565,687.3868,152,13.226478
3,198.7871,687.3115,97,7.666465
3,955.6377,688.1239,171,14.378305
3,129.2329,690.0550,158,13.723585
3,341.1676,687.5418,89,6.870444
3,759.3593,689.6662,143,12.505296
3,875.0530,686.5966,44,2.293005
3,1009.9058,688.5099,102,8.081200
3,503.6637,687.9160,66,4.739903
3,591.6607,689.5879,122,10.458161
3,818.0948,688.5891,94,7.345912
3,387.4457,689.3324,78,5.394420
3,720.8376,688.0536,32,1.424286
3,360.4238,690.6442,75,5.302807
3,565.3943,691.0202,171,15.292970
3,782.2656,692.4423,159,14.495000
3,323.8760,694.0217,121,9.851980
3,220.3745,693.2362,107,8.664544
3,448.7310,692.5757,84,6.216667
3,649.3470,693.5268,118,9.915471
3,912.3493,691.5356,56,3.682899
3,286.8360,695.5566,143,12.304820
3,702.2154,694.2870,144,11.716017
3,987.2025,693.0651,66,4.343736
3,38.5765,695.0540,86,6.548170
3,88.1093,695.6591,102,8.310768
3,406.7010,696.4749,113,9.163004
3,5.5521,697.6158,130,11.193341
3,488.6005,697.6607,119,10.176190
3,733.3773,697.8585,120,9.775169
3,864.9783,693.6319,19,0.589828
3,541.3160,697.4211,83,6.182781
3,806.4326,697.4056,74,4.898044
3,848.1016,699.6196,123,10.446317
3,165.7941,698.2152,42,2.231009
3,375.8916,700.2424,93,6.848237
3,108.4187,707.2386,218,17.040095
3,887.5191,700.9765,175,14.125545
3,420.1809,699.9144,43,2.183407
3,681.8625,705.0002,159,13.830940
3,239.7735,702.7630,74,5.166040
3,259.7934,704.0583,129,11.128231
3,517.7109,703.9798,187,17.344706
3,663.5162,700.0423,28,1.186581
3,1001.4043,705.0292,134,11.619627
3,58.4814,706.6628,114,8.975646
3,204.7628,705.1357,101,8.247478
3,930.5915,708.6100,160,13.099731
3,962.4878,705.2438,111,9.222358
3,143.9843,706.5062,104,8.476290
3,750.0143,715.2851,168,11.516818
3,909.6034,705.8138,72,4.805366
3,17.8338,710.8398,170,13.777122
3,342.7434,706.3645,134,10.396958
3,611.6276,708.4204,194,18.347286
3,636.2566,706.4076,77,5.222550
3,179.8269,709.3535,123,10.505270
3,434.5809,708.7429,134,11.838517
3,469.4697,705.7360,34,1.602781
3,822.5018,709.2278,151,11.542048
3,715.6007,708.0968,59,3.764379
3,978.1024,707.7370,66,4.347393
3,393.3136,710.2432,96,7.155751
3,453.2285,709.8629,91,6.805881
3,585.8623,710.2330,133,11.218580
3,795.2901,708.4759,46,2.277892
3,310.9129,712.1584,141,12.025115
3,775.3405,711.3583,120,10.429432
3,39.2176,711.0389,76,5.506448
3,565.8527,711.7449,75,5.364043
3,865.0002,713.1086,151,13.399065
3,222.6935,720.0923,233,18.804436
3,296.4335,710.2878,21,0.582649
3,549.1553,714.9503,117,9.836399
3,77.8633,720.3056,262,22.654627
3,664.1949,715.6810,99,7.676169
3,159.0619,717.8017,120,10.156689
3,276.8701,718.8549,150,13.145545
3,481.8013,718.2576,141,12.059178
3,702.1550,715.9793,71,5.108480
3,947.5031,716.2056,80,5.783046
3,731.6307,717.9282,101,7.943480
3,502.7196,728.2084,154,11.380552
3,649.1512,718.6917,78,5.390248
3,895.3182,719.6447,121,10.038279
3,377.4060,724.4451,159,11.637310
3,415.6067,720.4827,122,10.945167
3,354.9489,723.6756,150,10.843546
3,845.5561,719.1341,44,2.294384
3,530.2622,721.9946,103,8.118950
3,989.9518,720.9020,50,2.974835
3,196.1750,722.9694,98,7.961770
3,249.0801,722.0665,151,10.909971
3,916.8172,723.0182,85,6.198263
3,1010.3439,724.8388,153,13.512741
3,125.8876,725.4793,219,18.963062
3,687.2157,723.2813,72,4.951084
3,974.8952,723.4923,62,4.264409
3,632.1721,726.1137,131,11.399119
3,795.5502,725.7514,140,12.278950
3,46.6987,728.9500,167,14.040565
3,463.0088,726.9336,87,6.165025
3,833.2628,728.8442,125,10.187213
3,334.3297,727.7959,109,8.855256
3,446.8829,724.8353,21,0.543538
3,593.7969,726.2421,55,3.423689
3,712.4140,728.5216,100,7.845925
3,27.7035,728.7252,54,3.444639
3,318.3799,728.3650,55,3.488290
3,396.9119,729.9371,77,5.446722
3,871.5897,730.7434,117,9.584847
3,561.1863,731.3326,118,9.916920
3,774.8095,727.2781,15,0.388668
3,949.4128,729.2069,33,1.358942
3,179.5171,732.8625,121,10.173595
3,288.8098,732.3016,112,9.029228
3,99.9373,733.5729,110,8.116516
3,303.7297,730.9530,34,1.511282
3,433.3295,733.5777,121,10.172955
3,13.1477,734.2995,102,8.517558
3,616.5787,734.1573,90,6.740189
3,762.1007,734.5156,122,10.120295
3,815.3637,733.9644,94,7.452285
3,521.1551,732.7772,42,2.123249
3,579.9605,734.5759,75,5.061539
3,963.4452,734.3365,84,6.344376
3,149.3439,736.4096,102,8.123954
3,481.6074,732.9324,16,0.434820
3,985.4545,733.0323,26,1.105999
3,670.3351,736.1831,84,6.225037
3,935.9169,736.4838,80,5.505111
3,895.2811,737.5882,75,5.337819
3,412.7959,739.1293,85,6.232633
3,697.6719,736.5371,34,1.645203
3,920.5442,737.4469,56,3.576902
3,164.1516,738.2083,46,2.624540
3,364.1081,736.9121,22,0.873951
3,654.5145,739.8903,91,6.999986
3,784.7929,739.2558,66,4.372307
3,197.3804,739.0468,47,2.797234
3,231.6973,741.2173,96,7.563179
3,252.6970,741.1511,121,10.343979
3,452.4891,739.8910,58,3.647999
3,723.8677,741.2917,100,7.959602
3,744.4499,741.1081,104,8.397991
3,850.5692,743.0426,158,14.051688
3,1020.8795,739.1069,48,2.842938
3,602.1474,742.9784,115,9.781512
3,313.4205,742.4769,64,4.199971
3,469.0084,743.0897,89,6.547293
3,544.8387,741.2102,59,3.476102
3,79.3255,744.5444,105,8.133294
3,134.2860,743.8839,61,3.809370
3,686.4704,744.9976,94,7.207555
3,880.0080,742.7826,43,2.425902
3,1002.6101,746.1810,149,13.128228
3,338.8656,746.3747,123,9.721336
3,389.5553,744.7271,51,3.053540
3,631.7471,744.5145,57,3.525685
3,55.7032,746.0722,79,5.388027
3,101.7495,746.7723,32,1.172092
3,117.3603,747.6417,84,6.115718
3,277.9683,750.0244,182,15.434263
3,374.7258,747.2233,86,6.300074
3,518.5895,747.4955,70,4.628965
3,908.7230,746.8177,47,2.615170
3,951.4273,748.2887,117,9.906121
3,978.4898,748.8452,128,11.003267
3,297.8442,746.2955,30,1.307179
3,491.4879,749.0765,178,13.078124
3,212.3818,750.7216,140,12.351392
3,565.6861,752.8530,145,10.083312
3,586.7190,751.0671,97,7.553862
3,809.5205,755.1388,106,5.673627
3,828.6892,751.9925,139,10.109176
3,38.0313,757.0817,134,10.010150
3,3.2375,753.2254,87,6.519941
3,19.2824,752.8464,75,5.356810
3,437.1435,752.1138,73,5.456659
3,772.7474,754.1664,127,10.854275
3,926.3853,753.0929,86,6.366338
3,869.4195,757.8654,134,9.860508
3,532.9376,758.0748,177,15.099402
3,699.2617,754.9859,80,6.007162
3,792.8382,755.9285,107,8.814921
3,184.5264,756.0091,206,17.242102
3,734.3596,754.9181,71,4.915762
3,157.2342,756.8961,99,7.761075
3,646.1820,757.3823,116,10.115252
3,892.9714,756.9848,113,9.545552
3,140.1201,755.6779,34,1.552710
3,627.3268,757.2813,57,3.641474
3,667.3685,759.8391,152,13.805661
3,715.1334,757.2461,64,4.168401
3,89.8706,759.0073,96,7.343798
3,396.0751,758.7138,79,5.730399
3,418.8204,759.9409,151,13.827301
3,753.8147,763.1830,103,6.366047
3,61.3412,759.3040,60,3.819003
3,361.1569,759.8150,88,6.364363
3,239.8576,759.4839,126,8.754483
3,307.3226,761.1831,118,10.001457
3,328.8898,764.7386,172,15.246524
3,456.2858,761.2542,100,7.819929
3,854.6090,758.8285,19,0.602864
3,913.6260,760.0016,32,1.325434
3,110.8872,762.6395,80,5.544941
3,347.3884,760.0816,8,0.133183
3,607.2441,764.9064,137,11.974255
3,941.6757,763.9721,106,8.502586
3,986.6286,762.3122,51,3.080155
3,73.7369,763.5505,57,3.351598
3,471.7914,764.8671,88,6.378624
3,1001.4785,765.0921,87,6.633846
3,497.9123,764.4802,62,4.227922
3,555.3449,765.5940,95,7.581488
3,260.6458,769.1960,138,11.446870
3,377.8359,766.4069,80,5.795919
3,513.7117,766.2333,65,4.389883
3,683.2954,770.1574,108,8.210129
3,205.6719,770.1544,80,5.484610
3,963.3474,772.6374,177,17.049850
3,138.0411,771.7241,133,11.130664
3,223.1269,769.9502,71,5.057657
3,1020.2156,771.8527,131,11.402350
3,16.1653,785.5690,325,25.652172
3,281.0299,774.7836,150,10.997989
3,436.8853,772.5265,112,9.379358
3,585.4875,772.4548,134,11.255591
3,48.1153,774.1335,137,11.927635
3,624.6577,773.1296,85,6.182629
3,703.8268,772.8564,93,7.086204
3,731.9136,772.6686,151,11.585223
3,798.6477,772.9866,88,6.637241
3,823.9266,773.6740,104,8.360932
3,350.9568,772.7406,64,3.963861
3,770.8633,771.0010,13,0.311374
3,885.9321,774.5584,125,10.324532
3,926.9247,770.0364,9,0.204687
3,177.6523,775.0493,115,9.660083
3,401.3875,776.8357,140,12.313276
3,486.8730,773.1555,48,2.653173
3,845.0331,775.7130,108,8.829747
3,95.4087,775.5560,84,6.137538
3,909.4637,777.2569,144,12.611734
3,541.6806,776.9313,100,7.967438
3,113.7674,778.2920,75,3.656638
3,651.3462,779.5422,167,14.854093
3,154.3492,776.1217,24,0.815457
3,242.6553,778.8860,105,8.814449
3,319.2054,785.0219,176,12.240000
3,366.5201,779.2858,68,4.456535
3,457.1058,780.0228,90,6.500761
3,780.6574,779.4760,88,6.719405
3,863.9981,782.4004,145,12.727407
3,74.8375,783.4061,159,10.988387
3,507.1154,783.9460,143,11.687721
3,567.6003,782.2272,92,7.053930
3,983.6338,784.4853,151,11.768453
3,755.5818,782.9831,150,11.240367
3,208.5922,782.5621,30,1.190099
3,383.4512,785.0692,81,6.239250
3,474.6119,782.4782,32,1.304709
3,946.0299,783.5959,65,4.544109
3,296.2885,786.2332,90,7.125198
3,929.2927,785.5041,84,6.304844
3,710.7842,788.5562,141,12.534673
3,125.6500,788.6682,99,7.730061
3,162.7666,788.7934,114,9.307319
3,193.9188,788.1873,98,7.644401
3,525.0990,786.7979,70,4.806706
3,226.5356,791.0378,145,12.305366
3,420.2281,789.5041,141,12.311225
3,486.7113,788.3151,67,4.118557
3,599.0856,793.0549,156,12.859959
3,815.7412,788.4834,73,4.936659
3,1000.7326,788.2740,56,3.464079
3,617.5092,789.6423,70,4.632789
3,674.5803,790.2155,119,9.899521
3,831.8016,796.5004,149,9.191643
3,351.4458,792.5016,156,13.711946
3,441.3937,790.5731,78,5.663307
3,690.7790,788.3193,27,0.999843
3,798.0011,790.5164,94,7.371733
3,1016.3176,795.2702,140,10.695238
3,261.1832,793.8949,136,11.685371
3,888.8227,792.3170,86,6.594462
3,38.7136,793.5875,185,14.072405
3,97.1755,794.1132,113,9.408068
3,143.1501,793.3648,76,5.419330
3,632.1972,795.6428,91,6.402912
3,730.5463,794.6015,90,7.165396
3,542.1011,795.8604,102,8.288213
3,281.4832,796.7082,73,4.892329
3,580.0312,797.2607,103,8.046363
3,454.4556,803.8137,232,17.444729
3,850.5683,795.2580,29,1.156720
3,914.0139,799.2739,132,11.318347
3,334.1590,796.3117,22,0.713704
3,560.9121,799.2678,108,8.931792
3,965.9457,799.4319,126,10.838715
3,182.5181,800.8156,117,9.980000
3,373.7950,800.5704,124,10.616157
3,657.2713,799.8799,84,6.250859
3,762.3987,803.0700,333,26.199346
3,394.7872,800.2092,75,5.415832
3,493.0357,798.5277,29,1.093081
3,77.9699,800.1069,37,1.908656
3,208.9643,803.0443,121,10.191167
3,61.2700,802.1689,63,3.740875
3,305.6308,803.8095,133,11.427384
3,478.1823,801.9251,58,3.396119
3,871.3389,804.9802,144,12.454158
3,940.4066,805.2663,212,17.998241
3,156.1587,803.0648,43,2.486391
3,684.4782,808.1920,175,11.901044
3,409.4007,804.8379,60,3.902798
3,999.3121,806.2956,96,7.701867
3,525.9560,807.8085,113,9.188155
3,136.3300,809.1904,140,9.180986
3,809.7470,809.7190,145,12.957199
3,89.7108,808.2571,61,3.825232
3,896.5036,810.1485,131,11.517095
3,237.0863,813.6158,204,17.707329
3,340.0983,808.4984,55,3.304019
3,496.7355,813.7531,267,19.994153
3,614.4659,812.6176,163,14.655335
3,721.7534,809.8289,110,9.081348
3,790.2810,809.5806,77,5.644720
3,982.7326,811.2650,117,9.939554
3,323.9639,811.0257,89,6.492126
3,428.9950,812.2307,117,9.973111
3,24.5490,811.1890,45,2.502259
3,110.9958,816.3756,198,18.636609
3,275.6174,811.9610,68,4.556654
3,639.8340,814.1606,159,13.519815
3,851.3433,813.7040,117,9.716157
3,43.3090,814.2314,112,9.062511
3,259.4037,814.5159,87,6.572855
3,549.2348,815.4019,98,7.885173
3,702.5574,814.9648,95,7.328110
3,169.2108,816.6656,117,9.864641
3,392.7499,814.6607,56,3.520032
3,661.7426,814.9057,62,3.823707
3,3.9349,817.6407,88,6.659899
3,592.3479,818.2377,113,9.140199
3,199.3572,817.3492,51,3.015363
3,352.7279,819.6861,103,8.304097
3,65.0440,821.3583,194,16.705256
3,371.5333,820.3752,118,10.077078
3,830.1841,822.8823,188,16.118127
3,913.2360,820.5889,83,6.176144
3,461.8498,822.5121,100,7.767843
3,564.5139,821.7290,104,8.245631
3,217.2379,822.3404,74,5.159670
3,739.9615,822.8158,79,5.855080
3,871.3918,822.8993,80,5.994141
3,184.8920,822.1717,39,1.959223
3,285.3507,828.7200,191,13.343332
3,410.4786,824.8603,151,13.673861
3,1010.6273,824.7415,106,8.450464
3,88.0995,825.2301,92,6.648174
3,313.7288,824.0169,71,5.005052
3,946.6002,829.7844,128,7.075923
3,335.1272,824.9444,49,2.896498
3,781.4576,825.9111,143,10.884169
3,966.4090,827.0390,153,14.117838
3,757.3395,826.9808,108,8.911830
3,928.3790,827.5109,109,8.535403
3,21.9859,827.2298,76,5.421147
3,150.1412,829.1005,148,13.471614
3,579.6353,827.6268,79,5.451761
3,531.7230,830.2369,140,12.532677
3,127.0724,830.8023,104,8.719459
3,510.8337,833.4569,166,13.533296
3,681.7856,829.4890,79,5.658938
3,712.7345,830.0654,103,8.347050
3,250.9074,827.8284,21,0.650670
3,265.6314,827.7191,15,0.413322
3,645.6066,828.9446,31,1.397064
3,39.3925,828.7812,14,0.349913
3,447.7165,830.2420,56,3.537408
3,659.5116,838.9327,201,15.510902
3,199.4023,835.7623,179,16.274066
3,391.8281,832.8280,73,5.197571
3,857.4281,831.3723,49,2.436500
3,991.9791,834.6307,146,12.587486
3,609.2511,834.1817,97,7.509406
3,625.6702,831.8300,39,1.882858
3,803.9644,834.5628,132,11.860841
3,885.3684,834.6549,98,7.780381
3,7.2240,834.8692,83,6.251208
3,172.7127,842.4331,183,13.109443
3,728.6726,835.1418,105,8.372459
3,226.8844,834.2519,20,0.637946
3,349.4492,835.7307,49,2.715155
3,240.2197,837.4193,89,6.508607
3,303.7393,838.8690,121,9.975247
3,470.4521,842.7478,158,10.684842
3,491.1230,840.4519,141,12.201697
3,694.2773,837.5118,72,4.735448
3,74.5995,836.7597,36,1.703924
3,98.5450,835.4476,16,0.506494
3,435.3975,840.4594,145,12.408498
3,904.1286,838.8467,117,9.817101
3,330.0655,841.9285,190,15.135289
3,554.0366,843.0369,166,15.626032
3,836.9575,848.3903,135,8.756251
3,259.7477,842.9231,117,9.595263
3,364.3348,841.1515,80,6.188041
3,591.3855,840.9955,76,5.476291
3,27.8870,843.5870,105,8.551729
3,62.3095,839.8288,18,0.475473
3,765.8616,840.8416,43,2.306246
3,869.4776,841.7959,64,4.212512
3,1012.8125,842.5631,75,5.196836
3,48.1025,854.7108,272,22.771475
3,109.2747,841.6124,24,0.836512
3,406.9545,842.6959,48,2.784792
3,636.3453,843.9176,102,8.146912
3,750.4417,841.1307,16,0.489017
3,381.4680,845.0339,104,8.226735
3,819.6310,844.1345,40,2.008248
3,783.4265,847.9410,136,11.926021
3,853.6789,846.0507,66,4.527473
3,929.3842,846.7980,85,6.594980
3,219.6907,847.8816,97,7.832279
3,575.1537,848.5628,98,7.658297
3,680.6871,847.1602,65,4.234970
3,92.5151,849.4951,124,10.732306
3,120.9006,847.5016,62,3.981345
3,138.6161,850.1093,137,12.001105
3,451.2689,847.5507,28,1.128368
3,525.2368,848.3048,57,3.718745
3,962.3718,850.5862,117,9.812153
3,74.5146,849.6670,52,3.068223
3,279.4966,850.7282,87,6.598082
3,618.7202,851.8332,121,10.067169
3,700.1607,851.8598,80,5.878361
3,416.2550,853.7789,114,8.308876
3,717.2576,853.1980,93,6.983798
3,738.9283,853.7576,109,8.734303
3,979.5600,851.8424,70,4.643111
3,1023.6189,852.9745,80,5.828714
3,883.7280,853.2910,79,5.619433
3,996.9840,853.3346,65,4.463136
3,396.6778,853.3040,37,1.946599
3,906.7914,857.5581,147,10.701481
3,942.9036,855.1652,68,4.714618
3,188.6719,856.7475,90,6.904257
3,298.2342,855.3562,54,3.376875
3,753.0046,854.4477,26,1.021616
3,805.1876,857.8820,139,12.179377
3,159.5116,860.2598,159,13.443458
3,16.2275,860.5533,125,10.130430
3,233.4569,860.2966,134,11.765299
3,596.4650,858.9639,112,9.583337
3,766.3569,858.2638,77,5.281043
3,322.7993,859.6681,100,8.364794
3,544.2257,862.6539,168,13.986077
3,205.4653,860.1556,73,4.996143
3,253.0819,861.0632,101,8.247512
3,356.5326,860.5818,231,18.310847
3,870.7672,859.2902,53,2.968825
3,479.1093,863.0514,125,10.463957
3,667.7115,861.8261,94,7.355544
3,499.9598,863.1904,96,7.581124
3,66.2253,862.0161,42,2.438933
3,105.2581,862.9515,65,4.277465
3,429.6303,862.2504,40,2.129358
3,518.2967,864.7541,134,11.506850
3,645.7645,867.8419,213,20.085557
3,683.1334,870.5469,190,13.185403
3,856.3141,863.6578,78,5.532735
3,452.0602,865.7428,175,15.886518
3,821.7348,865.1809,92,6.843168
3,927.5684,865.6622,107,8.428606
3,576.3236,864.9887,66,4.428466
3,81.4197,865.7467,71,4.751771
3,120.7000,866.5696,99,7.688940
3,385.2087,867.0229,91,6.796018
3,785.4092,865.0193,49,2.927670
3,956.8278,867.3337,100,8.036050
3,986.6956,867.2817,98,7.776441
3,282.7159,869.3041,152,13.605053
3,1007.7589,867.8657,82,6.291783
3,305.8927,868.3181,77,5.626861
3,839.2953,868.1592,72,4.991264
3,614.5279,868.5044,56,3.697371
3,750.5458,868.3741,39,2.028565
3,726.9350,870.7033,100,8.215162
3,884.4677,870.9744,88,6.617332
3,145.4413,873.8430,128,11.129660
3,400.3231,873.2826,96,7.345534
3,0.2626,876.9512,132,10.478437
3,417.1361,871.9451,46,2.627266
3,564.1574,874.0669,76,5.367107
3,211.1390,875.2382,107,8.644841
3,706.4492,877.6118,187,14.555273
3,765.2997,875.2207,89,6.720133
3,92.9878,874.7634,67,4.262594
3,191.6883,875.3755,75,5.321491
3,260.1858,875.6329,77,5.267578
3,334.2343,875.3738,68,4.707215
3,628.4216,877.2052,89,6.603553
3,31.1977,880.2809,136,10.905893
3,63.0722,877.7541,70,4.725852
3,174.4177,878.4328,121,10.012988
3,436.0176,878.3019,100,7.823103
3,236.2682,883.5881,186,13.235404
3,904.6831,879.2975,113,9.199316
3,597.6932,881.0327,204,17.291238
3,741.1817,879.2587,81,5.716710
3,317.8950,881.2640,96,7.534273
3,369.4695,880.3765,77,5.406564
3,490.1603,881.1142,90,6.632479
3,945.0132,880.8206,97,7.133164
3,351.6788,882.2831,115,9.288926
3,470.1154,882.6141,106,8.837668
3,533.1364,881.8236,108,8.811828
3,781.1158,882.3559,115,9.440376
3,866.6852,882.5451,115,9.603300
3,105.4610,881.6756,68,4.415504
3,506.9240,882.1763,63,3.993807
3,830.7106,882.4246,62,4.105962
3,848.4585,881.1626,54,3.242624
3,971.3075,884.2449,164,14.476757
3,123.9237,884.9635,137,11.597103
3,923.7483,884.9226,113,9.618561
3,15.8454,883.7943,51,3.089216
3,299.5221,882.5219,30,1.113663
3,384.3163,882.5926,22,0.802882
3,812.7686,884.8608,96,7.216133
3,1000.1948,886.3016,163,14.744303
3,550.3481,885.2504,64,4.260889
3,663.9639,882.4955,12,0.239796
3,797.1736,886.0409,85,5.977849
3,78.3794,887.7916,120,10.562887
3,273.9233,888.5186,128,10.668232
3,413.4926,887.1316,77,5.465804
3,570.5573,887.3570,78,5.161807
3,49.4011,889.3193,103,8.126499
3,889.9839,895.8367,164,11.217237
3,682.8765,891.1777,61,3.627452
3,331.8899,893.5175,103,8.165707
3,428.6943,892.3291,58,3.776904
3,450.3371,893.1338,114,9.255864
3,662.1306,894.1356,81,5.549004
3,188.9112,894.4882,116,9.482718
3,645.9535,893.9867,98,7.780245
3,763.5761,894.1896,92,7.494403
3,290.3537,893.3845,52,3.245832
3,398.2813,893.7659,69,4.689035
3,730.0990,894.7815,96,7.593997
3,840.2356,894.6618,76,5.323806
3,949.9013,892.9502,28,1.050114
3,148.6437,898.2235,158,13.706614
3,520.3203,895.9224,89,6.795320
3,584.3654,895.4508,80,5.651247
3,622.5062,898.7667,176,14.138470
3,205.0043,895.8120,66,4.254581
3,380.7282,896.6557,88,6.841712
3,746.7340,896.5667,56,3.629649
3,909.4013,896.3817,39,2.079082
3,3.0653,901.3037,189,17.558680
3,225.9734,898.9435,103,8.461802
3,257.9416,898.1259,62,4.010188
3,501.6457,899.8572,125,10.479900
3,304.7922,900.9288,139,12.457824
3,476.6682,899.0281,99,7.818068
3,860.2855,900.2328,117,9.917639
3,363.0334,899.8947,70,5.151659
3,713.1868,902.2344,124,10.540060
3,820.2452,900.4396,70,4.533902
3,63.4710,902.1179,100,7.726617
3,169.5669,906.7258,190,16.363494
3,347.4779,899.5403,30,1.095511
3,543.0485,902.8256,175,15.184706
3,693.5781,902.3184,88,6.967025
3,37.4847,909.0274,199,14.527552
3,89.7347,901.3415,47,2.447445
3,105.6571,904.9990,164,14.704179
3,961.1510,903.5049,120,9.961852
3,130.3653,904.9471,126,10.846611
3,925.2800,903.4213,86,6.556347
3,602.4988,905.3056,89,6.907809
3,978.8634,903.9160,67,4.192870
3,993.8995,901.9179,22,0.889037
3,566.7707,905.7945,82,3.699539
3,800.6314,907.2209,131,11.555022
3,243.6532,908.2432,99,7.998579
3,415.6583,906.6808,135,8.254813
3,441.0030,906.8058,66,4.260930
3,278.7293,911.6820,104,6.531888
3,675.9725,909.0833,85,6.062095
3,779.6568,912.0501,177,16.424076
3,942.7884,910.8252,121,10.055653
3,210.3027,910.3985,80,5.663189
3,390.4921,909.6900,52,3.207117
3,456.9195,908.8005,40,1.989150
3,22.4036,910.4288,49,2.565163
3,637.6155,918.6944,162,10.567021
3,754.5143,911.4957,82,5.891915
3,839.0608,914.8638,179,13.923684
3,1006.2576,911.4862,78,5.697727
3,78.8819,911.9005,67,4.573109
3,321.6194,913.1261,105,8.480719
3,353.4816,911.4122,46,2.360173
3,584.6087,911.4349,52,3.015562
3,656.9874,912.4915,82,6.175068
3,878.1112,913.1766,99,7.883296
3,732.9432,914.2058,131,9.553076
3,907.1924,915.1509,94,7.486935
3,990.6306,914.1445,58,3.286389
3,260.9936,916.3408,99,7.739832
3,339.0302,916.1501,94,6.993362
3,372.7211,915.3951,73,4.906429
3,512.5421,918.3214,146,12.880850
3,188.0681,920.8591,169,15.597445
3,293.7484,916.5486,32,1.494048
3,474.3664,918.7041,165,14.068439
3,701.0709,918.1988,72,5.083450
3,60.1136,916.5064,15,0.371329
3,813.8483,919.2056,81,6.121525
3,860.0758,919.5981,69,4.705126
3,1016.7045,924.0005,144,9.860679
3,972.9347,920.9063,88,6.286404
3,403.1969,921.6332,79,5.600863
3,538.4401,923.4516,155,13.899089
3,97.9294,927.4322,174,13.021267
3,227.1726,922.7607,108,8.640603
3,569.9894,924.3140,155,12.985900
3,893.2447,923.1653,86,6.419394
3,924.6477,923.9720,110,8.867844
3,446.0757,924.6961,107,8.841622
3,599.2455,927.5087,169,14.492527
3,126.4825,925.1354,113,9.194643
3,683.2923,925.4951,106,8.374966
3,425.3428,927.4772,164,15.275635
3,18.1295,927.1875,107,8.772992
3,50.6274,927.6165,117,9.634061
3,73.9177,926.8735,90,6.523701
3,144.3408,927.3242,114,9.578603
3,244.0465,924.7364,32,1.455757
3,305.2991,928.8992,122,10.537512
3,363.0220,927.8373,99,7.457307
3,751.9114,926.3779,42,2.345724
3,209.3688,929.0722,97,7.374107
3,386.7079,930.5068,140,12.148514
3,619.1507,929.4195,85,6.104886
3,663.3032,930.9517,112,9.531183
3,714.5762,930.5940,106,7.364561
3,163.4021,931.6884,109,8.832639
3,284.8354,930.9577,82,5.860881
3,327.4080,932.5495,123,11.028337
3,765.3782,931.3616,82,6.277712
3,799.6965,931.8447,95,7.411864
3,942.4259,932.3127,112,9.288066
3,959.7936,931.1749,65,4.211484
3,994.6542,931.2129,72,5.046768
3,266.6542,932.3911,87,6.777313
3,826.9827,934.3110,154,13.852300
3,488.2317,938.4008,184,16.504045
3,522.8517,934.4196,62,4.176861
3,735.9374,935.1258,123,10.432825
3,856.2398,933.5812,42,2.198259
3,877.8472,936.3477,134,8.816044
3,698.4178,934.6922,60,4.041502
3,783.9391,935.7322,82,5.961771
3,908.8132,935.4726,78,5.405805
3,349.7338,936.6903,84,6.391183
3,551.5204,935.8722,74,4.935592
3,458.4120,939.7767,175,15.273582
3,643.9275,939.0868,107,8.841095
3,978.7632,938.5986,93,7.259379
3,242.4216,941.1745,139,12.697044
3,179.8267,941.0106,83,6.149362
3,406.9818,942.0497,101,8.324110
3,583.6863,943.5165,128,9.780422
3,118.2472,943.2503,128,11.309306
3,508.3752,942.6477,93,7.090677
3,10.7613,944.0193,113,9.593384
3,32.4323,945.5485,140,11.983711
3,60.2322,943.4587,86,6.663064
3,80.0897,944.5775,115,8.543791
3,218.6355,944.1832,115,9.535610
3,676.1816,943.2441,64,4.136820
3,845.9858,944.2503,98,7.654508
3,1006.1627,944.3137,103,8.505749
3,148.3317,945.2472,77,5.550299
3,612.5205,946.1912,97,7.538235
3,897.8368,945.9430,79,5.688690
3,196.8429,948.4469,94,7.264319
3,771.7118,948.4366,94,7.203393
3,282.9801,949.2979,98,7.545951
3,750.2333,950.5195,150,13.291222
3,941.4915,950.0244,116,9.654970
3,302.8658,950.6837,127,11.022988
3,564.0216,952.2373,119,8.888619
3,968.6672,952.7967,154,12.464845
3,260.6985,953.5814,160,14.621523
3,340.7688,951.1619,107,8.359468
3,387.2821,952.5338,114,9.030568
3,425.9865,951.3607,136,11.623025
3,700.8871,950.8045,82,5.735240
3,803.8021,955.1404,181,14.953783
3,865.6532,951.4808,122,10.536265
3,320.6104,950.6956,50,2.837867
3,524.9861,952.5716,99,7.571678
3,728.3149,951.5238,82,5.953163
3,919.2612,954.7258,161,14.647801
3,101.0543,954.3573,99,7.809476
3,361.1388,963.1858,275,23.405924
3,543.6957,958.1033,161,14.370442
3,651.5393,955.6096,129,10.830410
3,134.4753,955.3285,63,4.273760
3,161.0587,953.6112,36,1.644287
3,472.4957,955.9803,108,8.433618
3,829.8208,961.8486,192,13.577984
3,1017.5024,957.9460,114,9.452185
3,45.8922,957.5355,84,6.084176
3,669.1016,957.1989,67,4.478225
3,788.3793,955.7312,34,1.540440
3,996.8120,966.8433,264,22.087196
3,178.8384,959.2338,124,10.603633
3,627.3737,959.4095,115,9.335276
3,712.6230,957.2504,49,2.501995
3,495.6700,956.4074,15,0.441364
3,687.2780,960.8002,127,10.942600
3,886.7181,961.3147,143,12.182076
3,61.8153,959.9456,74,5.361445
3,84.3473,960.4512,80,5.618444
3,605.0843,961.0103,87,6.332510
3,210.9224,961.8041,95,7.545044
3,453.1380,961.5128,96,7.726953
3,586.6917,962.1543,86,6.261087
3,11.1401,961.4581,49,2.928808
3,232.2035,962.9232,108,8.863834
3,399.2382,966.2168,129,8.349717
3,507.2410,962.7978,88,6.384575
3,149.4956,963.1272,82,6.276072
3,851.9740,964.3806,92,6.868654
3,955.6854,962.4749,40,2.004579
3,117.7517,965.4906,109,8.864832
3,776.7763,964.5543,82,5.930560
3,903.8823,963.6782,18,0.567036
3,28.0832,971.9875,164,13.495995
3,273.9005,968.0949,106,8.233102
3,726.3029,967.4547,76,5.263433
3,337.2488,969.2734,101,8.320783
3,437.5509,968.1737,59,3.848111
3,300.9977,969.6132,96,7.542636
3,418.0855,970.3436,108,9.208293
3,932.7395,970.5545,93,7.443040
3,320.3621,972.1133,106,8.456622
3,555.2520,975.9783,163,10.506134
3,522.3185,974.3949,130,11.678234
3,815.0683,971.5787,60,3.957297
3,482.8857,973.9611,102,8.182157
3,196.3612,975.3915,122,10.737062
3,247.7526,977.2292,150,12.810313
3,378.7823,975.4801,106,8.463704
3,661.8527,973.1896,39,1.803571
3,709.0116,974.1350,73,5.244980
3,949.5703,974.1173,71,4.783219
3,79.7543,975.3750,70,4.801749
3,136.1005,976.1657,94,7.301142
3,644.9409,976.2309,123,10.540779
3,100.1922,985.8396,207,16.301866
3,167.7515,977.1981,163,13.886879
3,583.0941,982.6127,173,12.393192
3,620.2673,979.2771,148,11.638638
3,742.9195,979.1745,150,13.230677
3,972.4442,978.1472,156,13.844505
3,1.9406,978.5242,148,12.682184
3,63.0381,978.1621,95,7.393959
3,675.1673,982.2510,181,15.326328
3,765.1969,979.4585,133,11.297057
3,866.7770,978.7890,121,10.166318
3,47.0168,979.0615,89,6.255178
3,497.1674,977.9901,77,5.309297
3,898.1448,978.1916,67,4.399367
3,600.3334,978.7814,64,4.411842
3,221.8449,981.8632,139,12.167719
3,287.9069,988.6204,162,11.368724
3,460.6767,982.1656,216,18.267189
3,787.3426,981.6733,96,7.632933
3,913.3355,983.3350,123,10.616781
3,433.9400,983.7824,98,7.832110
3,118.6958,985.1540,82,6.060740
3,306.7872,982.7997,23,0.888379
3,721.1657,984.1972,79,5.942236
3,849.2047,985.1112,101,7.683153
3,806.2891,985.8029,103,8.445746
3,697.9555,986.6541,93,7.194407
3,830.3079,994.4951,213,16.662992
3,401.4302,989.4989,107,8.401495
3,885.1944,990.4296,132,11.529835
3,269.0953,994.0392,167,13.704200
3,509.8780,989.9406,88,6.563018
3,184.0648,988.8314,33,1.405549
3,542.8566,992.0807,121,9.998455
3,321.1324,992.6326,104,8.519567
3,345.6306,993.2680,142,12.615365
3,363.2552,988.6290,14,0.306732
3,945.7268,991.2258,92,6.724824
3,38.4180,991.3192,39,2.100611
3,135.1626,991.9678,49,3.044148
3,153.4744,993.0970,128,10.631906
3,235.1197,991.0727,47,2.761170
3,568.0494,995.6592,155,13.498235
3,16.8740,998.1800,179,12.159337
3,83.6547,993.6070,88,6.895805
3,197.5508,992.8461,53,3.233208
3,929.0227,994.1622,116,9.479452
3,378.3616,995.8317,141,12.321224
3,610.7380,991.2464,15,0.397995
3,981.8404,995.7199,132,11.317481
3,1014.8371,997.9613,200,13.797433
3,478.1138,995.4666,63,4.035936
3,643.8779,997.4587,205,15.411519
3,419.4717,998.3719,143,12.546941
3,753.7005,999.4211,170,14.420661
3,775.2477,994.3029,13,0.283494
3,66.1335,997.8829,69,5.040687
3,248.5680,998.8711,79,5.860927
3,524.1387,999.2713,93,7.121342
3,791.9941,999.3890,94,7.355155
3,176.3381,999.8320,82,6.094075
3,212.2507,1000.5311,114,9.396762
3,686.0010,999.5936,71,4.969644
3,708.7886,1000.7404,112,9.013514
3,306.1740,1001.5089,108,8.648312
3,496.2663,1001.4960,101,7.903937
3,451.5712,1002.1756,47,2.615809
3,597.8620,1004.7762,139,12.219153
3,869.4700,1003.3814,62,4.155531
3,960.6308,1005.5327,150,13.320668
3,51.7993,1005.1922,96,7.217878
3,124.9365,1005.7233,129,10.938325
3,726.9550,1009.9887,196,14.914826
3,897.7459,1003.3737,56,3.307222
3,910.9059,1001.7421,22,0.814779
3,437.9164,1005.4406,76,5.312731
3,466.0821,1004.5499,59,3.606415
3,812.0393,1006.6107,113,9.627059
3,359.3956,1006.6923,89,6.928034
3,396.1116,1006.4435,61,4.174394
3,618.5123,1007.7641,133,11.671365
3,34.9613,1008.1913,108,8.761574
3,673.5284,1006.7023,63,4.113461
3,998.5498,1008.1345,104,8.097799
3,773.5315,1008.6130,71,4.815427
3,292.2693,1008.7865,29,1.209299
3,337.0443,1010.0655,68,4.472121
3,83.6773,1010.9860,65,4.454945
3,144.3130,1010.5366,52,3.203437
3,483.2701,1008.2164,14,0.366834
3,537.8028,1012.2938,108,8.784024
3,856.1881,1012.3946,99,7.702074
3,934.1522,1010.9247,66,4.393886
3,161.5975,1013.8273,110,8.820398
3,187.7792,1012.6429,95,7.406916
3,226.0539,1013.8813,126,10.475820
3,884.8107,1012.0548,71,5.049220
3,260.7205,1014.4193,114,9.153279
3,322.6452,1013.5906,93,6.693296
3,657.6249,1014.6303,127,10.945461
3,102.3765,1016.4896,127,10.893086
3,554.9687,1015.8269,80,5.910965
3,978.0937,1014.7028,29,1.195379
3,242.7390,1017.6244,81,5.889513
3,571.5264,1017.4001,86,6.294128
3,838.6362,1016.6550,66,4.244413
3,457.8987,1017.8358,67,4.558632
3,518.2638,1018.4372,87,6.553923
3,635.1496,1016.8606,34,1.515611
3,703.8462,1017.4068,18,0.511491
